order_id,order_date,customer_id,store_id,product_id,product_name,category,qty,unit_price,discount_pct,discount_amount,total_price,payment_method,order_status,city
ORD01021,2024-08-13,CST0008,STR028,PRD0043,Tas Sekolah Anak SD,Perlengkapan Bayi & Anak,1,103400.0,15.0,15500.0,87900.0,QRIS,delivered,Palembang
ORD04039,2023-10-08,CST0147,STR035,PRD0006,Jaket Bomber,Fashion & Pakaian,1,321800.0,0.0,0.0,321800.0,LinkAja,cancelled,Surabaya
ORD03317,2024-11-07,CST0744,STR016,PRD0054,Lukisan Kanvas UMKM,Kerajinan & Souvenir,2,2068000.0,0.0,0.0,413600.0,GoPay,cancelled,Medan
ORD02869,2023-02-08,CST0234,STR031,PRD0004,Celana Chino Pria,Fashion & Pakaian,2,164500.0,15.0,49400.0,279700.0,COD,delivered,Palembang
ORD03448,2023-06-26,CST0782,STR042,PRD0052,Gelang Batok Kelapa,Kerajinan & Souvenir,1,24900.0,0.0,0.0,24900.0,GoPay,cancelled,Bogor
ORD00428,2024-10-07,CST0223,STR035,PRD0050,Botol Infuser Air,Olahraga & Outdoor,2,64000.0,0.0,0.0,128000.0,ShopeePay,processing,Surabaya
ORD04650,2024-06-03,CST0834,STR033,PRD0048,Tali Skipping Premium,Olahraga & Outdoor,2,60300.0,5.0,6000.0,114500.0,Alfamart,delivered,Depok
ORD01439,2024-12-24,CST0990,STR042,PRD0001,Batik Tulis Premium,Fashion & Pakaian,2,302200.0,10.0,60400.0,544000.0,Transfer BRI,delivered,Bogor
ORD01236,2024-11-01,CST0646,STR016,PRD0020,Lip Cream Matte Halal,Kecantikan & Perawatan,1,44900.0,5.0,2200.0,42600.0,Dana,returned,Medan
ORD03263,2024-02-27,CST0517,STR048,PRD0023,Shampo Kemiri Organik,Kecantikan & Perawatan,2,67800.0,15.0,20400.0,115300.0,ShopeePay,delivered,Surabaya
ORD04237,2024-10-15,CST0859,STR020,PRD0029,Lampu LED Ring Light,Elektronik & Aksesori,4,164400.0,10.0,65800.0,591800.0,COD,cancelled,Bandung
ORD01613,2023-08-04,CST0185,STR029,PRD0008,Sandal Kulit Handmade,Fashion & Pakaian,3,140400.0,0.0,0.0,421100.0,Dana,delivered,Bandung
ORD00320,2024-06-08,CST0977,STR027,PRD0019,Sabun Sirih Herbal,Kecantikan & Perawatan,1,26500.0,10.0,2600.0,23800.0,COD,delivered,Depok
ORD01601,2024-08-07,CST0551,STR035,PRD0016,Rendang Kemasan Vacuum,Makanan & Minuman,3,135800.0,0.0,0.0,407400.0,Indomaret,processing,Surabaya
ORD01398,2023-10-26,CST0665,STR012,PRD0029,Lampu LED Ring Light,Elektronik & Aksesori,1,180700.0,5.0,9000.0,171700.0,LinkAja,cancelled,Depok
ORD02856,2023-06-10,CST0050,STR035,PRD0038,Talenan Kayu Jati,Rumah Tangga,2,84500.0,10.0,16900.0,152100.0,Alfamart,delivered,Surabaya
ORD02371,2024-03-15,CST0056,STR018,PRD0008,Sandal Kulit Handmade,Fashion & Pakaian,1,140000.0,0.0,0.0,140000.0,LinkAja,delivered,Makassar
ORD00102,2024-12-04,CST0047,STR002,PRD0004,Celana Chino Pria,Fashion & Pakaian,1,151200.0,10.0,15100.0,136000.0,Dana,returned,Medan
ORD02647,2023-05-29,CST0748,STR010,PRD0028,Holder HP Mobil,Elektronik & Aksesori,1,64800.0,0.0,0.0,64800.0,Alfamart,delivered,Palembang
ORD04768,2023-12-09,CST0283,STR038,PRD0046,Botol Susu Anti-Kolik,Perlengkapan Bayi & Anak,4,95800.0,15.0,57500.0,325900.0,QRIS,returned,Semarang
ORD05447,2023-05-28,CST0410,STR014,PRD0051,Topi Running,Olahraga & Outdoor,3,50300.0,0.0,0.0,150800.0,OVO,cancelled,Makassar
ORD00298,2024-04-13,CST0661,STR032,PRD0052,Gelang Batok Kelapa,Kerajinan & Souvenir,1,24700.0,0.0,0.0,24700.0,OVO,delivered,Bogor
ORD02585,2024-12-18,CST0096,STR013,PRD0048,Tali Skipping Premium,Olahraga & Outdoor,1,52400.0,5.0,2600.0,49800.0,Transfer BRI,delivered,Depok
ORD02555,2023-06-22,CST0071,STR039,PRD0042,Mainan Edukasi Kayu,Perlengkapan Bayi & Anak,1,84000.0,10.0,8400.0,75600.0,Dana,delivered,Bandung
ORD02743,2023-05-31,CST0341,STR040,PRD0046,Botol Susu Anti-Kolik,Perlengkapan Bayi & Anak,5,99400.0,10.0,49700.0,447500.0,Transfer Mandiri,returned,Tangerang
ORD04954,2023-05-31,CST0039,STR014,PRD0010,Sambal Bawang Homemade,Makanan & Minuman,1,32300.0,20.0,6500.0,25800.0,Dana,delivered,Makassar
ORD00080,2024-07-04,CST0024,STR002,PRD0055,Gantungan Kunci Batik,Kerajinan & Souvenir,1,12800.0,10.0,1300.0,11600.0,COD,cancelled,
ORD04735,2024-04-23,CST0374,STR007,PRD0006,Jaket Bomber,Fashion & Pakaian,2,317300.0,0.0,0.0,634600.0,LinkAja,delivered,Bogor
ORD01906,2024-12-03,CST0207,STR048,PRD0041,Baju Bayi Newborn Set,Perlengkapan Bayi & Anak,5,139600.0,10.0,69800.0,628200.0,OVO,delivered,Surabaya
ORD00894,2023-10-01,CST0499,STR026,PRD0037,Botol Minum Tumbler,Rumah Tangga,2,78400.0,15.0,23500.0,133200.0,OVO,returned,Bandung
ORD00168,2023-12-07,CST0915,STR005,PRD0010,Sambal Bawang Homemade,Makanan & Minuman,4,35800.0,10.0,14300.0,129000.0,COD,delivered,Medan
ORD03464,2023-11-03,CST0083,STR006,PRD0002,Kaos Polos Cotton Combed,Fashion & Pakaian,10,53900.0,0.0,0.0,538700.0,Transfer BCA,cancelled,Depok
ORD04382,2023-02-20,CST0631,STR026,PRD0051,Topi Running,Olahraga & Outdoor,3,53100.0,0.0,0.0,159200.0,QRIS,delivered,Bandung
ORD02108,2023-04-29,CST0642,STR038,PRD0021,Sunscreen SPF50 Lokal,Kecantikan & Perawatan,1,97100.0,0.0,0.0,97100.0,COD,cancelled,Semarang
ORD03751,2023-12-01,CST0688,STR026,PRD0016,Rendang Kemasan Vacuum,Makanan & Minuman,1,136500.0,15.0,20500.0,116000.0,Dana,processing,Bandung
ORD01979,2023-09-02,CST0074,STR045,PRD0051,Topi Running,Olahraga & Outdoor,10,44900.0,5.0,22500.0,426900.0,LinkAja,returned,
ORD01023,2023-02-10,CST0653,STR043,PRD0005,Dress Casual Wanita,Fashion & Pakaian,1,155500.0,5.0,7800.0,147700.0,Transfer BRI,processing,Surabaya
ORD02095,2023-07-19,CST0546,STR006,PRD0047,Kaos Olahraga Dryfit,Olahraga & Outdoor,1,82800.0,20.0,16600.0,66200.0,QRIS,returned,Depok
ORD05096,2024-12-03,CST0260,STR032,PRD0025,Powerbank 10000mAh,Elektronik & Aksesori,1,134300.0,5.0,6700.0,127600.0,Transfer BRI,delivered,Bogor
ORD00897,2024-12-01,CST0785,STR003,PRD0014,Madu Hutan Asli 500ml,Makanan & Minuman,1,188700.0,15.0,28300.0,160400.0,OVO,cancelled,Depok
ORD02952,2023-08-09,CST0291,STR049,PRD0049,Matras Yoga 6mm,Olahraga & Outdoor,1,145700.0,5.0,7300.0,138400.0,Transfer Mandiri,processing,Makassar
ORD00627,2023-01-22,CST0716,STR001,PRD0002,Kaos Polos Cotton Combed,Fashion & Pakaian,4,46000.0,10.0,18400.0,165600.0,OVO,delivered,Surabaya
ORD01570,2024-01-26,CST0014,STR012,PRD0056,Topeng Kayu Dekorasi,Kerajinan & Souvenir,3,102300.0,0.0,0.0,306900.0,OVO,delivered,Depok
ORD05149,2024-06-21,CST0490,STR028,PRD0033,Tempat Makan Tupperware KW,Rumah Tangga,1,52100.0,5.0,2600.0,49500.0,Transfer Mandiri,cancelled,Palembang
ORD00231,2024-10-22,CST0291,STR049,PRD0052,Gelang Batok Kelapa,Kerajinan & Souvenir,2,23500.0,10.0,4700.0,42400.0,ShopeePay,returned,Makassar
ORD05297,2024-11-15,CST0281,STR037,PRD0027,Earphone Bluetooth TWS,Elektronik & Aksesori,3,134600.0,5.0,20200.0,383700.0,COD,returned,Depok
ORD00810,2023-10-07,CST0261,STR050,PRD0018,Masker Wajah Clay BPOM,Kecantikan&Perawatan,1,55700.0,,0.0,55700.0,,cancelled,Medan
ORD00081,2024-09-29,CST0101,STR012,PRD0012,Teh Herbal Jahe Merah,Makanan & Minuman,3,39100.0,10.0,11700.0,105500.0,GoPay,cancelled,Depok
ORD03482,2023-12-15,CST0032,STR046,PRD0054,Lukisan Kanvas UMKM,Kerajinan & Souvenir,2,190700.0,5.0,19100.0,362400.0,GoPay,cancelled,Medan
ORD03255,2023-10-12,CST0635,STR013,PRD0004,Celana Chino Pria,Fashion & Pakaian,3,156400.0,0.0,0.0,469100.0,Dana,processing,Depok
ORD01925,2024-05-13,CST0321,STR019,PRD0053,Tas Anyaman Pandan,Kerajinan & Souvenir,4,95300.0,0.0,0.0,381200.0,Dana,delivered,Surabaya
ORD00904,2023-11-24,CST0361,STR025,PRD0033,Tempat Makan Tupperware KW,Rumah Tangga,1,52600.0,15.0,7900.0,44700.0,Transfer Mandiri,delivered,Tangerang
ORD00556,2023-05-04,CST0743,STR015,PRD0010,Sambal Bawang Homemade,Makanan & Minuman,3,34600.0,20.0,20800.0,83100.0,LinkAja,delivered,Jakarta
ORD00426,2024-12-16,CST0373,STR031,PRD0034,Sapu Lantai Ijuk,Rumah Tangga,1,23700.0,5.0,1200.0,22500.0,Alfamart,returned,Palembang
ORD03525,2023-05-20,CST0289,STR011,PRD0056,Topeng Kayu Dekorasi,Kerajinan & Souvenir,2,101200.0,5.0,10100.0,192400.0,Alfamart,processing,Bogor
ORD02482,2024-04-15,CST0586,STR025,PRD0006,Jaket Bomber,Fashion & Pakaian,1,323300.0,0.0,0.0,323300.0,Transfer Mandiri,delivered,Tangerang
ORD01159,2023-01-29,CST0701,STR003,PRD0054,Lukisan Kanvas UMKM,Kerajinan & Souvenir,1,206000.0,5.0,10300.0,195700.0,Transfer BRI,processing,Depok
ORD02630,2023-07-19,CST0372,STR041,PRD0026,Kabel Data Type-C 1m,Elektronik & Aksesori,1,38100.0,0.0,0.0,38100.0,QRIS,processing,Semarang
ORD02043,2023-11-26,CST0451,STR012,PRD0021,Sunscreen SPF50 Lokal,Kecantikan & Perawatan,2,93400.0,25.0,46700.0,140100.0,Transfer BCA,delivered,Depok
ORD04315,2024-05-06,CST0142,STR015,PRD0036,Gantungan Baju Kayu,Rumah Tangga,1,21700.0,0.0,0.0,21700.0,ShopeePay,processing,Jakarta
ORD02562,2023-08-10,CST0471,STR049,PRD0046,Botol Susu Anti-Kolik,Perlengkapan Bayi & Anak,1,108800.0,10.0,10900.0,97900.0,Dana,returned,Makassar
ORD02477,2024-01-11,CST0852,STR006,PRD0010,Sambal Bawang Homemade,Makanan & Minuman,1,32000.0,15.0,4800.0,27200.0,Transfer BCA,processing,
ORD00133,2023-03-08,CST0416,STR005,PRD0037,Botol Minum Tumbler,Rumah Tangga,1,78600.0,10.0,7900.0,70700.0,LinkAja,delivered,Medan
ORD02808,2023-09-11,CST0832,STR004,PRD0002,Kaos Polos Cotton Combed,Fashion & Pakaian,3,50600.0,5.0,7600.0,144100.0,Transfer Mandiri,cancelled,Jakarta
ORD02060,2024-06-22,CST0453,STR047,PRD0032,Charger Fast Charging,Elektronik & Aksesori,1,66200.0,0.0,0.0,66200.0,GoPay,delivered,Makassar
ORD00024,2023-06-12,CST0953,STR041,PRD0017,Skincare Serum Vit C Lokal,Kecantikan & Perawatan,2,98400.0,20.0,39400.0,157400.0,COD,delivered,Semarang
ORD01413,2024-07-19,CST0967,STR020,PRD0056,Topeng Kayu Dekorasi,Kerajinan & Souvenir,1,114900.0,10.0,11500.0,103400.0,OVO,delivered,Bandung
ORD02132,2023-03-16,CST0055,STR004,PRD0027,Earphone Bluetooth TWS,Elektronik & Aksesori,5,139700.0,5.0,34900.0,663600.0,Transfer BRI,delivered,Jakarta
ORD02264,2024-09-13,CST0197,STR004,PRD0007,Sepatu Sneakers Lokal,Fashion & Pakaian,4,283200.0,5.0,56600.0,1076300.0,COD,returned,Jakarta
ORD00325,2023-05-23,CST0643,STR037,PRD0017,Skincare Serum Vit C Lokal,Kecantikan & Perawatan,4,109800.0,0.0,0.0,439200.0,LinkAja,cancelled,Depok
ORD00178,2024-08-03,CST0722,STR025,PRD0049,Matras Yoga 6mm,Olahraga & Outdoor,3,161900.0,0.0,0.0,485800.0,Indomaret,processing,Tangerang
ORD03289,2023-05-13,CST0089,STR020,PRD0015,Dodol Garut Premium,Makanan & Minuman,1,43700.0,15.0,6600.0,37100.0,Indomaret,delivered,Bandung
ORD00878,2023-09-28,CST0073,STR033,PRD0003,Hijab Voal Motif,Fashion & Pakaian,3,61500.0,10.0,18500.0,166100.0,Transfer BCA,delivered,Depok
ORD02532,2024/08/06,CST0503,STR042,PRD0047,Kaos Olahraga Dryfit,Olahraga & Outdoor,5,72000.0,0.0,0.0,360100.0,QRIS,cancelled,Bogor
ORD02312,2023-11-04,CST0384,STR015,PRD0038,Talenan Kayu Jati,Rumah Tangga,1,86700.0,0.0,0.0,86700.0,ShopeePay,delivered,Jakarta
ORD03560,2023-09-16,CST0619,STR014,PRD0023,Shampo Kemiri Organik,Kecantikan & Perawatan,5,71100.0,10.0,35600.0,320100.0,Alfamart,delivered,Makassar
ORD02417,2024-07-04,CST0259,STR026,PRD0002,Kaos Polos Cotton Combed,Fashion & Pakaian,2,51600.0,25.0,25800.0,77500.0,Indomaret,returned,Bandung
ORD01783,2024-02-02,CST0399,STR043,PRD0016,Rendang Kemasan Vacuum,Makanan & Minuman,4,127000.0,10.0,50800.0,457200.0,LinkAja,returned,Surabaya
ORD02703,2024-12-27,CST0582,STR048,PRD0025,Powerbank 10000mAh,Elektronik & Aksesori,3,128300.0,5.0,19200.0,365700.0,QRIS,delivered,Surabaya
ORD03481,07/07/2024,CST0055,STR046,PRD0006,Jaket Bomber,Fashion & Pakaian,2,292400.0,0.0,0.0,584800.0,Transfer BRI,delivered,Medan
ORD04220,2024-05-22,CST0266,STR034,PRD0045,Buku Mewarnai + Crayon,Perlengkapan Bayi & Anak,1,32400.0,10.0,3200.0,29200.0,Transfer BRI,processing,Depok
ORD04952,2024-05-23,CST0347,STR023,PRD0015,Dodol Garut Premium,Makanan & Minuman,10,46800.0,25.0,116900.0,350700.0,COD,processing,Palembang
ORD04321,2023-01-28,CST0584,STR038,PRD0043,Tas Sekolah Anak SD,Perlengkapan Bayi & Anak,1,110500.0,5.0,5500.0,104900.0,GoPay,returned,Semarang
ORD00291,2023-02-11,CST0071,STR036,PRD0006,Jaket Bomber,Fashion & Pakaian,1,285500.0,5.0,14300.0,271200.0,OVO,returned,Tangerang
ORD05458,2024-03-17,CST0636,STR024,PRD0009,Keripik Tempe Renceng,Makanan & Minuman,3,15300.0,5.0,2300.0,43500.0,Transfer Mandiri,processing,Bogor
ORD01048,2024/09/14,CST0459,STR024,PRD0034,Sapu Lantai Ijuk,Rumah Tangga,2,25500.0,10.0,5100.0,45900.0,Indomaret,delivered,Bogor
ORD05031,2023-08-28,CST0885,STR013,PRD0037,Botol Minum Tumbler,Rumah Tangga,2,88700.0,15.0,26600.0,150900.0,Alfamart,processing,Depok
ORD03212,2024-02-03,CST0286,STR026,PRD0035,Lap Microfiber Set 3pcs,Rumah Tangga,2,31800.0,10.0,6400.0,57300.0,GoPay,delivered,Bandung
ORD04608,2024-09-19,CST0076,STR008,PRD0029,Lampu LED Ring Light,Elektronik & Aksesori,3,182200.0,0.0,0.0,546600.0,Transfer BRI,delivered,Palembang
ORD03329,2023-12-22,CST0005,STR030,PRD0017,Skincare Serum Vit C Lokal,Kecantikan & Perawatan,1,104700.0,0.0,0.0,104700.0,LinkAja,delivered,Surabaya
ORD05237,2023-08-22,CST0441,STR047,PRD0039,Keranjang Rotan Mini,Rumah Tangga,1,126300.0,0.0,0.0,126300.0,ShopeePay,cancelled,Makassar
ORD00535,2024-06-16,CST0528,STR004,PRD0028,Holder HP Mobil,Elektronik & Aksesori,3,55000.0,,8300.0,156900.0,ShopeePay,delivered,Jakarta
ORD05201,2023-09-02,CST0046,STR023,PRD0035,Lap Microfiber Set 3pcs,Rumah Tangga,1,31800.0,0.0,0.0,31800.0,Transfer BCA,processing,Palembang
ORD05497,2024-10-28,CST0244,STR022,PRD0009,Keripik Tempe Renceng,Makanan & Minuman,1,13600.0,10.0,1400.0,12200.0,,delivered,Jakarta
ORD04082,2024-02-21,CST0598,STR004,PRD0024,Parfum Roll-On Halal,Kecantikan & Perawatan,4,44900.0,10.0,17900.0,161500.0,ShopeePay,delivered,Jakarta
ORD03733,2024-05-12,CST0672,STR027,PRD0001,Batik Tulis Premium,Fashion & Pakaian,1,306800.0,0.0,0.0,306800.0,Dana,cancelled,Depok
ORD03978,2023-05-24,CST0211,STR027,PRD0020,Lip Cream Matte Halal,Kecantikan & Perawatan,1,48900.0,10.0,4900.0,44000.0,LinkAja,processing,Depok
ORD00712,2023-06-30,CST0862,STR033,PRD0010,Sambal Bawang Homemade,Makanan & Minuman,2,33100.0,5.0,3300.0,63000.0,Indomaret,delivered,Depok
ORD04020,2024-02-09,CST0681,STR031,PRD0044,Sepatu Anak Velcro,Perlengkapan Bayi & Anak,1,97000.0,0.0,0.0,97000.0,OVO,delivered,Palembang
ORD02517,2023-07-06,CST0540,STR025,PRD0030,Mouse Wireless USB,Elektronik & Aksesori,2,90400.0,15.0,27100.0,153700.0,QRIS,delivered,Tangerang
ORD00765,2023-11-17,CST0037,STR048,PRD0010,Sambal Bawang Homemade,Makanan & Minuman,5,34900.0,0.0,0.0,174700.0,GoPay,returned,Surabaya
ORD00402,2023-03-03,CST0287,STR024,PRD0015,Dodol Garut Premium,Makanan & Minuman,2,44100.0,0.0,0.0,88300.0,dana,processing,Bogor
ORD03356,07-03-2023,CST0837,STR016,PRD0014,Madu Hutan Asli 500ml,Makanan & Minuman,1,184100.0,15.0,27600.0,156500.0,QRIS,delivered,Medan
ORD05256,2023-02-26,CST0537,STR026,PRD0025,Powerbank 10000mAh,Elektronik & Aksesori,1,140900.0,15.0,21100.0,119800.0,GoPay,returned,Bandung
ORD01600,2023-05-26,CST0298,STR018,PRD0017,Skincare Serum Vit C Lokal,Kecantikan & Perawatan,2,110300.0,0.0,0.0,220600.0,Transfer BRI,processing,Makassar
ORD03492,2024-08-17,CST0720,STR014,PRD0020,Lip Cream Matte Halal,Kecantikan & Perawatan,1,47600.0,10.0,4800.0,42800.0,Alfamart,processing,Makassar
ORD01210,2023-01-07,CST0357,STR048,PRD0020,Lip Cream Matte Halal,Kecantikan & Perawatan,2,50400.0,0.0,0.0,100800.0,linkaja,returned,Surabaya
ORD01176,2023-03-15,CST0300,STR033,PRD0004,Celana Chino Pria,Fashion & Pakaian,2,176100.0,0.0,0.0,352200.0,Transfer BCA,returned,Depok
ORD05104,2023-02-04,CST0056,STR029,PRD0054,Lukisan Kanvas UMKM,Kerajinan & Souvenir,1,187300.0,15.0,28100.0,159200.0,QRIS,delivered,Bandung
ORD02901,2024-11-15,CST0796,STR044,PRD0002,Kaos Polos Cotton Combed,Fashion & Pakaian,1,45900.0,0.0,0.0,45900.0,Alfamart,processing,Tangerang
ORD00933,2024-05-27,CST0019,STR003,PRD0026,Kabel Data Type-C 1m,Elektronik & Aksesori,1,43900.0,10.0,4400.0,39500.0,Dana,processing,Depok
ORD00578,2023-12-16,CST0782,STR006,PRD0044,Sepatu Anak Velcro,Perlengkapan Bayi & Anak,1,103500.0,0.0,0.0,103500.0,Alfamart,delivered,Depok
ORD04731,2023-03-27,CST0704,STR039,PRD0054,Lukisan Kanvas UMKM,Kerajinan & Souvenir,4,204700.0,0.0,0.0,818600.0,QRIS,delivered,Bandung
ORD03934,2023-04-20,CST0941,STR025,PRD0006,Jaket Bomber,Fashion & Pakaian,1,283000.0,0.0,0.0,283000.0,Transfer BCA,cancelled,Tangerang
ORD01224,2023-08-26,CST0917,STR014,PRD0035,Lap Microfiber Set 3pcs,Rumah Tangga,4,33200.0,5.0,6600.0,126100.0,Indomaret,cancelled,Makassar
ORD01836,2024-09-20,CST0096,STR013,PRD0023,Shampo Kemiri Organik,Kecantikan & Perawatan,10,71100.0,5.0,35500.0,675000.0,OVO,delivered,Depok
ORD00347,2024-03-28,CST0688,STR029,PRD0018,Masker Wajah Clay BPOM,Kecantikan & Perawatan,4,53600.0,10.0,21500.0,193100.0,Transfer BCA,delivered,Bandung
ORD02573,2023-05-11,CST0279,STR019,PRD0020,Lip Cream Matte Halal,Kecantikan & Perawatan,3,43900.0,0.0,0.0,131600.0,ShopeePay,delivered,Surabaya
ORD00326,2024-06-21,CST0481,STR013,PRD0054,Lukisan Kanvas UMKM,Kerajinan & Souvenir,10,177900.0,20.0,355700.0,1422900.0,,delivered,Depok
ORD04366,2024-11-08,CST0459,STR045,PRD0041,Baju Bayi Newborn Set,Perlengkapan Bayi & Anak,-1,142500.0,5.0,7100.0,135300.0,Transfer Mandiri,delivered,Bogor
ORD00706,2023-12-06,CST0241,STR029,PRD0054,Lukisan Kanvas UMKM,Kerajinan & Souvenir,1,183000.0,0.0,0.0,183000.0,Indomaret,delivered,Bandung
ORD00009,2023-01-10,CST0538,STR047,PRD0052,Gelang Batok Kelapa,Kerajinan & Souvenir,3,267000.0,5.0,4000.0,76100.0,GoPay,returned,Makassar
ORD04630,2024-10-25,CST0597,STR009,PRD0047,Kaos Olahraga Dryfit,Olahraga & Outdoor,2,76400.0,0.0,0.0,152900.0,LinkAja,processing,Medan
ORD01545,2023-04-17,CST0751,STR009,PRD0010,Sambal Bawang Homemade,Makanan & Minuman,4,36000.0,15.0,21600.0,122400.0,LinkAja,returned,Medan
ORD02478,2023-10-28,CST0494,STR040,PRD0002,Kaos Polos Cotton Combed,Fashion & Pakaian,1,52500.0,0.0,0.0,52500.0,Transfer BRI,returned,Tangerang
ORD04355,2023-05-24,CST0474,STR007,PRD0022,Body Lotion Bengkoang,Kecantikan & Perawatan,2,48800.0,5.0,4900.0,92800.0,ShopeePay,cancelled,Bogor
ORD02549,2023-03-31,CST0571,STR016,PRD0022,Body Lotion Bengkoang,Kecantikan & Perawatan,1,55400.0,10.0,5500.0,49800.0,LinkAja,delivered,Medan
ORD02866,2024-09-09,CST0174,STR026,PRD0054,Lukisan Kanvas UMKM,Kerajinan & Souvenir,-1,187700.0,5.0,9400.0,178300.0,COD,delivered,Bandung
ORD00697,2024-02-02,CST0641,STR004,PRD0045,Buku Mewarnai + Crayon,Perlengkapan Bayi & Anak,3,34500.0,10.0,10300.0,93100.0,Transfer BCA,delivered,Jakarta
ORD01840,2024-03-30,CST0035,STR013,PRD0026,Kabel Data Type-C 1m,Elektronik & Aksesori,2,43800.0,0.0,0.0,87600.0,QRIS,cancelled,Depok
ORD02716,2024-08-16,CST0137,STR001,PRD0025,Powerbank 10000mAh,Elektronik & Aksesori,2,137600.0,10.0,27500.0,247700.0,Indomaret,cancelled,Surabaya
ORD00585,2023-10-15,CST0451,STR049,PRD0045,Buku Mewarnai + Crayon,Perlengkapan Bayi & Anak,3,32900.0,0.0,0.0,98700.0,QRIS,processing,Makassar
ORD00849,2023-07-11,CST0659,STR014,PRD0017,Skincare Serum Vit C Lokal,Kecantikan & Perawatan,1,113300.0,15.0,17000.0,96300.0,Alfamart,delivered,Makassar
ORD01420,2023-10-05,CST0849,STR001,PRD0005,Dress Casual Wanita,Fashion & Pakaian,2,160700.0,5.0,16100.0,305300.0,COD,delivered,Surabaya
ORD01040,2023-08-13,CST0178,STR033,PRD0003,Hijab Voal Motif,Fashion & Pakaian,5,61300.0,,15300.0,291000.0,QRIS,returned,Depok
ORD00034,2024-08-03,CST0726,STR028,PRD0054,Lukisan Kanvas UMKM,Kerajinan & Souvenir,1,188300.0,10.0,18800.0,169400.0,LinkAja,returned,Palembang
ORD05198,2024-02-08,CST0832,STR022,PRD0042,Mainan Edukasi Kayu,Perlengkapan Bayi & Anak,4,84000.0,10.0,33600.0,302500.0,,cancelled,Jakarta
ORD03899,2023-11-23,CST0973,STR050,PRD0015,Dodol Garut Premium,Makanan & Minuman,3,44100.0,10.0,13200.0,119100.0,QRIS,delivered,Medan
ORD02214,2024-05-02,CST0971,STR046,PRD0041,Baju Bayi Newborn Set,Perlengkapan Bayi & Anak,3,146000.0,0.0,0.0,438100.0,Transfer BRI,cancelled,Medan
ORD02925,2024-10-10,CST0351,STR005,PRD0054,Lukisan Kanvas UMKM,Kerajinan & Souvenir,1,185400.0,0.0,0.0,185400.0,QRIS,delivered,Medan
ORD00411,2023-05-24,CST0859,STR016,PRD0045,Buku Mewarnai + Crayon,Perlengkapan Bayi & Anak,1,32100.0,,1600.0,30500.0,OVO,returned,Medan
ORD05414,2024-01-26,CST0322,STR010,PRD0009,Keripik Tempe Renceng,Makanan & Minuman,4,13200.0,0.0,0.0,52700.0,Transfer BRI,returned,Palembang
ORD02100,2024-03-21,CST0884,STR013,PRD0021,Sunscreen SPF50 Lokal,Kecantikan & Perawatan,5,94500.0,5.0,23600.0,448700.0,OVO,delivered,Depok
ORD03551,2023-04-23,CST0444,STR022,PRD0031,Casing HP Anti Crack,Elektronik & Aksesori,2,30000.0,10.0,6000.0,54000.0,Transfer BRI,delivered,Jakarta
ORD01920,2024-11-02,CST0193,STR019,PRD0054,Lukisan Kanvas UMKM,Kerajinan & Souvenir,1,181200.0,0.0,0.0,181200.0,OVO,delivered,Surabaya
ORD01426,2023-08-07,CST0771,STR046,PRD0054,Lukisan Kanvas UMKM,Kerajinan & Souvenir,1,186700.0,10.0,18700.0,168000.0,Transfer Mandiri,delivered,Medan
ORD01993,2024-04-19,CST0179,STR040,PRD0035,Lap Microfiber Set 3pcs,Rumah Tangga,1,33900.0,15.0,5100.0,28800.0,Alfamart,cancelled,Tangerang
ORD03590,2024-08-20,CST0143,STR014,PRD0034,Sapu Lantai Ijuk,Rumah Tangga,5,24600.0,10.0,12300.0,110600.0,Indomaret,processing,Makassar
ORD01323,2024-04-14,CST0642,STR039,PRD0041,Baju Bayi Newborn Set,Perlengkapan Bayi & Anak,1,133500.0,10.0,13300.0,120100.0,ShopeePay,delivered,Bandung
ORD01262,2024-11-23,CST0901,STR047,PRD0027,Earphone Bluetooth TWS,Elektronik & Aksesori,1,142700.0,15.0,21400.0,121300.0,QRIS,processing,Makassar
ORD04462,2024-10-15,CST0100,STR014,PRD0031,Casing HP Anti Crack,Elektronik & Aksesori,10,29200.0,10.0,29200.0,262500.0,LinkAja,cancelled,Makassar
ORD02315,2023-07-29,CST0903,STR035,PRD0051,Topi Running,Olahraga & Outdoor,1,44900.0,0.0,0.0,44900.0,Indomaret,delivered,Surabaya
ORD02101,2023-05-12,CST0104,STR037,PRD0012,Teh Herbal Jahe Merah,Makanan & Minuman,2,44700.0,20.0,17900.0,71500.0,ShopeePay,delivered,Depok
ORD04399,2024-10-06,CST0277,STR019,PRD0040,Lilin Aromaterapi,Rumah Tangga,4,69900.0,10.0,28000.0,251600.0,Transfer Mandiri,returned,Surabaya
ORD01129,2024-07-01,CST0123,STR046,PRD0036,Gantungan Baju Kayu,Rumah Tangga,2,21400.0,20.0,8600.0,34300.0,COD,delivered,Medan
ORD04681,2024-12-07,CST0072,STR015,PRD0053,Tas Anyaman Pandan,Kerajinan & Souvenir,1,91600.0,0.0,0.0,91600.0,LinkAja,cancelled,Jakarta
ORD00806,2024-10-23,CST0466,STR044,PRD0019,Sabun Sirih Herbal,Kecantikan & Perawatan,1,25900.0,10.0,2600.0,23300.0,COD,returned,Tangerang
ORD01761,2023-07-30,CST0899,STR044,PRD0038,Talenan Kayu Jati,Rumah Tangga,4,86600.0,15.0,52000.0,294600.0,OVO,returned,Tangerang
ORD02595,2024-09-29,CST0131,STR032,PRD0009,Keripik Tempe Renceng,Makanan & Minuman,5,13300.0,0.0,0.0,66400.0,LinkAja,processing,Bogor
ORD03783,2024-06-11,CST0952,STR038,PRD0018,Masker Wajah Clay BPOM,Kecantikan & Perawatan,2,52400.0,5.0,5200.0,99600.0,Transfer BCA,returned,Semarang
ORD02581,2024-07-08,CST0685,STR019,PRD0053,Tas Anyaman Pandan,Kerajinan & Souvenir,-4,90300.0,0.0,0.0,361100.0,Dana,delivered,Surabaya
ORD03660,2024-02-19,CST0060,STR030,PRD0014,Madu Hutan Asli 500ml,Makanan & Minuman,1,167800.0,15.0,25200.0,142600.0,,delivered,Surabaya
ORD03489,2024-05-23,CST0761,STR047,PRD0017,Skincare Serum Vit C Lokal,Kecantikan & Perawatan,1,101700.0,5.0,5100.0,96600.0,COD,returned,Makassar
ORD04665,2024-12-06,CST0035,STR028,PRD0023,Shampo Kemiri Organik,Kecantikan & Perawatan,1,80500.0,10.0,8000.0,72400.0,ShopeePay,delivered,Palembang
ORD00419,2024-11-09,CST0619,STR001,PRD0006,Jaket Bomber,Fashion & Pakaian,3,278500.0,20.0,167100.0,668400.0,Indomaret,delivered,Surabaya
ORD05213,2024-01-05,CST0817,STR019,PRD0025,Powerbank 10000mAh,Elektronik & Aksesori,2,140800.0,5.0,14100.0,267500.0,,cancelled,Surabaya
ORD00554,2023-05-07,CST0101,STR029,PRD0042,Mainan Edukasi Kayu,Perlengkapan Bayi & Anak,2,73200.0,20.0,29300.0,117200.0,COD,returned,Bandung
ORD04406,2024-05-09,CST0356,STR041,PRD0005,Dress Casual Wanita,Fashion & Pakaian,1,168500.0,0.0,0.0,168500.0,Dana,cancelled,Semarang
ORD02252,2024-08-22,CST0822,STR038,PRD0056,Topeng Kayu Dekorasi,Kerajinan & Souvenir,1,105700.0,,5300.0,100400.0,Dana,delivered,Semarang
ORD04096,2024-05-15,CST0754,STR015,PRD0027,Earphone Bluetooth TWS,Elektronik & Aksesori,4,141100.0,5.0,28200.0,536100.0,Transfer BCA,returned,Jakarta
ORD04024,2024-08-24,CST0487,STR040,PRD0056,Topeng Kayu Dekorasi,Kerajinan & Souvenir,2,113200.0,0.0,0.0,226500.0,QRIS,returned,Tangerang
ORD03130,2024-03-30,CST0132,STR019,PRD0051,Topi Running,Olahraga & Outdoor,2,47200.0,5.0,4700.0,89600.0,COD,delivered,Surabaya
ORD02695,2024-12-23,CST0362,STR050,PRD0054,Lukisan Kanvas UMKM,Kerajinan & Souvenir,5,185000.0,5.0,46200.0,878600.0,LinkAja,delivered,Medan
ORD05116,2024-06-27,CST0195,STR005,PRD0027,Earphone Bluetooth TWS,Elektronik & Aksesori,1,136200.0,5.0,6800.0,129400.0,QRIS,processing,Medan
ORD03113,2024-05-26,CST0179,STR043,PRD0050,Botol Infuser Air,Olahraga & Outdoor,3,60500.0,0.0,0.0,181400.0,OVO,returned,Surabaya
ORD01781,2024-02-25,CST0533,STR015,PRD0010,Sambal Bawang Homemade,Makanan & Minuman,1,35600.0,5.0,1800.0,33900.0,Indomaret,delivered,Jakarta
ORD03622,2024-02-26,CST0173,STR010,PRD0038,Talenan Kayu Jati,Rumah Tangga,3,89200.0,0.0,0.0,267700.0,ShopeePay,returned,Palembang
ORD03270,2024-12-02,CST0223,STR045,PRD0031,Casing HP Anti Crack,Elektronik & Aksesori,1,32100.0,15.0,4800.0,27300.0,OVO,delivered,Bogor
ORD02314,2023-12-30,CST0234,STR034,PRD0054,Lukisan Kanvas UMKM,Kerajinan & Souvenir,2,201400.0,5.0,20100.0,382700.0,Transfer Mandiri,delivered,Depok
ORD00557,2023-09-09,CST0042,STR029,PRD0006,Jaket Bomber,Fashion & Pakaian,4,323900.0,5.0,64800.0,1231000.0,OVO,returned,Bandung
ORD03577,2023-04-09,CST0995,STR018,PRD0044,Sepatu Anak Velcro,Perlengkapan Bayi & Anak,1,88900.0,,4400.0,84400.0,Transfer Mandiri,delivered,Makassar
ORD02686,2024-10-12,CST0541,STR050,PRD0054,Lukisan Kanvas UMKM,Kerajinan & Souvenir,2,188600.0,5.0,18900.0,358400.0,Transfer BRI,delivered,Medan
ORD04387,2023-02-17,CST0814,STR001,PRD0037,Botol Minum Tumbler,Rumah Tangga,1,85400.0,5.0,4300.0,81200.0,Alfamart,delivered,Surabaya
ORD04188,2024-10-16,CST0317,STR026,PRD0049,Matras Yoga 6mm,Olahraga & Outdoor,1,162600.0,10.0,16300.0,146300.0,Dana,processing,Bandung
ORD04155,2023-04-16,CST0228,STR006,PRD0038,Talenan Kayu Jati,Rumah Tangga,1,96300.0,20.0,19300.0,77100.0,Alfamart,cancelled,Depok
ORD03342,2024-12-27,CST0562,STR028,PRD0007,Sepatu Sneakers Lokal,Fashion & Pakaian,2,292700.0,10.0,58500.0,526800.0,Transfer BCA,processing,Palembang
ORD01444,2024-06-27,CST0634,STR010,PRD0028,Holder HP Mobil,Elektronik & Aksesori,4,61700.0,0.0,0.0,246700.0,OVO,processing,Palembang
ORD00813,2024-08-08,CST0628,STR027,PRD0056,Topeng Kayu Dekorasi,Kerajinan & Souvenir,4,110900.0,10.0,44400.0,399300.0,GoPay,delivered,Depok
ORD02788,2024-10-29,CST0440,STR002,PRD0019,Sabun Sirih Herbal,Kecantikan & Perawatan,1,27500.0,0.0,0.0,27500.0,COD,delivered,Medan
ORD04606,2024-09-23,CST0947,STR027,PRD0009,Keripik Tempe Renceng,Makanan & Minuman,2,12900.0,0.0,0.0,25900.0,COD,cancelled,Depok
ORD03251,2024-09-07,CST0001,STR043,PRD0006,Jaket Bomber,Fashion & Pakaian,3,281900.0,0.0,0.0,845600.0,,returned,Surabaya
ORD03758,2024-12-16,CST0374,STR031,PRD0012,Teh Herbal Jahe Merah,Makanan & Minuman,1,45200.0,25.0,11300.0,33900.0,Alfamart,returned,Palembang
ORD04580,2024-08-20,CST0363,STR007,PRD0009,Keripik Tempe Renceng,Makanan & Minuman,1,15200.0,5.0,800.0,14400.0,Dana,delivered,Bogor
ORD02096,2024-06-01,CST0632,STR020,PRD0010,Sambal Bawang Homemade,Makanan & Minuman,1,32700.0,0.0,0.0,32700.0,Transfer BCA,cancelled,Bandung
ORD00316,2023-04-26,CST0579,STR016,PRD0050,Botol Infuser Air,Olahraga & Outdoor,3,67100.0,0.0,0.0,201200.0,COD,delivered,Medan
ORD01232,2023-08-13,CST0303,STR008,PRD0017,Skincare Serum Vit C Lokal,Kecantikan & Perawatan,1,1143000.0,0.0,0.0,114300.0,Transfer BRI,delivered,Palembang
ORD03784,2023-02-21,CST0921,STR049,PRD0039,Keranjang Rotan Mini,Rumah Tangga,1,121400.0,0.0,0.0,121400.0,Transfer BRI,returned,Makassar
ORD04976,2023-09-22,CST0498,STR039,PRD0033,Tempat Makan Tupperware KW,Rumah Tangga,3,48500.0,0.0,0.0,145500.0,Transfer BCA,delivered,Bandung
ORD02460,2024-07-29,CST0528,STR003,PRD0018,Masker Wajah Clay BPOM,Kecantikan & Perawatan,3,52000.0,5.0,7800.0,148100.0,LinkAja,returned,Depok
ORD03839,2023-07-22,CST0496,STR008,PRD0036,Gantungan Baju Kayu,Rumah Tangga,10,19400.0,5.0,9700.0,184200.0,Indomaret,delivered,Palembang
ORD04881,2024-05-24,CST0544,STR049,PRD0015,Dodol Garut Premium,Makanan & Minuman,5,45300.0,0.0,0.0,226700.0,Indomaret,processing,Makassar
ORD00374,2024-11-25,CST0772,STR014,PRD0040,Lilin Aromaterapi,Rumah Tangga,1,61400.0,10.0,6100.0,55300.0,Transfer BCA,delivered,Makassar
ORD02073,2024-11-15,CST0864,STR024,PRD0032,Charger Fast Charging,Elektronik & Aksesori,1,70500.0,5.0,3500.0,67000.0,LinkAja,delivered,Bogor
ORD04141,2023-02-12,CST0060,STR050,PRD0029,Lampu LED Ring Light,Elektronik & Aksesori,3,189800.0,20.0,113900.0,455600.0,OVO,delivered,Medan
ORD00016,2024-07-01,CST0606,STR019,PRD0025,Powerbank 10000mAh,Elektronik & Aksesori,1,143400.0,0.0,0.0,143400.0,Dana,processing,Surabaya
ORD00882,2024-07-18,CST0917,STR004,PRD0035,Lap Microfiber Set 3pcs,Rumah Tangga,1,31800.0,0.0,0.0,31800.0,ShopeePay,returned,Jakarta
ORD02527,2023-02-16,CST0117,STR012,PRD0004,Celana Chino Pria,Fashion & Pakaian,2,170500.0,10.0,34100.0,307000.0,,delivered,Depok
ORD03143,2023-09-01,CST0611,STR019,PRD0037,Botol Minum Tumbler,Rumah Tangga,2,80900.0,5.0,8100.0,153700.0,GoPay,returned,Surabaya
ORD01269,2023-12-20,CST0902,STR018,PRD0022,Body Lotion Bengkoang,Kecantikan & Perawatan,2,57300.0,0.0,0.0,114600.0,Transfer BRI,returned,Makassar
ORD02092,2023-05-18,CST0125,STR014,PRD0020,Lip Cream Matte Halal,Kecantikan & Perawatan,4,43600.0,10.0,17500.0,157100.0,,returned,
ORD04376,2024-03-01,CST0821,STR002,PRD0046,Botol Susu Anti-Kolik,Perlengkapan Bayi & Anak,1,99100.0,10.0,9900.0,89200.0,GoPay,delivered,Medan
ORD02572,2023-06-02,CST0439,STR038,PRD0047,Kaos Olahraga Dryfit,Olahraga & Outdoor,1,73800.0,10.0,7400.0,66400.0,Transfer Mandiri,delivered,Semarang
ORD03847,2023-06-24,CST0162,STR019,PRD0050,Botol Infuser Air,Olahraga & Outdoor,2,64000.0,5.0,6400.0,121600.0,OVO,delivered,Surabaya
ORD01122,2024-01-04,CST0542,STR044,PRD0049,Matras Yoga 6mm,Olahraga & Outdoor,3,162700.0,15.0,73200.0,414800.0,Transfer BCA,delivered,Tangerang
ORD00945,2024-04-29,CST0960,STR042,PRD0035,Lap Microfiber Set 3pcs,Rumah Tangga,10,33800.0,5.0,16900.0,320800.0,Dana,delivered,Bogor
ORD01919,2024-11-18,CST0035,STR030,PRD0049,Matras Yoga 6mm,Olahraga & Outdoor,2,1633000.0,20.0,65300.0,261200.0,ShopeePay,cancelled,Surabaya
ORD03484,2023-05-02,CST0751,STR027,PRD0018,Masker Wajah Clay BPOM,Kecantikan & Perawatan,2,52700.0,5.0,5300.0,100100.0,Dana,delivered,Depok
ORD02747,2024-04-10,CST0231,STR024,PRD0013,Snack Box Mix,Makanan & Minuman,4,52700.0,5.0,10500.0,200400.0,Alfamart,delivered,Bogor
ORD01173,2023-09-23,CST0189,STR041,PRD0022,Body Lotion Bengkoang,Kecantikan & Perawatan,10,48100.0,15.0,72100.0,408800.0,Transfer BCA,returned,Semarang
ORD00085,2023-04-21,CST0989,STR010,PRD0030,Mouse Wireless USB,Elektronik & Aksesori,1,100300.0,10.0,10000.0,90300.0,ShopeePay,cancelled,Palembang
ORD01766,2023-04-19,CST0396,STR046,PRD0049,Matras Yoga 6mm,Olahraga & Outdoor,1,165000.0,0.0,0.0,165000.0,Alfamart,delivered,Medan
ORD03668,2023-05-27,CST0008,STR023,PRD0040,Lilin Aromaterapi,Rumah Tangga,2,61400.0,5.0,6100.0,116700.0,LinkAja,delivered,Palembang
ORD00448,2023-11-21,CST0608,STR031,PRD0036,Gantungan Baju Kayu,Rumah Tangga,3,19800.0,0.0,0.0,59500.0,Transfer BCA,delivered,Palembang
ORD01169,2024-09-16,CST0273,STR019,PRD0007,Sepatu Sneakers Lokal,Fashion & Pakaian,2,297200.0,5.0,29700.0,564600.0,LinkAja,delivered,Surabaya
ORD00692,2023-05-04,CST0905,STR049,PRD0017,Skincare Serum Vit C Lokal,Kecantikan & Perawatan,1,99700.0,0.0,0.0,99700.0,GoPay,cancelled,Makassar
ORD03656,2024-01-14,CST0038,STR040,PRD0015,Dodol Garut Premium,Makanan & Minuman,1,49500.0,10.0,5000.0,44600.0,Transfer BCA,cancelled,Tangerang
ORD02026,2023-06-07,CST0079,STR020,PRD0044,Sepatu Anak Velcro,Perlengkapan Bayi & Anak,3,101200.0,0.0,0.0,303700.0,Transfer BRI,delivered,Bandung
ORD04726,2023-12-09,CST0258,STR040,PRD0005,Dress Casual Wanita,Fashion & Pakaian,1,178300.0,5.0,8900.0,169400.0,GoPay,delivered,Tangerang
ORD00612,2023-11-16,CST0759,STR045,PRD0012,Teh Herbal Jahe Merah,Makanan & Minuman,2,42000.0,10.0,8400.0,75700.0,Transfer BCA,delivered,Bogor
ORD00169,2024-04-21,CST0650,STR040,PRD0042,Mainan Edukasi Kayu,Perlengkapan Bayi & Anak,2,73400.0,15.0,22000.0,124700.0,Alfamart,cancelled,Tangerang
ORD02949,2023-05-28,CST0379,STR015,PRD0016,Rendang Kemasan Vacuum,Makanan & Minuman,1,114500.0,15.0,17200.0,97300.0,,processing,Jakarta
ORD03455,2023-03-07,CST0529,STR013,PRD0052,Gelang Batok Kelapa,Kerajinan & Souvenir,2,27500.0,5.0,2700.0,52200.0,GoPay,returned,Depok
ORD02888,2024-08-20,CST0181,STR005,PRD0021,Sunscreen SPF50 Lokal,Kecantikan & Perawatan,2,90900.0,10.0,18200.0,163700.0,Indomaret,processing,Medan
ORD00352,2024-04-25,CST0101,STR026,PRD0034,Sapu Lantai Ijuk,Rumah Tangga,1,24600.0,0.0,0.0,24600.0,Indomaret,delivered,Bandung
ORD05154,2024-03-01,CST0289,STR027,PRD0056,Topeng Kayu Dekorasi,Kerajinan & Souvenir,4,110600.0,5.0,22100.0,420400.0,LinkAja,cancelled,Depok
ORD00656,2024-03-11,CST0813,STR002,PRD0037,Botol Minum Tumbler,Rumah Tangga,3,82900.0,10.0,24900.0,223800.0,COD,delivered,Medan
ORD01352,2024-10-15,CST0429,STR043,PRD0021,Sunscreen SPF50 Lokal,Kecantikan & Perawatan,4,83400.0,5.0,16700.0,316900.0,Alfamart,delivered,Surabaya
ORD01303,2024-11-28,CST0776,STR002,PRD0012,Teh Herbal Jahe Merah,Makanan & Minuman,2,45100.0,0.0,0.0,90300.0,Alfamart,delivered,Medan
ORD05274,2024-11-10,CST0487,STR044,PRD0021,Sunscreen SPF50 Lokal,Kecantikan & Perawatan,1,89200.0,0.0,0.0,89200.0,Transfer Mandiri,cancelled,Tangerang
ORD02292,2023-01-28,CST0195,STR026,PRD0040,Lilin Aromaterapi,Rumah Tangga,1,60100.0,10.0,6000.0,54100.0,Dana,delivered,Bandung
ORD04680,2023/12/05,CST0391,STR004,PRD0003,Hijab Voal Motif,Fashion & Pakaian,4,60100.0,5.0,12000.0,228200.0,,returned,Jakarta
ORD05019,2024-12-22,CST0220,STR005,PRD0053,Tas Anyaman Pandan,Kerajinan & Souvenir,4,92200.0,10.0,36900.0,332000.0,LinkAja,returned,Medan
ORD04541,2024-12-12,CST0489,STR011,PRD0046,Botol Susu Anti-Kolik,Perlengkapan Bayi & Anak,3,101300.0,0.0,0.0,303900.0,Transfer BRI,delivered,Bogor
ORD01587,2024-02-08,CST0471,STR028,PRD0030,Mouse Wireless USB,Elektronik & Aksesori,3,96300.0,0.0,0.0,288900.0,Dana,cancelled,Palembang
ORD00577,2023-09-25,CST0985,STR050,PRD0053,Tas Anyaman Pandan,Kerajinan & Souvenir,10,102300.0,0.0,0.0,1023000.0,indomaret,delivered,Medan
ORD01492,2024-10-11,CST0494,STR042,PRD0024,Parfum Roll-On Halal,Kecantikan & Perawatan,1,44300.0,0.0,0.0,44300.0,,delivered,Bogor
ORD03444,2024-08-10,CST0513,STR014,PRD0017,Skincare Serum Vit C Lokal,Kecantikan & Perawatan,4,106100.0,0.0,0.0,424300.0,Dana,delivered,Makassar
ORD04379,2024-07-01,CST0757,STR044,PRD0002,Kaos Polos Cotton Combed,Fashion & Pakaian,5,47900.0,10.0,24000.0,215600.0,ShopeePay,delivered,Tangerang
ORD01254,2023-12-12,CST0059,STR022,PRD0001,Batik Tulis Premium,Fashion & Pakaian,4,287600.0,10.0,115000.0,1035400.0,QRIS,cancelled,Jakarta
ORD03334,29/04/2024,CST0401,STR013,PRD0052,Gelang Batok Kelapa,Kerajinan & Souvenir,1,24200.0,5.0,1200.0,23000.0,,processing,Depok
ORD00297,2024-09-27,CST0556,STR044,PRD0006,Jaket Bomber,Fashion & Pakaian,1,314300.0,10.0,31400.0,282900.0,OVO,delivered,Tangerang
ORD03653,2023-03-08,CST0774,STR017,PRD0048,Tali Skipping Premium,Olahraga & Outdoor,5,55800.0,5.0,13900.0,264900.0,Alfamart,returned,Tangerang
ORD05216,2023-02-08,CST0357,STR028,PRD0011,Kopi Arabika Toraja 250gr,Makanan & Minuman,1,88400.0,20.0,17700.0,70700.0,Transfer Mandiri,delivered,Palembang
ORD02759,2024-11-29,CST0511,STR011,PRD0054,Lukisan Kanvas UMKM,Kerajinan & Souvenir,2,184900.0,10.0,37000.0,332900.0,Dana,cancelled,Bogor
ORD00423,2023-06-14,CST0220,STR006,PRD0042,Mainan Edukasi Kayu,Perlengkapan Bayi & Anak,5,81500.0,15.0,61100.0,346400.0,Indomaret,cancelled,Depok
ORD03932,2023-02-28,CST0092,STR005,PRD0055,Gantungan Kunci Batik,Kerajinan & Souvenir,1,13000.0,0.0,0.0,13000.0,LinkAja,delivered,Medan
ORD04565,2023-11-07,CST0586,STR003,PRD0013,Snack Box Mix,Makanan & Minuman,3,48200.0,5.0,7200.0,137300.0,GoPay,processing,Depok
ORD01778,2023-09-16,CST0196,STR007,PRD0018,Masker Wajah Clay BPOM,Kecantikan & Perawatan,2,48500.0,10.0,9700.0,87300.0,,processing,Bogor
ORD01087,2023-09-06,CST0319,STR024,PRD0002,Kaos Polos Cotton Combed,Fashion & Pakaian,2,48200.0,10.0,9600.0,86800.0,,delivered,Bogor
ORD01972,2024-11-04,CST0570,STR049,PRD0053,Tas Anyaman Pandan,Kerajinan & Souvenir,1,105800.0,10.0,10600.0,95200.0,GoPay,delivered,Makassar
ORD02030,2024-11-24,CST0168,STR017,PRD0027,Earphone Bluetooth TWS,Elektronik & Aksesori,2,159000.0,5.0,15900.0,302000.0,QRIS,delivered,Tangerang
ORD01047,2024-03-08,CST0761,STR042,PRD0020,Lip Cream Matte Halal,Kecantikan & Perawatan,1,44700.0,0.0,0.0,44700.0,LinkAja,returned,Bogor
ORD01098,2024-09-19,CST0272,STR025,PRD0052,Gelang Batok Kelapa,Kerajinan & Souvenir,3,27000.0,10.0,8100.0,72900.0,Transfer BRI,delivered,Tangerang
ORD01489,2024-04-18,CST0419,STR049,PRD0054,Lukisan Kanvas UMKM,Kerajinan & Souvenir,3,194600.0,5.0,29200.0,554700.0,LinkAja,delivered,Makassar
ORD02779,2024-03-28,CST0283,STR004,PRD0050,Botol Infuser Air,Olahraga & Outdoor,2,62100.0,15.0,18600.0,105500.0,COD,delivered,Jakarta
ORD01003,2024-06-08,CST0102,STR026,PRD0009,Keripik Tempe Renceng,Makanan & Minuman,3,13500.0,0.0,0.0,40400.0,ShopeePay,delivered,Bandung
ORD02479,2023-05-10,CST0471,STR027,PRD0054,Lukisan Kanvas UMKM,Kerajinan & Souvenir,1,196800.0,0.0,0.0,196800.0,Transfer BCA,cancelled,Depok
ORD05219,2023-04-01,CST0910,STR050,PRD0051,Topi Running,Olahraga & Outdoor,1,50800.0,5.0,2500.0,48300.0,Transfer Mandiri,returned,Medan
ORD01521,2024-01-07,CST0459,STR050,PRD0038,Talenan Kayu Jati,Rumah Tangga,1,94300.0,5.0,4700.0,89600.0,Alfamart,cancelled,Medan
ORD00394,2023-10-22,CST0817,STR031,PRD0038,Talenan Kayu Jati,Rumah Tangga,1,85000.0,5.0,4200.0,80700.0,ShopeePay,returned,Palembang
ORD04796,2024-06-09,CST0808,STR021,PRD0014,Madu Hutan Asli 500ml,Makanan & Minuman,2,166900.0,5.0,16700.0,317000.0,Alfamart,delivered,Depok
ORD04441,2024-06-13,CST0580,STR049,PRD0013,Snack Box Mix,Makanan & Minuman,1,45500.0,0.0,0.0,45500.0,Alfamart,delivered,Makassar
ORD00454,2024-04-23,CST0461,STR007,PRD0013,Snack Box Mix,Makanan & Minuman,2,54000.0,20.0,21600.0,86400.0,GoPay,cancelled,Bogor
ORD04272,2024-08-04,CST0637,STR036,PRD0026,Kabel Data Type-C 1m,Elektronik & Aksesori,2,44000.0,15.0,13200.0,74900.0,Alfamart,delivered,Tangerang
ORD02768,2024-02-23,CST0874,STR031,PRD0024,Parfum Roll-On Halal,Kecantikan & Perawatan,1,42900.0,0.0,0.0,42900.0,Dana,delivered,Palembang
ORD05351,2024-04-15,CST0949,STR016,PRD0055,Gantungan Kunci Batik,Kerajinan & Souvenir,1,13900.0,0.0,0.0,13900.0,Dana,delivered,Medan
ORD04191,2024-12-06,CST0830,STR035,PRD0026,Kabel Data Type-C 1m,Elektronik & Aksesori,3,42600.0,0.0,0.0,127900.0,Indomaret,processing,Surabaya
ORD00738,2024-03-27,CST0424,STR029,PRD0014,Madu Hutan Asli 500ml,Makanan & Minuman,2,180000.0,15.0,54000.0,306000.0,Dana,delivered,Bandung
ORD03939,2023-06-10,CST0184,STR026,PRD0011,Kopi Arabika Toraja 250gr,Makanan & Minuman,3,84200.0,5.0,12600.0,239900.0,Indomaret,processing,Bandung
ORD04004,2024-09-15,CST0033,STR009,PRD0022,Body Lotion Bengkoang,Kecantikan & Perawatan,2,52900.0,5.0,5300.0,100400.0,OVO,delivered,Medan
ORD03704,2024-11-03,CST0548,STR010,PRD0035,Lap Microfiber Set 3pcs,Rumah Tangga,1,34000.0,10.0,3400.0,30600.0,LinkAja,delivered,Palembang
ORD01722,2023-02-27,CST0904,STR030,PRD0011,Kopi Arabika Toraja 250gr,Makanan & Minuman,2,83700.0,0.0,0.0,167500.0,Alfamart,delivered,Surabaya
ORD02836,2024-10-22,CST0299,STR003,PRD0041,Baju Bayi Newborn Set,Perlengkapan Bayi & Anak,1,145000.0,20.0,29000.0,116000.0,Transfer BRI,delivered,Depok
ORD04759,2023-09-22,CST0127,STR043,PRD0023,Shampo Kemiri Organik,Kecantikan & Perawatan,1,70700.0,0.0,0.0,70700.0,Transfer Mandiri,processing,Surabaya
ORD04265,2024-03-31,CST0158,STR021,PRD0001,Batik Tulis Premium,Fashion & Pakaian,2,300400.0,25.0,150200.0,450600.0,Transfer BRI,cancelled,Depok
ORD04356,2023-02-19,CST0916,STR010,PRD0027,Earphone Bluetooth TWS,Elektronik & Aksesori,1,144400.0,20.0,28900.0,115500.0,LinkAja,returned,Palembang
ORD01818,2024-02-26,CST0778,STR046,PRD0036,Gantungan Baju Kayu,Rumah Tangga,1,20500.0,10.0,2000.0,18400.0,ShopeePay,returned,Medan
ORD04739,2023-01-01,CST0354,STR026,PRD0012,Teh Herbal Jahe Merah,Makanan & Minuman,1,41700.0,15.0,6300.0,35400.0,Transfer Mandiri,returned,Bandung
ORD03460,2023-03-09,CST0897,STR036,PRD0045,Buku Mewarnai + Crayon,Perlengkapan Bayi & Anak,4,31500.0,5.0,6300.0,119700.0,QRIS,cancelled,Tangerang
ORD04093,2023/05/08,CST0475,STR045,PRD0010,Sambal Bawang Homemade,Makanan & Minuman,4,33100.0,15.0,19900.0,112700.0,Transfer Mandiri,cancelled,Bogor
ORD03808,2024-05-28,CST0170,STR010,PRD0001,Batik Tulis Premium,Fashion & Pakaian,1,304600.0,10.0,30500.0,274100.0,Transfer Mandiri,processing,Palembang
ORD03533,2023-06-19,CST0409,STR021,PRD0009,Keripik Tempe Renceng,Makanan & Minuman,-1,14700.0,5.0,700.0,13900.0,COD,delivered,Depok
ORD03543,2023-11-17,CST0832,STR038,PRD0028,Holder HP Mobil,Elektronik & Aksesori,3,64200.0,0.0,0.0,192700.0,GoPay,delivered,Semarang
ORD01658,2024-08-10,CST0641,STR047,PRD0017,Skincare Serum Vit C Lokal,Kecantikan & Perawatan,1,105300.0,20.0,21100.0,84300.0,Transfer BRI,cancelled,Makassar
ORD02663,2024-08-13,CST0082,STR040,PRD0009,Keripik Tempe Renceng,Makanan & Minuman,3,14500.0,0.0,0.0,43500.0,Transfer BCA,cancelled,Tangerang
ORD04322,2023-11-07,CST0768,STR027,PRD0028,Holder HP Mobil,Elektronik & Aksesori,1,56700.0,20.0,11300.0,45400.0,Transfer BRI,delivered,Depok
ORD04624,2023-05-27,CST0390,STR022,PRD0021,Sunscreen SPF50 Lokal,Kecantikan & Perawatan,2,88800.0,10.0,17800.0,159800.0,COD,delivered,Jakarta
ORD04007,2023-02-18,CST0882,STR015,PRD0034,Sapu Lantai Ijuk,Rumah Tangga,1,24400.0,15.0,3700.0,20700.0,Transfer Mandiri,delivered,Jakarta
ORD02761,2023-11-21,CST0651,STR030,PRD0030,Mouse Wireless USB,Elektronik & Aksesori,2,89600.0,5.0,9000.0,170200.0,transfer mandiri,cancelled,Surabaya
ORD03589,2024-06-08,CST0412,STR034,PRD0025,Powerbank 10000mAh,Elektronik & Aksesori,2,123900.0,0.0,0.0,247700.0,GoPay,processing,Depok
ORD04631,2023-02-28,CST0266,STR038,PRD0032,Charger Fast Charging,Elektronik & Aksesori,5,77000.0,0.0,0.0,385000.0,Transfer BRI,delivered,Semarang
ORD02234,2024-03-09,CST0031,STR045,PRD0035,Lap Microfiber Set 3pcs,Rumah Tangga,2,33000.0,5.0,3300.0,62700.0,LinkAja,processing,Bogor
ORD03314,2024-05-06,CST0035,STR037,PRD0041,Baju Bayi Newborn Set,Perlengkapan Bayi & Anak,1,141300.0,20.0,28300.0,113000.0,,delivered,Depok
ORD03380,2023-06-07,CST0219,STR016,PRD0015,Dodol Garut Premium,Makanan & Minuman,3,48800.0,5.0,7300.0,139000.0,Dana,delivered,Medan
ORD02342,2024-07-13,CST0669,STR007,PRD0054,Lukisan Kanvas UMKM,Kerajinan & Souvenir,5,208400.0,0.0,0.0,1042200.0,Dana,delivered,Bogor
ORD00280,2024-08-10,CST0076,STR016,PRD0051,Topi Running,Olahraga & Outdoor,4,48800.0,0.0,0.0,195400.0,Transfer Mandiri,processing,Medan
ORD00136,2024-12-06,CST0856,STR012,PRD0012,Teh Herbal Jahe Merah,makanan & minuman,2,44200.0,10.0,8800.0,79600.0,Transfer BRI,returned,Depok
ORD03898,2023-12-12,CST0679,STR023,PRD0024,Parfum Roll-On Halal,Kecantikan & Perawatan,4,38200.0,0.0,0.0,152700.0,Alfamart,delivered,Palembang
ORD02719,2023-02-21,CST0080,STR041,PRD0035,Lap Microfiber Set 3pcs,Rumah Tangga,1,34000.0,0.0,0.0,34000.0,Indomaret,cancelled,Semarang
ORD05060,2023-01-12,CST0307,STR042,PRD0006,Jaket Bomber,Fashion & Pakaian,2,310700.0,0.0,0.0,621400.0,ShopeePay,processing,Bogor
ORD01508,2024-05-02,CST0652,STR048,PRD0048,Tali Skipping Premium,Olahraga & Outdoor,2,52200.0,20.0,20900.0,83600.0,GoPay,delivered,Surabaya
ORD00427,2023-12-01,CST0547,STR005,PRD0019,Sabun Sirih Herbal,Kecantikan & Perawatan,2,24100.0,0.0,0.0,48300.0,Indomaret,delivered,Medan
ORD01380,2023-09-13,CST0349,STR022,PRD0003,Hijab Voal Motif,Fashion & Pakaian,1,64100.0,10.0,6400.0,57700.0,Transfer BCA,delivered,Jakarta
ORD02227,2023-05-20,CST0638,STR005,PRD0053,Tas Anyaman Pandan,Kerajinan & Souvenir,5,89100.0,0.0,0.0,445700.0,Dana,delivered,Medan
ORD05292,2023-01-08,CST0134,STR050,PRD0036,Gantungan Baju Kayu,Rumah Tangga,1,21200.0,5.0,1100.0,20200.0,GoPay,returned,Medan
ORD02099,2023-01-22,CST0193,STR028,PRD0003,Hijab Voal Motif,Fashion & Pakaian,3,60700.0,5.0,9100.0,173000.0,Transfer BRI,cancelled,Palembang
ORD01559,2024-03-22,CST0578,STR041,PRD0035,Lap Microfiber Set 3pcs,Rumah Tangga,1,35200.0,0.0,0.0,35200.0,Transfer Mandiri,returned,Semarang
ORD02997,2024-09-03,CST0683,STR011,PRD0008,Sandal Kulit Handmade,Fashion & Pakaian,4,167600.0,5.0,33500.0,636800.0,Indomaret,delivered,Bogor
ORD00334,2024-01-06,CST0688,STR039,PRD0029,Lampu LED Ring Light,Elektronik & Aksesori,2,175700.0,15.0,52700.0,298700.0,Indomaret,processing,Bandung
ORD00731,2024-02-26,CST0410,STR049,PRD0013,Snack Box Mix,Makanan & Minuman,3,53300.0,15.0,24000.0,136000.0,OVO,processing,Makassar
ORD04910,02/06/2024,CST0405,STR019,PRD0006,Jaket Bomber,Fashion & Pakaian,3,328900.0,20.0,197400.0,789400.0,ShopeePay,cancelled,Surabaya
ORD03407,2023-10-03,CST0912,STR010,PRD0001,Batik Tulis Premium,Fashion & Pakaian,3,293000.0,0.0,0.0,879100.0,Transfer Mandiri,delivered,Palembang
ORD04603,2023-02-10,CST0558,STR014,PRD0009,Keripik Tempe Renceng,Makanan & Minuman,4,14700.0,5.0,2900.0,56000.0,ShopeePay,delivered,Makassar
ORD04524,2024-02-11,CST0474,STR022,PRD0039,Keranjang Rotan Mini,Rumah Tangga,1,122800.0,0.0,0.0,122800.0,GoPay,returned,Jakarta
ORD02642,2023-06-12,CST0525,STR030,PRD0055,Gantungan Kunci Batik,Kerajinan & Souvenir,4,12000.0,0.0,0.0,48000.0,,cancelled,Surabaya
ORD00777,2024-07-15,CST0589,STR039,PRD0053,Tas Anyaman Pandan,Kerajinan & Souvenir,1,91500.0,10.0,9100.0,82300.0,QRIS,delivered,Bandung
ORD04872,2024-05-15,CST0356,STR049,PRD0016,Rendang Kemasan Vacuum,Makanan & Minuman,1,121400.0,20.0,24300.0,97100.0,Alfamart,delivered,Makassar
ORD01058,2023-01-02,CST0651,STR041,PRD0011,Kopi Arabika Toraja 250gr,Makanan & Minuman,2,78800.0,0.0,0.0,157700.0,gopay,returned,Semarang
ORD01733,2023-07-30,CST0924,STR050,PRD0012,Teh Herbal Jahe Merah,Makanan & Minuman,1,42500.0,10.0,4300.0,38300.0,Alfamart,processing,Medan
ORD01486,2023-05-09,CST0583,STR034,PRD0022,Body Lotion Bengkoang,Kecantikan & Perawatan,1,49200.0,20.0,9800.0,39400.0,ShopeePay,processing,Depok
ORD00122,2023-11-12,CST0499,STR022,PRD0033,Tempat Makan Tupperware KW,Rumah Tangga,1,55900.0,5.0,2800.0,53100.0,Indomaret,delivered,
ORD01645,2023-06-05,CST0009,STR041,PRD0054,Lukisan Kanvas UMKM,Kerajinan & Souvenir,1,179800.0,20.0,36000.0,143800.0,Transfer BRI,delivered,Semarang
ORD04707,2023-04-26,CST0737,STR028,PRD0032,Charger Fast Charging,Elektronik & Aksesori,1,69900.0,0.0,0.0,69900.0,,delivered,Palembang
ORD03754,2024-09-20,CST0131,STR023,PRD0037,Botol Minum Tumbler,Rumah Tangga,2,88900.0,0.0,0.0,177800.0,LinkAja,delivered,Palembang
ORD02087,2023-07-09,CST0053,STR030,PRD0002,Kaos Polos Cotton Combed,Fashion & Pakaian,1,45000.0,15.0,6700.0,38200.0,QRIS,delivered,Surabaya
ORD01411,2023-09-11,CST0029,STR042,PRD0008,Sandal Kulit Handmade,Fashion & Pakaian,1,162400.0,0.0,0.0,162400.0,Indomaret,delivered,Bogor
ORD03393,2024-12-04,CST0640,STR015,PRD0038,Talenan Kayu Jati,Rumah Tangga,2,93000.0,25.0,46500.0,139400.0,,processing,Jakarta
ORD01685,2023-05-23,CST0927,STR016,PRD0043,Tas Sekolah Anak SD,Perlengkapan Bayi & Anak,3,111200.0,15.0,50100.0,283700.0,Dana,cancelled,Medan
ORD00965,2023-11-21,CST0066,STR042,PRD0019,Sabun Sirih Herbal,Kecantikan & Perawatan,1,28500.0,20.0,5700.0,22800.0,Transfer Mandiri,delivered,Bogor
ORD02754,2023-01-02,CST0117,STR016,PRD0009,Keripik Tempe Renceng,Makanan & Minuman,3,15100.0,,0.0,45300.0,LinkAja,delivered,Medan
ORD01619,2023-06-23,CST0167,STR029,PRD0041,Baju Bayi Newborn Set,Perlengkapan Bayi & Anak,3,129900.0,0.0,0.0,389700.0,OVO,processing,Bandung
ORD03558,2023-09-19,CST0518,STR010,PRD0033,Tempat Makan Tupperware KW,Rumah Tangga,4,52100.0,0.0,0.0,208500.0,COD,returned,Palembang
ORD05307,07/10/2023,CST0631,STR036,PRD0028,Holder HP Mobil,Elektronik & Aksesori,4,63000.0,10.0,25200.0,226700.0,,delivered,Tangerang
ORD04693,2023-02-22,CST0317,STR006,PRD0050,Botol Infuser Air,Olahraga & Outdoor,1,61200.0,10.0,6100.0,55100.0,Transfer BRI,delivered,Depok
ORD03248,2023-11-12,CST0110,STR019,PRD0003,Hijab Voal Motif,Fashion & Pakaian,2,58700.0,5.0,5900.0,111500.0,Dana,delivered,Surabaya
ORD01421,2024-10-22,CST0965,STR024,PRD0021,Sunscreen SPF50 Lokal,Kecantikan & Perawatan,1,96600.0,0.0,0.0,96600.0,LinkAja,processing,Bogor
ORD01534,2024-04-01,CST0008,STR007,PRD0015,Dodol Garut Premium,Makanan & Minuman,3,43800.0,10.0,13100.0,118200.0,Indomaret,delivered,Bogor
ORD03332,2024-04-07,CST0833,STR050,PRD0017,Skincare Serum Vit C Lokal,Kecantikan & Perawatan,1,112300.0,10.0,11200.0,101000.0,Indomaret,delivered,Medan
ORD01927,2024-03-03,CST0358,STR015,PRD0022,Body Lotion Bengkoang,Kecantikan & Perawatan,1,480000.0,0.0,0.0,48000.0,Transfer BCA,returned,Jakarta
ORD00997,2023-08-01,CST0810,STR040,PRD0034,Sapu Lantai Ijuk,Rumah Tangga,1,25800.0,0.0,0.0,25800.0,OVO,cancelled,Tangerang
ORD03001,2024-08-10,CST0154,STR043,PRD0027,Earphone Bluetooth TWS,Elektronik & Aksesori,5,142300.0,25.0,177900.0,533700.0,ShopeePay,processing,Surabaya
ORD00545,2024-05-12,CST0813,STR002,PRD0009,Keripik Tempe Renceng,Makanan & Minuman,1,13300.0,15.0,2000.0,11300.0,Transfer BRI,delivered,Medan
ORD04421,2023-03-11,CST0076,STR017,PRD0005,Dress Casual Wanita,Fashion & Pakaian,4,176000.0,0.0,0.0,703800.0,Transfer Mandiri,returned,Tangerang
ORD03155,2023-05-01,CST0658,STR023,PRD0043,Tas Sekolah Anak SD,Perlengkapan Bayi & Anak,1,123900.0,5.0,6200.0,117700.0,OVO,cancelled,
ORD04866,2024-07-27,CST0727,STR046,PRD0026,Kabel Data Type-C 1m,Elektronik & Aksesori,1,42800.0,20.0,8600.0,34300.0,GoPay,returned,Medan
ORD03729,2023-11-25,CST0959,STR033,PRD0048,Tali Skipping Premium,Olahraga & Outdoor,2,51400.0,10.0,10300.0,92500.0,Alfamart,returned,Depok
ORD01164,2023-10-30,CST0033,STR046,PRD0004,Celana Chino Pria,Fashion & Pakaian,1,161000.0,10.0,16100.0,144900.0,Transfer BCA,delivered,Medan
ORD00241,2024-07-21,CST0942,STR007,PRD0001,Batik Tulis Premium,Fashion & Pakaian,1,308500.0,0.0,0.0,308500.0,Alfamart,cancelled,Bogor
ORD00866,2023-12-22,CST0792,STR050,PRD0035,Lap Microfiber Set 3pcs,Rumah Tangga,4,31800.0,10.0,12700.0,114600.0,Transfer BRI,delivered,Medan
ORD04047,2023-06-21,CST0981,STR008,PRD0036,Gantungan Baju Kayu,Rumah Tangga,2,19100.0,5.0,1900.0,36200.0,OVO,returned,Palembang
ORD03495,2024-12-02,CST0363,STR039,PRD0048,Tali Skipping Premium,Olahraga & Outdoor,2,51600.0,0.0,0.0,103200.0,Transfer BRI,processing,Bandung
ORD02828,2023-10-24,CST0274,STR014,PRD0049,Matras Yoga 6mm,Olahraga & Outdoor,2,172900.0,0.0,0.0,345700.0,COD,delivered,Makassar
ORD00830,2024-05-22,CST0683,STR007,PRD0056,Topeng Kayu Dekorasi,Kerajinan & Souvenir,1,107200.0,0.0,0.0,107200.0,Indomaret,delivered,Bogor
ORD03716,2024-09-10,CST0320,STR007,PRD0035,Lap Microfiber Set 3pcs,Rumah Tangga,2,328000.0,0.0,0.0,65600.0,Indomaret,delivered,Bogor
ORD03591,2024-04-29,CST0527,STR014,PRD0012,Teh Herbal Jahe Merah,Makanan & Minuman,2,44900.0,0.0,0.0,89700.0,Indomaret,returned,Makassar
ORD00466,2023-09-03,CST0752,STR050,PRD0021,Sunscreen SPF50 Lokal,Kecantikan & Perawatan,5,96500.0,0.0,0.0,482700.0,,delivered,Medan
ORD01039,2023-11-16,CST0921,STR038,PRD0053,Tas Anyaman Pandan,Kerajinan & Souvenir,3,101300.0,15.0,45600.0,258300.0,OVO,delivered,Semarang
ORD03359,2023-01-03,CST0687,STR038,PRD0016,Rendang Kemasan Vacuum,Makanan & Minuman,1,137600.0,0.0,0.0,137600.0,Transfer BRI,delivered,Semarang
ORD01787,2023-06-30,CST0042,STR049,PRD0003,Hijab Voal Motif,Fashion & Pakaian,3,57200.0,0.0,0.0,171600.0,,processing,Makassar
ORD01194,2024-12-07,CST0899,STR046,PRD0044,Sepatu Anak Velcro,Perlengkapan Bayi & Anak,1,87400.0,5.0,4400.0,83100.0,COD,cancelled,Medan
ORD00382,2024-07-29,CST0787,STR041,PRD0005,Dress Casual Wanita,Fashion & Pakaian,4,171500.0,0.0,0.0,685800.0,Transfer Mandiri,returned,Semarang
ORD00725,2024-01-06,CST0120,STR008,PRD0048,Tali Skipping Premium,Olahraga & Outdoor,2,58000.0,10.0,11600.0,104400.0,Indomaret,delivered,Palembang
ORD04304,2024-08-01,CST0665,STR014,PRD0002,Kaos Polos Cotton Combed,Fashion & Pakaian,3,51800.0,10.0,15500.0,139800.0,ShopeePay,delivered,Makassar
ORD02324,2023-01-04,CST0102,STR044,PRD0010,Sambal Bawang Homemade,Makanan & Minuman,1,35500.0,10.0,3600.0,32000.0,Transfer BCA,delivered,Tangerang
ORD04495,2023-07-04,CST0434,STR013,PRD0026,Kabel Data Type-C 1m,Elektronik & Aksesori,1,38900.0,5.0,1900.0,37000.0,LinkAja,delivered,Depok
ORD03794,2024-08-25,CST0709,STR040,PRD0005,Dress Casual Wanita,Fashion & Pakaian,1,165600.0,10.0,16600.0,149000.0,COD,delivered,Tangerang
ORD02877,2023-08-18,CST0481,STR050,PRD0022,Body Lotion Bengkoang,Kecantikan & Perawatan,1,51900.0,5.0,2600.0,49300.0,QRIS,delivered,
ORD04445,2024-02-06,CST0704,STR035,PRD0043,Tas Sekolah Anak SD,Perlengkapan Bayi & Anak,2,108000.0,20.0,43200.0,172700.0,Indomaret,processing,Surabaya
ORD03099,2023-07-05,CST0070,STR041,PRD0009,Keripik Tempe Renceng,Makanan & Minuman,1,13300.0,0.0,0.0,13300.0,LinkAja,cancelled,Semarang
ORD04532,2024-05-07,CST0763,STR016,PRD0016,Rendang Kemasan Vacuum,Makanan & Minuman,1,135900.0,5.0,6800.0,129100.0,shopeepay,delivered,Medan
ORD04252,2024-10-05,CST0164,STR042,PRD0039,Keranjang Rotan Mini,Rumah Tangga,2,124800.0,5.0,12500.0,237200.0,ShopeePay,delivered,Bogor
ORD03476,2024-03-15,CST0877,STR026,PRD0006,Jaket Bomber,Fashion & Pakaian,1,312600.0,10.0,31300.0,281300.0,Transfer BRI,processing,Bandung
ORD02334,2023-06-19,CST0182,STR038,PRD0035,Lap Microfiber Set 3pcs,Rumah Tangga,4,34300.0,20.0,27400.0,109700.0,Dana,delivered,Semarang
ORD00209,2023-06-28,CST0637,STR038,PRD0055,Gantungan Kunci Batik,Kerajinan & Souvenir,5,13300.0,10.0,6700.0,59900.0,Transfer BCA,delivered,Semarang
ORD02810,2024-08-16,CST0453,STR028,PRD0018,Masker Wajah Clay BPOM,Kecantikan & Perawatan,4,54100.0,5.0,10800.0,205600.0,LinkAja,delivered,Palembang
ORD02405,2024-05-21,CST0077,STR041,PRD0039,Keranjang Rotan Mini,Rumah Tangga,10,110200.0,15.0,165300.0,936500.0,Dana,returned,Semarang
ORD01859,2023-06-06,CST0230,STR006,PRD0024,Parfum Roll-On Halal,Kecantikan & Perawatan,2,39400.0,15.0,11800.0,67000.0,Transfer BCA,delivered,Depok
ORD00249,2023-09-06,CST0745,STR027,PRD0034,Sapu Lantai Ijuk,Rumah Tangga,3,24000.0,0.0,0.0,72000.0,GoPay,delivered,Depok
ORD01298,2023-06-27,CST0412,STR021,PRD0047,Kaos Olahraga Dryfit,Olahraga & Outdoor,2,84600.0,20.0,33800.0,135300.0,LinkAja,delivered,Depok
ORD01050,2023-03-09,CST0124,STR018,PRD0054,Lukisan Kanvas UMKM,Kerajinan & Souvenir,2,185600.0,15.0,55700.0,315500.0,Alfamart,processing,Makassar
ORD03222,2023-02-22,CST0622,STR015,PRD0055,Gantungan Kunci Batik,Kerajinan & Souvenir,1,12400.0,5.0,600.0,11800.0,Transfer Mandiri,processing,Jakarta
ORD00752,2024-03-14,CST0895,STR012,PRD0039,Keranjang Rotan Mini,Rumah Tangga,5,128600.0,5.0,32100.0,610700.0,Indomaret,processing,Depok
ORD01719,2023-12-18,CST0564,STR026,PRD0001,Batik Tulis Premium,Fashion & Pakaian,3,315000.0,5.0,47300.0,897800.0,COD,cancelled,Bandung
ORD03930,2023-08-23,CST0772,STR048,PRD0030,Mouse Wireless USB,Elektronik & Aksesori,4,94300.0,5.0,18900.0,358300.0,GoPay,delivered,Surabaya
ORD04940,2024-10-17,CST0020,STR005,PRD0039,Keranjang Rotan Mini,Rumah Tangga,1,111100.0,5.0,5600.0,105600.0,Transfer Mandiri,processing,Medan
ORD01195,2024-03-08,CST0534,STR028,PRD0026,Kabel Data Type-C 1m,Elektronik & Aksesori,1,41100.0,5.0,2100.0,39100.0,Alfamart,delivered,Palembang
ORD00440,2023-09-26,CST0420,STR013,PRD0005,Dress Casual Wanita,Fashion & Pakaian,1,169600.0,0.0,0.0,169600.0,QRIS,processing,Depok
ORD01245,2024-03-11,CST0146,STR045,PRD0032,Charger Fast Charging,Elektronik & Aksesori,2,65600.0,0.0,0.0,131300.0,ShopeePay,delivered,Bogor
ORD03404,2023-08-22,CST0772,STR017,PRD0023,Shampo Kemiri Organik,Kecantikan & Perawatan,3,69700.0,0.0,0.0,209100.0,Dana,delivered,Tangerang
ORD00539,2024-08-21,CST0873,STR009,PRD0005,Dress Casual Wanita,Fashion & Pakaian,2,168700.0,5.0,16900.0,320600.0,Transfer Mandiri,processing,Medan
ORD01774,2024-11-26,CST0941,STR047,PRD0042,Mainan Edukasi Kayu,Perlengkapan Bayi & Anak,2,72400.0,0.0,0.0,144800.0,GoPay,delivered,Makassar
ORD01324,2023-11-05,CST0986,STR037,PRD0033,Tempat Makan Tupperware KW,Rumah Tangga,1,50000.0,15.0,7500.0,42500.0,Transfer BRI,delivered,Depok
ORD01667,2023-04-19,CST0715,STR037,PRD0044,Sepatu Anak Velcro,Perlengkapan Bayi & Anak,2,87100.0,0.0,0.0,174300.0,Alfamart,delivered,Depok
ORD00749,2023-07-12,CST0261,STR017,PRD0018,Masker Wajah Clay BPOM,Kecantikan & Perawatan,1,54100.0,20.0,10800.0,43200.0,Transfer BCA,delivered,Tangerang
ORD00103,2024-09-11,CST0952,STR022,PRD0054,Lukisan Kanvas UMKM,Kerajinan & Souvenir,2,199400.0,0.0,0.0,398800.0,Transfer BRI,cancelled,Jakarta
ORD01045,2023-12-29,CST0310,STR009,PRD0017,Skincare Serum Vit C Lokal,Kecantikan & Perawatan,2,100600.0,5.0,10100.0,191200.0,COD,delivered,Medan
ORD03440,2024-08-11,CST0015,STR012,PRD0003,Hijab Voal Motif,Fashion & Pakaian,2,68300.0,20.0,27300.0,109200.0,Transfer BRI,delivered,Depok
ORD04823,2024-10-22,CST0655,STR016,PRD0052,Gelang Batok Kelapa,Kerajinan & Souvenir,2,25400.0,15.0,7600.0,43200.0,Transfer BCA,cancelled,Medan
ORD03904,2024-10-05,CST0940,STR011,PRD0042,Mainan Edukasi Kayu,Perlengkapan Bayi & Anak,5,72000.0,5.0,18000.0,342100.0,GoPay,delivered,Bogor
ORD04984,2024-11-21,CST0404,STR005,PRD0043,Tas Sekolah Anak SD,Perlengkapan Bayi & Anak,1,110300.0,5.0,5500.0,104800.0,OVO,delivered,Medan
ORD04320,2024-04-09,CST0934,STR030,PRD0013,Snack Box Mix,Makanan & Minuman,1,53400.0,0.0,0.0,53400.0,,processing,Surabaya
ORD01500,2024-03-22,CST0356,STR007,PRD0003,Hijab Voal Motif,Fashion & Pakaian,2,67900.0,20.0,27100.0,108600.0,COD,delivered,Bogor
ORD03659,2023-03-30,CST0489,STR001,PRD0012,Teh Herbal Jahe Merah,makanan & minuman,2,41100.0,0.0,0.0,82100.0,Indomaret,delivered,Surabaya
ORD00108,2024-01-25,CST0930,STR013,PRD0053,Tas Anyaman Pandan,Kerajinan & Souvenir,3,96400.0,20.0,57900.0,231400.0,QRIS,returned,Depok
ORD05472,2024-10-16,CST0164,STR006,PRD0009,Keripik Tempe Renceng,Makanan & Minuman,2,15600.0,20.0,6200.0,24900.0,ShopeePay,delivered,Depok
ORD00030,2023-03-03,CST0110,STR035,PRD0038,Talenan Kayu Jati,Rumah Tangga,1,82600.0,5.0,4100.0,78400.0,OVO,delivered,Surabaya
ORD04807,2023-05-20,CST0588,STR019,PRD0024,Parfum Roll-On Halal,Kecantikan & Perawatan,2,42200.0,10.0,8400.0,76000.0,,delivered,Surabaya
ORD00682,2023-06-24,CST0558,STR024,PRD0028,Holder HP Mobil,Elektronik & Aksesori,4,60700.0,0.0,0.0,242900.0,OVO,returned,Bogor
ORD02183,2023-12-12,CST0708,STR008,PRD0010,Sambal Bawang Homemade,Makanan & Minuman,4,35200.0,5.0,7000.0,133600.0,OVO,processing,
ORD02451,2023-05-22,CST0197,STR003,PRD0048,Tali Skipping Premium,Olahraga & Outdoor,1,54100.0,15.0,8100.0,46000.0,QRIS,delivered,Depok
ORD00240,2023-03-24,CST0647,STR005,PRD0052,Gelang Batok Kelapa,Kerajinan & Souvenir,4,26500.0,0.0,0.0,106000.0,ShopeePay,delivered,Medan
ORD05461,2023-06-24,CST0537,STR004,PRD0044,Sepatu Anak Velcro,Perlengkapan Bayi & Anak,1,96700.0,0.0,0.0,96700.0,Indomaret,delivered,Jakarta
ORD05287,2024-10-14,CST0145,STR038,PRD0050,Botol Infuser Air,Olahraga & Outdoor,4,57000.0,0.0,0.0,228100.0,Transfer BCA,delivered,Semarang
ORD02601,2024-02-20,CST0545,STR026,PRD0042,Mainan Edukasi Kayu,Perlengkapan Bayi & Anak,1,86800.0,0.0,0.0,86800.0,Transfer Mandiri,processing,Bandung
ORD03657,2024-04-07,CST0074,STR046,PRD0055,Gantungan Kunci Batik,Kerajinan & Souvenir,1,13100.0,5.0,700.0,12500.0,,delivered,Medan
ORD02236,2024-12-21,CST0481,STR040,PRD0002,Kaos Polos Cotton Combed,Fashion & Pakaian,1,48200.0,0.0,0.0,48200.0,OVO,returned,Tangerang
ORD04449,2023-01-01,CST0513,STR039,PRD0017,Skincare Serum Vit C Lokal,Kecantikan & Perawatan,2,116800.0,0.0,0.0,233600.0,linkaja,delivered,Bandung
ORD05137,2024-05-05,CST0881,STR011,PRD0041,Baju Bayi Newborn Set,Perlengkapan Bayi & Anak,1,124800.0,15.0,18700.0,106100.0,ShopeePay,delivered,Bogor
ORD04254,2024-04-21,CST0815,STR043,PRD0046,Botol Susu Anti-Kolik,Perlengkapan Bayi & Anak,1,97800.0,,4900.0,92900.0,Transfer Mandiri,processing,Surabaya
ORD02343,2023-05-04,CST0354,STR018,PRD0044,Sepatu Anak Velcro,Perlengkapan Bayi & Anak,2,102100.0,0.0,0.0,204100.0,COD,processing,Makassar
ORD00502,2023-08-01,CST0300,STR028,PRD0013,Snack Box Mix,Makanan & Minuman,1,51700.0,10.0,5200.0,46500.0,Dana,delivered,Palembang
ORD04711,2024-07-08,CST0849,STR034,PRD0030,Mouse Wireless USB,Elektronik & Aksesori,2,92700.0,0.0,0.0,185500.0,COD,delivered,Depok
ORD01056,2024-11-13,CST0726,STR019,PRD0010,Sambal Bawang Homemade,makanan & minuman,-2,33300.0,0.0,0.0,66700.0,LinkAja,delivered,Surabaya
ORD03612,2023-10-08,CST0685,STR013,PRD0029,Lampu LED Ring Light,Elektronik & Aksesori,2,171000.0,5.0,17100.0,325000.0,COD,processing,Depok
ORD04484,2023-08-14,CST0113,STR044,PRD0043,Tas Sekolah Anak SD,Perlengkapan Bayi & Anak,3,104300.0,0.0,0.0,312800.0,OVO,delivered,Tangerang
ORD01189,2024-07-04,CST0718,STR009,PRD0014,Madu Hutan Asli 500ml,Makanan & Minuman,1,189500.0,10.0,19000.0,170600.0,Indomaret,delivered,Medan
ORD01331,2023/08/29,CST0679,STR017,PRD0039,Keranjang Rotan Mini,Rumah Tangga,1,115000.0,15.0,17200.0,97700.0,QRIS,returned,Tangerang
ORD00200,2024-04-21,CST0068,STR013,PRD0025,Powerbank 10000mAh,Elektronik & Aksesori,2,1321000.0,10.0,26400.0,237800.0,ShopeePay,cancelled,Depok
ORD02168,2023-01-30,CST0594,STR017,PRD0016,Rendang Kemasan Vacuum,Makanan & Minuman,1,127900.0,5.0,6400.0,121500.0,Alfamart,delivered,Tangerang
ORD03081,2023-08-23,CST0734,STR004,PRD0046,Botol Susu Anti-Kolik,Perlengkapan Bayi & Anak,1,92100.0,20.0,18400.0,73700.0,Transfer BRI,cancelled,Jakarta
ORD01034,2024-05-16,CST0228,STR017,PRD0030,Mouse Wireless USB,Elektronik & Aksesori,10,90600.0,10.0,90600.0,815000.0,ShopeePay,delivered,Tangerang
ORD05208,2024-08-17,CST0564,STR029,PRD0015,Dodol Garut Premium,Makanan & Minuman,1,47200.0,0.0,0.0,47200.0,Transfer BRI,returned,Bandung
ORD05452,2023-07-14,CST0437,STR015,PRD0024,Parfum Roll-On Halal,Kecantikan & Perawatan,1,38500.0,10.0,3900.0,34700.0,Alfamart,delivered,Jakarta
ORD01449,2023-03-03,CST0159,STR003,PRD0005,Dress Casual Wanita,Fashion & Pakaian,5,171600.0,0.0,0.0,858200.0,Transfer BRI,delivered,Depok
ORD02861,2024-06-25,CST0345,STR047,PRD0048,Tali Skipping Premium,Olahraga & Outdoor,4,51300.0,0.0,0.0,205100.0,OVO,delivered,Makassar
ORD04003,2023-07-02,CST0906,STR008,PRD0051,Topi Running,Olahraga & Outdoor,3,52000.0,0.0,0.0,156000.0,QRIS,delivered,Palembang
ORD00625,2023-07-22,CST0898,STR019,PRD0029,Lampu LED Ring Light,Elektronik & Aksesori,1,164300.0,0.0,0.0,164300.0,Dana,delivered,Surabaya
ORD01748,2024-05-24,CST0429,STR038,PRD0009,Keripik Tempe Renceng,Makanan & Minuman,2,14100.0,0.0,0.0,28300.0,GoPay,returned,Semarang
ORD01757,2024-11-22,CST0306,STR033,PRD0008,Sandal Kulit Handmade,Fashion & Pakaian,2,149700.0,5.0,15000.0,284300.0,QRIS,delivered,Depok
ORD03358,2023-05-16,CST0741,STR009,PRD0008,Sandal Kulit Handmade,Fashion & Pakaian,4,144400.0,0.0,0.0,577500.0,QRIS,cancelled,Medan
ORD00970,2024-08-13,CST0615,STR026,PRD0021,Sunscreen SPF50 Lokal,Kecantikan & Perawatan,5,88000.0,0.0,0.0,440200.0,,delivered,Bandung
ORD04705,2023-09-01,CST0305,STR033,PRD0052,Gelang Batok Kelapa,Kerajinan & Souvenir,3,26800.0,5.0,4000.0,76300.0,Indomaret,delivered,Depok
ORD03048,2023-09-11,CST0963,STR046,PRD0001,Batik Tulis Premium,Fashion & Pakaian,4,292500.0,5.0,58500.0,1111600.0,LinkAja,returned,Medan
ORD04507,2024-09-05,CST0122,STR008,PRD0042,Mainan Edukasi Kayu,Perlengkapan Bayi & Anak,1,76500.0,5.0,3800.0,72700.0,COD,returned,Palembang
ORD02500,2024-09-17,CST0261,STR050,PRD0042,Mainan Edukasi Kayu,Perlengkapan Bayi & Anak,2,82300.0,0.0,0.0,164600.0,LinkAja,delivered,Medan
ORD03035,2024-08-02,CST0605,STR050,PRD0018,Masker Wajah Clay BPOM,Kecantikan & Perawatan,2,50700.0,0.0,0.0,101300.0,ShopeePay,delivered,Medan
ORD02862,2024-04-03,CST0832,STR036,PRD0025,Powerbank 10000mAh,Elektronik & Aksesori,2,125800.0,0.0,0.0,251500.0,Transfer BCA,processing,Tangerang
ORD04908,2023-01-23,CST0145,STR035,PRD0046,Botol Susu Anti-Kolik,Perlengkapan Bayi & Anak,3,96700.0,10.0,29000.0,261100.0,LinkAja,cancelled,Surabaya
ORD04094,2024-03-14,CST0278,STR039,PRD0026,Kabel Data Type-C 1m,Elektronik & Aksesori,1,41200.0,0.0,0.0,41200.0,ShopeePay,cancelled,Bandung
ORD05331,2024-02-29,CST0245,STR026,PRD0050,Botol Infuser Air,Olahraga & Outdoor,5,58300.0,0.0,0.0,291700.0,Transfer BRI,delivered,Bandung
ORD05246,2023-06-08,CST0868,STR027,PRD0019,Sabun Sirih Herbal,Kecantikan & Perawatan,2,27200.0,0.0,0.0,54300.0,alfamart,delivered,Depok
ORD02570,2023-07-20,CST0555,STR040,PRD0033,Tempat Makan Tupperware KW,Rumah Tangga,3,54900.0,10.0,16500.0,148200.0,Alfamart,delivered,Tangerang
ORD05261,2023-04-18,CST0367,STR019,PRD0035,Lap Microfiber Set 3pcs,Rumah Tangga,1,29600.0,0.0,0.0,29600.0,Dana,processing,Surabaya
ORD03066,2023-02-11,CST0547,STR032,PRD0027,Earphone Bluetooth TWS,Elektronik & Aksesori,2,145400.0,15.0,43600.0,247200.0,GoPay,delivered,Bogor
ORD02827,2023-02-02,CST0368,STR002,PRD0034,Sapu Lantai Ijuk,Rumah Tangga,1,24000.0,5.0,1200.0,22800.0,Transfer BRI,cancelled,Medan
ORD00795,2023-07-04,CST0726,STR025,PRD0034,Sapu Lantai Ijuk,Rumah Tangga,1,25500.0,0.0,0.0,25500.0,GoPay,delivered,Tangerang
ORD02351,2024-10-12,CST0732,STR006,PRD0017,Skincare Serum Vit C Lokal,Kecantikan & Perawatan,1,98400.0,0.0,0.0,98400.0,Alfamart,delivered,
ORD01756,2024-04-23,CST0360,STR035,PRD0020,Lip Cream Matte Halal,Kecantikan & Perawatan,10,49900.0,0.0,0.0,498900.0,Indomaret,cancelled,Surabaya
ORD03412,2023-03-19,CST0800,STR017,PRD0017,Skincare Serum Vit C Lokal,Kecantikan & Perawatan,2,112400.0,10.0,22500.0,202400.0,GoPay,cancelled,Tangerang
ORD00294,2023-08-19,CST0832,STR007,PRD0053,Tas Anyaman Pandan,Kerajinan & Souvenir,1,105900.0,5.0,5300.0,100600.0,Transfer BRI,delivered,Bogor
ORD00372,2023-05-31,CST0667,STR050,PRD0001,Batik Tulis Premium,Fashion & Pakaian,3,291900.0,,0.0,875700.0,Transfer Mandiri,delivered,Medan
ORD05228,2024-07-08,CST0428,STR017,PRD0014,Madu Hutan Asli 500ml,Makanan & Minuman,3,163100.0,0.0,0.0,489300.0,Dana,delivered,Tangerang
ORD00469,2024-09-09,CST0640,STR016,PRD0021,Sunscreen SPF50 Lokal,Kecantikan & Perawatan,1,93100.0,15.0,14000.0,79100.0,COD,delivered,Medan
ORD04101,2023-01-24,CST0481,STR014,PRD0016,Rendang Kemasan Vacuum,Makanan & Minuman,5,125700.0,5.0,31400.0,596900.0,OVO,delivered,Makassar
ORD04523,2023-08-28,CST0363,STR031,PRD0001,Batik Tulis Premium,Fashion & Pakaian,5,327600.0,5.0,81900.0,1556300.0,Transfer BCA,cancelled,Palembang
ORD04307,2024-08-10,CST0191,STR031,PRD0033,Tempat Makan Tupperware KW,Rumah Tangga,1,52100.0,5.0,2600.0,49500.0,QRIS,cancelled,Palembang
ORD01861,2023-05-19,CST0373,STR006,PRD0028,Holder HP Mobil,Elektronik & Aksesori,1,59200.0,15.0,8900.0,50300.0,ShopeePay,returned,Depok
ORD04275,2024-03-23,CST0056,STR045,PRD0044,Sepatu Anak Velcro,Perlengkapan Bayi & Anak,4,96300.0,0.0,0.0,385100.0,GoPay,returned,
ORD04715,2024-08-16,CST0473,STR041,PRD0020,Lip Cream Matte Halal,Kecantikan & Perawatan,1,49600.0,0.0,0.0,49600.0,Transfer BRI,delivered,Semarang
ORD03133,2023-04-22,CST0685,STR026,PRD0014,Madu Hutan Asli 500ml,Makanan & Minuman,3,166400.0,10.0,49900.0,449400.0,Dana,cancelled,Bandung
ORD02466,2024-04-10,CST0158,STR003,PRD0011,Kopi Arabika Toraja 250gr,Makanan & Minuman,4,75300.0,5.0,15100.0,286200.0,Dana,delivered,Depok
ORD00158,2024-06-18,CST0990,STR023,PRD0005,Dress Casual Wanita,Fashion & Pakaian,1,165100.0,0.0,0.0,165100.0,QRIS,delivered,Palembang
ORD00066,2023-02-25,CST0271,STR037,PRD0056,Topeng Kayu Dekorasi,Kerajinan & Souvenir,1,100300.0,5.0,5000.0,95200.0,Dana,delivered,Depok
ORD04173,2024-08-16,CST0329,STR037,PRD0011,Kopi Arabika Toraja 250gr,Makanan & Minuman,1,88700.0,10.0,8900.0,79800.0,Alfamart,returned,Depok
ORD00246,2023-02-13,CST0561,STR029,PRD0006,Jaket Bomber,Fashion & Pakaian,2,287600.0,10.0,57500.0,517700.0,COD,cancelled,Bandung
ORD02689,2024-11-21,CST0750,STR004,PRD0037,Botol Minum Tumbler,Rumah Tangga,1,81200.0,25.0,20300.0,60900.0,Transfer BCA,returned,Jakarta
ORD00368,2024-01-08,CST0472,STR028,PRD0042,Mainan Edukasi Kayu,Perlengkapan Bayi & Anak,10,77100.0,5.0,38500.0,732200.0,Transfer BRI,delivered,Palembang
ORD04673,2023-04-07,CST0479,STR040,PRD0010,Sambal Bawang Homemade,Makanan & Minuman,4,35700.0,15.0,21400.0,121200.0,Transfer BCA,processing,Tangerang
ORD03783,2024-06-11,CST0952,STR038,PRD0018,Masker Wajah Clay BPOM,Kecantikan & Perawatan,2,52400.0,5.0,5200.0,99600.0,Transfer BCA,returned,Semarang
ORD02999,2023-03-26,CST0504,STR021,PRD0012,Teh Herbal Jahe Merah,Makanan & Minuman,5,42100.0,0.0,0.0,210600.0,OVO,processing,Depok
ORD03045,2023-01-24,CST0616,STR048,PRD0051,Topi Running,Olahraga & Outdoor,10,48700.0,15.0,73100.0,414100.0,,delivered,Surabaya
ORD02440,2023-08-30,CST0573,STR001,PRD0039,Keranjang Rotan Mini,Rumah Tangga,1,125200.0,0.0,0.0,125200.0,OVO,processing,Surabaya
ORD00590,2023-06-29,CST0687,STR043,PRD0039,Keranjang Rotan Mini,Rumah Tangga,1,110200.0,0.0,0.0,110200.0,LinkAja,returned,Surabaya
ORD05055,2024-01-19,CST0367,STR019,PRD0013,Snack Box Mix,Makanan & Minuman,2,48300.0,20.0,19300.0,77200.0,OVO,returned,Surabaya
ORD05036,2024-09-12,CST0957,STR047,PRD0011,Kopi Arabika Toraja 250gr,Makanan & Minuman,4,83000.0,10.0,33200.0,298600.0,COD,delivered,Makassar
ORD01130,2024-02-13,CST0468,STR018,PRD0014,Madu Hutan Asli 500ml,Makanan & Minuman,2,1774000.0,15.0,53200.0,301500.0,QRIS,cancelled,Makassar
ORD00599,2024-03-18,CST0557,STR033,PRD0046,Botol Susu Anti-Kolik,Perlengkapan Bayi & Anak,4,101500.0,10.0,40600.0,365300.0,Transfer BCA,delivered,Depok
ORD02623,2024-12-09,CST0098,STR038,PRD0006,Jaket Bomber,Fashion & Pakaian,2,321500.0,,96400.0,546500.0,,delivered,Semarang
ORD01505,2023-04-13,CST0049,STR041,PRD0033,Tempat Makan Tupperware KW,Rumah Tangga,3,54500.0,15.0,24500.0,139000.0,ShopeePay,processing,
ORD03719,2024-05-19,CST0754,STR017,PRD0003,Hijab Voal Motif,Fashion & Pakaian,1,65500.0,0.0,0.0,65500.0,QRIS,delivered,Tangerang
ORD03838,2023-04-28,CST0605,STR036,PRD0040,Lilin Aromaterapi,Rumah Tangga,2,67300.0,10.0,13500.0,121100.0,Indomaret,processing,Tangerang
ORD03788,2024-12-21,CST0230,STR035,PRD0005,Dress Casual Wanita,Fashion & Pakaian,1,177800.0,5.0,8900.0,168900.0,OVO,delivered,Surabaya
ORD04354,2024-11-01,CST0124,STR046,PRD0027,Earphone Bluetooth TWS,Elektronik & Aksesori,1,143200.0,5.0,7200.0,136100.0,Transfer BRI,delivered,Medan
ORD00531,2023-05-07,CST0193,STR029,PRD0020,Lip Cream Matte Halal,Kecantikan & Perawatan,1,48800.0,0.0,0.0,48800.0,LinkAja,returned,Bandung
ORD02228,2024-01-17,CST0685,STR003,PRD0038,Talenan Kayu Jati,Rumah Tangga,2,89800.0,15.0,27000.0,152700.0,OVO,delivered,Depok
ORD04384,2023-12-17,CST0382,STR003,PRD0004,Celana Chino Pria,Fashion & Pakaian,2,151800.0,10.0,30400.0,273200.0,GoPay,delivered,Depok
ORD05453,2023-07-01,CST0627,STR011,PRD0053,Tas Anyaman Pandan,Kerajinan & Souvenir,1,92200.0,0.0,0.0,92200.0,OVO,cancelled,Bogor
ORD05175,2023-02-03,CST0673,STR010,PRD0016,Rendang Kemasan Vacuum,Makanan & Minuman,1,116100.0,10.0,11600.0,104500.0,Transfer BCA,delivered,Palembang
ORD02898,2023-02-18,CST0180,STR030,PRD0047,Kaos Olahraga Dryfit,Olahraga & Outdoor,1,74100.0,15.0,11100.0,63000.0,Transfer BRI,returned,Surabaya
ORD03510,2024-09-24,CST0319,STR039,PRD0005,Dress Casual Wanita,Fashion & Pakaian,2,183500.0,0.0,0.0,367100.0,LinkAja,processing,Bandung
ORD03204,2023-07-02,CST0862,STR023,PRD0013,Snack Box Mix,Makanan & Minuman,2,50800.0,0.0,0.0,101600.0,Transfer BCA,cancelled,Palembang
ORD01895,2023-06-01,CST0603,STR003,PRD0006,Jaket Bomber,Fashion & Pakaian,2,324300.0,0.0,0.0,648500.0,ShopeePay,cancelled,Depok
ORD00152,2023-11-19,CST0482,STR025,PRD0050,Botol Infuser Air,Olahraga & Outdoor,3,59600.0,0.0,0.0,178800.0,ShopeePay,delivered,Tangerang
ORD01841,2023-01-24,CST0205,STR001,PRD0007,Sepatu Sneakers Lokal,Fashion & Pakaian,2,261700.0,,78500.0,444800.0,Transfer Mandiri,cancelled,Surabaya
ORD01882,2024-06-10,CST0665,STR005,PRD0025,Powerbank 10000mAh,Elektronik & Aksesori,1,138500.0,10.0,13900.0,124700.0,QRIS,returned,Medan
ORD00766,2024-07-02,CST0735,STR025,PRD0054,Lukisan Kanvas UMKM,Kerajinan & Souvenir,1,189800.0,5.0,9500.0,180300.0,Transfer BCA,processing,Tangerang
ORD04896,2023-08-29,CST0964,STR020,PRD0021,Sunscreen SPF50 Lokal,Kecantikan & Perawatan,2,91000.0,20.0,36400.0,145600.0,COD,processing,Bandung
ORD02158,2023-06-22,CST0111,STR042,PRD0040,Lilin Aromaterapi,Rumah Tangga,4,63200.0,0.0,0.0,252800.0,Transfer BRI,delivered,Bogor
ORD03260,2024-10-28,CST0054,STR004,PRD0040,Lilin Aromaterapi,Rumah Tangga,4,70200.0,5.0,14000.0,266700.0,Alfamart,processing,Jakarta
ORD05382,2024-01-07,CST0030,STR033,PRD0026,Kabel Data Type-C 1m,Elektronik & Aksesori,4,42600.0,10.0,17000.0,153400.0,QRIS,returned,Depok
ORD05120,2023-12-07,CST0950,STR003,PRD0026,Kabel Data Type-C 1m,Elektronik & Aksesori,1,41700.0,,10400.0,31300.0,Transfer BCA,delivered,Depok
ORD05207,2024-01-19,CST0529,STR029,PRD0022,Body Lotion Bengkoang,Kecantikan & Perawatan,1,50100.0,10.0,5000.0,45100.0,Transfer BCA,cancelled,Bandung
ORD01515,2023-12-02,CST0973,STR042,PRD0016,Rendang Kemasan Vacuum,Makanan & Minuman,1,117000.0,0.0,0.0,117000.0,OVO,processing,Bogor
ORD00880,2023-09-20,CST0777,STR018,PRD0025,Powerbank 10000mAh,Elektronik & Aksesori,10,132500.0,25.0,331200.0,993600.0,QRIS,delivered,Makassar
ORD01984,2024-08-27,CST0976,STR032,PRD0011,Kopi Arabika Toraja 250gr,Makanan & Minuman,1,78900.0,0.0,0.0,78900.0,Dana,processing,Bogor
ORD02678,12-05-2024,CST0407,STR025,PRD0054,Lukisan Kanvas UMKM,Kerajinan & Souvenir,4,185500.0,0.0,0.0,741900.0,Indomaret,cancelled,Tangerang
ORD04424,2024-09-26,CST0322,STR046,PRD0056,Topeng Kayu Dekorasi,Kerajinan & Souvenir,2,102400.0,10.0,20500.0,184300.0,GoPay,processing,Medan
ORD00492,2023-02-22,CST0230,STR037,PRD0001,Batik Tulis Premium,Fashion & Pakaian,1,291600.0,15.0,43700.0,247800.0,Transfer BRI,cancelled,Depok
ORD01555,2024-07-05,CST0322,STR008,PRD0017,Skincare Serum Vit C Lokal,Kecantikan & Perawatan,2,99500.0,20.0,39800.0,159200.0,COD,processing,Palembang
ORD00472,2024-03-12,CST0252,STR023,PRD0033,Tempat Makan Tupperware KW,Rumah Tangga,1,53300.0,25.0,13300.0,40000.0,Indomaret,delivered,Palembang
ORD03559,2023-08-23,CST0855,STR012,PRD0029,Lampu LED Ring Light,Elektronik & Aksesori,2,167000.0,10.0,33400.0,300500.0,,delivered,Depok
ORD05059,2024-05-28,CST0733,STR040,PRD0017,Skincare Serum Vit C Lokal,Kecantikan & Perawatan,2,111100.0,,0.0,222100.0,GoPay,returned,Tangerang
ORD01872,2024-02-10,CST0737,STR021,PRD0050,Botol Infuser Air,Olahraga & Outdoor,1,56600.0,0.0,0.0,56600.0,Transfer Mandiri,delivered,Depok
ORD04114,2023-10-11,CST0676,STR036,PRD0017,Skincare Serum Vit C Lokal,Kecantikan & Perawatan,2,99100.0,10.0,19800.0,178400.0,,cancelled,Tangerang
ORD00252,2023-12-12,CST0762,STR034,PRD0048,Tali Skipping Premium,Olahraga & Outdoor,4,61300.0,10.0,24500.0,220600.0,Transfer BCA,delivered,Depok
ORD03935,2024-01-23,CST0884,STR038,PRD0042,Mainan Edukasi Kayu,Perlengkapan Bayi & Anak,2,81100.0,0.0,0.0,162300.0,Alfamart,delivered,Semarang
ORD01372,2024-02-23,CST0300,STR008,PRD0032,Charger Fast Charging,Elektronik & Aksesori,1,68300.0,20.0,13700.0,54600.0,LinkAja,delivered,Palembang
ORD00788,2024-10-18,CST0453,STR017,PRD0012,Teh Herbal Jahe Merah,Makanan & Minuman,3,42000.0,,0.0,126100.0,QRIS,returned,Tangerang
ORD05225,2023-12-19,CST0681,STR034,PRD0038,Talenan Kayu Jati,Rumah Tangga,3,92900.0,10.0,27900.0,250800.0,Transfer BRI,delivered,Depok
ORD00228,2024-11-14,CST0158,STR023,PRD0026,Kabel Data Type-C 1m,Elektronik & Aksesori,3,40500.0,0.0,0.0,121500.0,OVO,delivered,Palembang
ORD05304,2024-06-15,CST0456,STR019,PRD0023,Shampo Kemiri Organik,Kecantikan&Perawatan,1,76500.0,20.0,15300.0,61200.0,cod,returned,Surabaya
ORD02496,2023-12-19,CST0828,STR028,PRD0009,Keripik Tempe Renceng,Makanan & Minuman,1,13600.0,20.0,2700.0,10900.0,OVO,cancelled,
ORD04518,2023-08-16,CST0838,STR016,PRD0028,Holder HP Mobil,Elektronik & Aksesori,1,65100.0,5.0,3300.0,61900.0,LinkAja,returned,Medan
ORD05463,2023-04-26,CST0446,STR022,PRD0048,Tali Skipping Premium,Olahraga & Outdoor,1,53800.0,10.0,5400.0,48400.0,ShopeePay,returned,Jakarta
ORD03705,2023-07-05,CST0505,STR003,PRD0014,Madu Hutan Asli 500ml,Makanan & Minuman,5,187500.0,0.0,0.0,937500.0,COD,delivered,Depok
ORD04609,2023-03-09,CST0435,STR014,PRD0009,Keripik Tempe Renceng,Makanan & Minuman,1,14900.0,0.0,0.0,14900.0,Transfer BCA,delivered,Makassar
ORD00908,2023-09-09,CST0338,STR048,PRD0006,Jaket Bomber,Fashion & Pakaian,1,307200.0,5.0,15400.0,291800.0,,returned,Surabaya
ORD02349,2023-06-19,CST0037,STR019,PRD0011,Kopi Arabika Toraja 250gr,Makanan & Minuman,2,81600.0,20.0,32600.0,130600.0,,cancelled,Surabaya
ORD03391,2023-05-07,CST0483,STR030,PRD0027,Earphone Bluetooth TWS,Elektronik & Aksesori,2,139100.0,0.0,0.0,278200.0,QRIS,cancelled,Surabaya
ORD00600,2023-09-11,CST0501,STR034,PRD0020,Lip Cream Matte Halal,Kecantikan & Perawatan,1,45100.0,0.0,0.0,45100.0,GoPay,delivered,Depok
ORD00293,2024-10-26,CST0265,STR049,PRD0017,Skincare Serum Vit C Lokal,Kecantikan & Perawatan,2,116800.0,5.0,11700.0,221900.0,Alfamart,delivered,Makassar
ORD04889,2023-11-02,CST0813,STR004,PRD0012,Teh Herbal Jahe Merah,Makanan & Minuman,1,38200.0,10.0,3800.0,34400.0,Transfer BCA,returned,Jakarta
ORD00978,2024-11-14,CST0389,STR026,PRD0017,Skincare Serum Vit C Lokal,Kecantikan & Perawatan,1,106200.0,0.0,0.0,106200.0,Transfer Mandiri,returned,Bandung
ORD02082,2024-09-13,CST0580,STR049,PRD0034,Sapu Lantai Ijuk,Rumah Tangga,10,24500.0,,0.0,245400.0,Indomaret,delivered,Makassar
ORD04210,2024-10-29,CST0018,STR019,PRD0029,Lampu LED Ring Light,Elektronik & Aksesori,2,162700.0,0.0,0.0,325500.0,Dana,returned,Surabaya
ORD01184,2024-09-13,CST0594,STR011,PRD0040,Lilin Aromaterapi,Rumah Tangga,2,65700.0,5.0,6600.0,124900.0,LinkAja,delivered,Bogor
ORD01922,2024-11-05,CST0702,STR020,PRD0011,Kopi Arabika Toraja 250gr,Makanan & Minuman,5,87300.0,15.0,65500.0,371000.0,Transfer Mandiri,delivered,Bandung
ORD03400,2024-09-24,CST0420,STR008,PRD0033,Tempat Makan Tupperware KW,Rumah Tangga,4,54700.0,0.0,0.0,218800.0,Transfer Mandiri,cancelled,Palembang
ORD01729,2024-09-29,CST0569,STR034,PRD0004,Celana Chino Pria,Fashion & Pakaian,1,166100.0,5.0,8300.0,157800.0,Dana,delivered,Depok
ORD04042,2024-12-01,CST0986,STR046,PRD0024,Parfum Roll-On Halal,Kecantikan & Perawatan,2,38400.0,20.0,15300.0,61400.0,Dana,cancelled,Medan
ORD00916,2024-12-19,CST0805,STR028,PRD0018,Masker Wajah Clay BPOM,Kecantikan & Perawatan,1,53500.0,5.0,2700.0,50800.0,QRIS,delivered,Palembang
ORD03662,2023-08-16,CST0619,STR014,PRD0008,Sandal Kulit Handmade,Fashion & Pakaian,1,163100.0,5.0,8200.0,154900.0,Transfer BRI,delivered,Makassar
ORD03297,2023-01-13,CST0069,STR041,PRD0048,Tali Skipping Premium,Olahraga & Outdoor,1,53400.0,5.0,2700.0,50700.0,GoPay,returned,Semarang
ORD01893,2023-01-23,CST0338,STR019,PRD0020,Lip Cream Matte Halal,Kecantikan & Perawatan,2,45400.0,20.0,18200.0,72700.0,LinkAja,cancelled,Surabaya
ORD00713,2023-10-06,CST0855,STR039,PRD0014,Madu Hutan Asli 500ml,makanan & minuman,4,175200.0,20.0,140200.0,560700.0,Transfer BCA,cancelled,Bandung
ORD01739,2023-03-21,CST0796,STR013,PRD0012,Teh Herbal Jahe Merah,Makanan & Minuman,2,45000.0,15.0,13500.0,76500.0,QRIS,delivered,Depok
ORD01935,2024-08-28,CST0859,STR037,PRD0013,Snack Box Mix,makanan & minuman,1,47100.0,15.0,7100.0,40100.0,GoPay,delivered,Depok
ORD03665,2023-03-02,CST0500,STR025,PRD0041,Baju Bayi Newborn Set,Perlengkapan Bayi & Anak,3,147000.0,15.0,66100.0,374800.0,OVO,cancelled,Tangerang
ORD00735,2024-03-17,CST0592,STR027,PRD0052,Gelang Batok Kelapa,Kerajinan & Souvenir,1,24700.0,10.0,2500.0,22200.0,ShopeePay,cancelled,Depok
ORD01860,2023-10-06,CST0582,STR031,PRD0018,Masker Wajah Clay BPOM,Kecantikan & Perawatan,2,47900.0,5.0,4800.0,90900.0,,cancelled,Palembang
ORD03722,2023-08-28,CST0950,STR023,PRD0032,Charger Fast Charging,Elektronik & Aksesori,1,70600.0,10.0,7100.0,63500.0,Transfer Mandiri,returned,Palembang
ORD00684,2024-03-27,CST0037,STR031,PRD0003,Hijab Voal Motif,Fashion & Pakaian,1,59200.0,0.0,0.0,59200.0,Indomaret,returned,Palembang
ORD02293,2023-05-25,CST0505,STR009,PRD0041,Baju Bayi Newborn Set,Perlengkapan Bayi & Anak,10,145500.0,,72800.0,1382300.0,Transfer BCA,returned,Medan
ORD01789,2023-04-14,CST0263,STR027,PRD0047,Kaos Olahraga Dryfit,Olahraga & Outdoor,1,73800.0,25.0,18500.0,55400.0,QRIS,returned,Depok
ORD02858,2023-06-25,CST0705,STR022,PRD0040,Lilin Aromaterapi,Rumah Tangga,1,67500.0,0.0,0.0,67500.0,Transfer BCA,delivered,Jakarta
ORD00506,2023-12-12,CST0312,STR014,PRD0012,Teh Herbal Jahe Merah,Makanan & Minuman,2,42900.0,0.0,0.0,85800.0,ShopeePay,cancelled,Makassar
ORD03766,2023-07-25,CST0820,STR020,PRD0014,Madu Hutan Asli 500ml,Makanan & Minuman,1,161300.0,0.0,0.0,161300.0,Dana,delivered,Bandung
ORD00953,2023-04-21,CST0059,STR018,PRD0024,Parfum Roll-On Halal,Kecantikan & Perawatan,5,45300.0,10.0,22600.0,203800.0,ShopeePay,cancelled,Makassar
ORD02265,2024-08-05,CST0377,STR035,PRD0025,Powerbank 10000mAh,Elektronik & Aksesori,2,136100.0,10.0,27200.0,245100.0,Alfamart,processing,Surabaya
ORD03888,06/01/2024,CST0520,STR012,PRD0040,Lilin Aromaterapi,Rumah Tangga,2,62300.0,0.0,0.0,124700.0,LinkAja,delivered,Depok
ORD04026,2024-09-17,CST0994,STR050,PRD0026,Kabel Data Type-C 1m,Elektronik & Aksesori,2,39300.0,0.0,0.0,78600.0,transfer mandiri,processing,Medan
ORD03169,2023-09-25,CST0678,STR033,PRD0046,Botol Susu Anti-Kolik,Perlengkapan Bayi & Anak,2,108700.0,0.0,0.0,217400.0,Alfamart,delivered,Depok
ORD00107,2023-11-29,CST0828,STR016,PRD0005,Dress Casual Wanita,Fashion & Pakaian,4,183900.0,,36800.0,698700.0,GoPay,returned,Medan
ORD04727,2023-03-18,CST0931,STR018,PRD0033,Tempat Makan Tupperware KW,Rumah Tangga,3,57800.0,5.0,8700.0,164900.0,LinkAja,cancelled,Makassar
ORD03197,2024-03-22,CST0976,STR021,PRD0006,Jaket Bomber,Fashion & Pakaian,-4,298000.0,0.0,0.0,1191900.0,COD,processing,Depok
ORD03014,2024-10-05,CST0171,STR049,PRD0051,Topi Running,Olahraga & Outdoor,1,50900.0,0.0,0.0,50900.0,QRIS,delivered,Makassar
ORD02374,2024-12-17,CST0870,STR021,PRD0033,Tempat Makan Tupperware KW,Rumah Tangga,1,53500.0,10.0,5400.0,48200.0,Indomaret,delivered,Depok
ORD03880,2024-02-22,CST0394,STR029,PRD0029,Lampu LED Ring Light,Elektronik & Aksesori,2,184200.0,10.0,36800.0,331500.0,GoPay,cancelled,Bandung
ORD02122,2024-03-16,CST0210,STR031,PRD0038,Talenan Kayu Jati,Rumah Tangga,2,89400.0,20.0,35800.0,143000.0,transfer bri,returned,Palembang
ORD04429,2024-12-11,CST0725,STR039,PRD0035,Lap Microfiber Set 3pcs,Rumah Tangga,1,31900.0,0.0,0.0,31900.0,COD,delivered,Bandung
ORD04696,2024-09-07,CST0237,STR021,PRD0005,Dress Casual Wanita,Fashion & Pakaian,1,177100.0,,8900.0,168200.0,GoPay,returned,Depok
ORD04241,2023-08-04,CST0379,STR012,PRD0028,Holder HP Mobil,Elektronik & Aksesori,1,59100.0,0.0,0.0,59100.0,GoPay,processing,Depok
ORD01075,2023-01-06,CST0085,STR035,PRD0042,Mainan Edukasi Kayu,Perlengkapan Bayi & Anak,2,81900.0,0.0,0.0,163900.0,LinkAja,delivered,Surabaya
ORD02437,2023-09-17,CST0985,STR031,PRD0049,Matras Yoga 6mm,Olahraga & Outdoor,1,146400.0,0.0,0.0,146400.0,Alfamart,returned,Palembang
ORD02777,2023-12-01,CST0300,STR010,PRD0046,Botol Susu Anti-Kolik,Perlengkapan Bayi & Anak,1,100400.0,0.0,0.0,100400.0,LinkAja,delivered,Palembang
ORD02223,2024-12-24,CST0851,STR034,PRD0039,Keranjang Rotan Mini,Rumah Tangga,1,114900.0,10.0,11500.0,103400.0,Indomaret,delivered,Depok
ORD00417,2024-03-09,CST0457,STR016,PRD0055,Gantungan Kunci Batik,Kerajinan & Souvenir,2,12100.0,0.0,0.0,24200.0,Dana,delivered,Medan
ORD01744,2023-07-29,CST0513,STR003,PRD0035,Lap Microfiber Set 3pcs,Rumah Tangga,1,33000.0,20.0,6600.0,26400.0,GoPay,cancelled,Depok
ORD03149,2024-07-27,CST0270,STR031,PRD0024,Parfum Roll-On Halal,Kecantikan & Perawatan,1,44200.0,10.0,4400.0,39800.0,ShopeePay,delivered,Palembang
ORD00565,2024-06-04,CST0656,STR021,PRD0009,Keripik Tempe Renceng,Makanan & Minuman,3,13900.0,0.0,0.0,41800.0,GoPay,delivered,Depok
ORD00479,2024-11-08,CST0893,STR039,PRD0053,Tas Anyaman Pandan,Kerajinan & Souvenir,2,103800.0,15.0,31100.0,176400.0,GoPay,delivered,Bandung
ORD04890,2024-05-17,CST0463,STR005,PRD0009,Keripik Tempe Renceng,Makanan & Minuman,1,15300.0,,800.0,14500.0,COD,returned,Medan
ORD00180,2024-09-02,CST0148,STR002,PRD0004,Celana Chino Pria,Fashion & Pakaian,2,166000.0,15.0,49800.0,282300.0,Dana,delivered,Medan
ORD03875,2023-12-24,CST0792,STR048,PRD0036,Gantungan Baju Kayu,Rumah Tangga,2,22000.0,10.0,4400.0,39500.0,Indomaret,delivered,Surabaya
ORD04389,2023-10-03,CST0753,STR049,PRD0030,Mouse Wireless USB,Elektronik & Aksesori,2,100000.0,10.0,20000.0,180000.0,QRIS,delivered,Makassar
ORD04428,2023-07-07,CST0786,STR005,PRD0016,Rendang Kemasan Vacuum,Makanan & Minuman,3,130700.0,0.0,0.0,392100.0,Transfer Mandiri,returned,Medan
ORD04049,2024-11-24,CST0829,STR032,PRD0033,Tempat Makan Tupperware KW,Rumah Tangga,1,54400.0,0.0,0.0,54400.0,LinkAja,delivered,Bogor
ORD00606,2024-02-25,CST0187,STR039,PRD0021,Sunscreen SPF50 Lokal,Kecantikan & Perawatan,1,92000.0,10.0,9200.0,82800.0,GoPay,cancelled,Bandung
ORD05234,2024-01-08,CST0571,STR015,PRD0052,Gelang Batok Kelapa,Kerajinan & Souvenir,1,23000.0,5.0,1100.0,21800.0,GoPay,cancelled,Jakarta
ORD00748,2024-04-07,CST0124,STR027,PRD0003,Hijab Voal Motif,Fashion & Pakaian,2,64500.0,5.0,6500.0,122600.0,Transfer BRI,processing,Depok
ORD05159,2023-07-06,CST0356,STR012,PRD0003,Hijab Voal Motif,Fashion & Pakaian,1,64500.0,0.0,0.0,64500.0,Transfer BCA,returned,Depok
ORD02519,2023-03-22,CST0348,STR022,PRD0007,Sepatu Sneakers Lokal,Fashion & Pakaian,-1,265100.0,15.0,39800.0,225300.0,Dana,delivered,Jakarta
ORD00498,2023-10-22,CST0515,STR034,PRD0033,Tempat Makan Tupperware KW,Rumah Tangga,3,52800.0,5.0,7900.0,150600.0,COD,delivered,Depok
ORD03403,2023-04-07,CST0355,STR020,PRD0043,Tas Sekolah Anak SD,Perlengkapan Bayi & Anak,1,124500.0,0.0,0.0,124500.0,,delivered,Bandung
ORD03867,2023-01-26,CST0953,STR001,PRD0014,Madu Hutan Asli 500ml,Makanan & Minuman,2,165400.0,5.0,16500.0,314200.0,Alfamart,returned,Surabaya
ORD03490,2024-10-01,CST0365,STR026,PRD0038,Talenan Kayu Jati,Rumah Tangga,3,94200.0,10.0,28200.0,254200.0,Transfer Mandiri,returned,Bandung
ORD00808,2023-01-27,CST0932,STR041,PRD0021,Sunscreen SPF50 Lokal,Kecantikan & Perawatan,5,85900.0,0.0,0.0,429600.0,COD,delivered,Semarang
ORD03619,2023-11-04,CST0818,STR010,PRD0038,Talenan Kayu Jati,Rumah Tangga,1,86600.0,5.0,4300.0,82300.0,COD,processing,Palembang
ORD04072,2024-11-30,CST0536,STR050,PRD0037,Botol Minum Tumbler,Rumah Tangga,1,81000.0,0.0,0.0,81000.0,Transfer BCA,returned,Medan
ORD00473,2024-10-25,CST0941,STR024,PRD0010,Sambal Bawang Homemade,Makanan & Minuman,3,32200.0,5.0,4800.0,91700.0,Indomaret,processing,Bogor
ORD01362,2024-09-01,CST0421,STR036,PRD0041,Baju Bayi Newborn Set,Perlengkapan Bayi & Anak,1,131600.0,20.0,26300.0,105300.0,GoPay,delivered,Tangerang
ORD05132,2024-02-10,CST0066,STR046,PRD0051,Topi Running,Olahraga & Outdoor,1,51100.0,0.0,0.0,51100.0,LinkAja,processing,Medan
ORD01033,2024-04-02,CST0077,STR049,PRD0024,Parfum Roll-On Halal,Kecantikan & Perawatan,3,42100.0,0.0,0.0,126300.0,Transfer Mandiri,processing,Makassar
ORD02035,2023-04-29,CST0275,STR043,PRD0052,Gelang Batok Kelapa,Kerajinan & Souvenir,3,23500.0,0.0,0.0,70400.0,Alfamart,processing,Surabaya
ORD00474,2024-06-21,CST0252,STR019,PRD0010,Sambal Bawang Homemade,Makanan & Minuman,1,34200.0,0.0,0.0,34200.0,Transfer Mandiri,delivered,Surabaya
ORD04695,2023-08-10,CST0968,STR009,PRD0023,Shampo Kemiri Organik,Kecantikan & Perawatan,1,69200.0,5.0,3500.0,65700.0,ShopeePay,returned,Medan
ORD03353,2024-11-25,CST0763,STR043,PRD0051,Topi Running,Olahraga & Outdoor,1,49400.0,0.0,0.0,49400.0,Alfamart,delivered,Surabaya
ORD01659,2023-02-06,CST0558,STR017,PRD0017,Skincare Serum Vit C Lokal,Kecantikan & Perawatan,3,103100.0,0.0,0.0,309200.0,Transfer BCA,returned,Tangerang
ORD01546,2024-08-06,CST0623,STR006,PRD0046,Botol Susu Anti-Kolik,Perlengkapan Bayi & Anak,10,96400.0,0.0,0.0,963700.0,GoPay,delivered,Depok
ORD04522,2023-01-05,CST0481,STR034,PRD0043,Tas Sekolah Anak SD,Perlengkapan Bayi & Anak,4,103300.0,0.0,0.0,413300.0,Transfer Mandiri,delivered,Depok
ORD03479,2024-01-29,CST0471,STR022,PRD0001,Batik Tulis Premium,Fashion & Pakaian,2,336100.0,0.0,0.0,672200.0,Indomaret,processing,Jakarta
ORD00273,2023-07-18,CST0762,STR018,PRD0004,Celana Chino Pria,Fashion & Pakaian,2,179200.0,0.0,0.0,358400.0,Dana,delivered,Makassar
ORD01407,2024-10-27,CST0170,STR035,PRD0020,Lip Cream Matte Halal,Kecantikan & Perawatan,1,47500.0,5.0,2400.0,45100.0,Indomaret,delivered,Surabaya
ORD00337,2024-12-10,CST0982,STR040,PRD0014,Madu Hutan Asli 500ml,Makanan & Minuman,1,164600.0,0.0,0.0,164600.0,Transfer BRI,processing,Tangerang
ORD03065,2024-05-07,CST0160,STR019,PRD0010,Sambal Bawang Homemade,Makanan & Minuman,2,31900.0,0.0,0.0,63900.0,Transfer BCA,delivered,Surabaya
ORD01433,2023-02-26,CST0442,STR024,PRD0031,Casing HP Anti Crack,Elektronik & Aksesori,5,30600.0,15.0,23000.0,130100.0,Transfer Mandiri,delivered,Bogor
ORD00626,2024-07-21,CST0830,STR003,PRD0041,Baju Bayi Newborn Set,Perlengkapan Bayi & Anak,1,126700.0,0.0,0.0,126700.0,LinkAja,delivered,Depok
ORD01104,2023-02-04,CST0257,STR027,PRD0056,Topeng Kayu Dekorasi,Kerajinan & Souvenir,2,118100.0,10.0,23600.0,212500.0,GoPay,delivered,Depok
ORD02094,2024-02-11,CST0558,STR025,PRD0034,Sapu Lantai Ijuk,Rumah Tangga,2,25000.0,0.0,0.0,50100.0,Dana,cancelled,Tangerang
ORD01026,2024-10-18,CST0165,STR015,PRD0051,Topi Running,Olahraga & Outdoor,5,46000.0,0.0,0.0,230200.0,QRIS,delivered,Jakarta
ORD03785,2023-11-22,CST0679,STR031,PRD0024,Parfum Roll-On Halal,Kecantikan & Perawatan,1,41500.0,5.0,2100.0,39400.0,Transfer Mandiri,returned,Palembang
ORD03103,2024-05-04,CST0776,STR004,PRD0046,Botol Susu Anti-Kolik,Perlengkapan Bayi & Anak,5,106500.0,10.0,53300.0,479400.0,Transfer BCA,delivered,Jakarta
ORD00487,2023-07-15,CST0463,STR041,PRD0021,Sunscreen SPF50 Lokal,Kecantikan & Perawatan,1,81900.0,25.0,20500.0,61500.0,GoPay,delivered,Semarang
ORD05129,2023-11-25,CST0289,STR047,PRD0034,Sapu Lantai Ijuk,Rumah Tangga,3,27400.0,5.0,4100.0,78100.0,Alfamart,processing,Makassar
ORD00287,2024-10-04,CST0329,STR007,PRD0025,Powerbank 10000mAh,Elektronik & Aksesori,1,141400.0,0.0,0.0,141400.0,GoPay,delivered,Bogor
ORD04938,2024-12-23,CST0333,STR031,PRD0035,Lap Microfiber Set 3pcs,Rumah Tangga,4,34300.0,15.0,20600.0,116600.0,Transfer BCA,processing,Palembang
ORD00890,2023-05-16,CST0755,STR042,PRD0028,Holder HP Mobil,Elektronik & Aksesori,1,54800.0,0.0,0.0,54800.0,Indomaret,returned,Bogor
ORD03791,2024-08-16,CST0610,STR028,PRD0014,Madu Hutan Asli 500ml,Makanan & Minuman,3,176600.0,10.0,53000.0,476700.0,Dana,cancelled,Palembang
ORD00255,2024-12-14,CST0433,STR021,PRD0019,Sabun Sirih Herbal,Kecantikan & Perawatan,1,24800.0,0.0,0.0,24800.0,QRIS,delivered,
ORD01771,2023-09-17,CST0760,STR022,PRD0002,Kaos Polos Cotton Combed,Fashion & Pakaian,2,45800.0,20.0,18300.0,73300.0,Indomaret,cancelled,Jakarta
ORD02804,2024-05-03,CST0331,STR003,PRD0047,Kaos Olahraga Dryfit,Olahraga & Outdoor,1,86000.0,10.0,8600.0,77400.0,Alfamart,delivered,
ORD01221,2023-08-08,CST0652,STR004,PRD0041,Baju Bayi Newborn Set,Perlengkapan Bayi & Anak,1,123400.0,5.0,6200.0,117200.0,ShopeePay,processing,Jakarta
ORD02019,2023-04-13,CST0022,STR012,PRD0015,Dodol Garut Premium,Makanan & Minuman,1,46000.0,20.0,9200.0,36800.0,LinkAja,delivered,Depok
ORD04983,2024-04-21,CST0462,STR029,PRD0045,Buku Mewarnai + Crayon,Perlengkapan Bayi & Anak,1,33400.0,15.0,5000.0,28400.0,ShopeePay,cancelled,Bandung
ORD01243,21-01-2023,CST0923,STR042,PRD0026,Kabel Data Type-C 1m,Elektronik & Aksesori,1,44500.0,10.0,4500.0,40100.0,Dana,delivered,Bogor
ORD03771,2024-09-11,CST0999,STR018,PRD0040,Lilin Aromaterapi,Rumah Tangga,2,68200.0,10.0,13600.0,122800.0,Alfamart,delivered,Makassar
ORD04762,2024-02-25,CST0095,STR012,PRD0054,Lukisan Kanvas UMKM,Kerajinan & Souvenir,3,208500.0,10.0,62600.0,563100.0,Indomaret,processing,Depok
ORD02619,2024-07-24,CST0889,STR048,PRD0020,Lip Cream Matte Halal,Kecantikan & Perawatan,1,44400.0,0.0,0.0,44400.0,Indomaret,delivered,Surabaya
ORD05110,2023-05-07,CST0204,STR017,PRD0014,Madu Hutan Asli 500ml,Makanan & Minuman,1,161900.0,0.0,0.0,161900.0,QRIS,delivered,Tangerang
ORD04553,2023-07-12,CST0711,STR021,PRD0047,Kaos Olahraga Dryfit,Olahraga & Outdoor,5,77400.0,0.0,0.0,387200.0,,cancelled,Depok
ORD01401,2023-08-05,CST0791,STR007,PRD0029,Lampu LED Ring Light,Elektronik & Aksesori,2,161900.0,0.0,0.0,323900.0,,processing,Bogor
ORD02198,2023-07-10,CST0984,STR023,PRD0009,Keripik Tempe Renceng,Makanan & Minuman,2,14600.0,0.0,0.0,29200.0,COD,processing,Palembang
ORD01544,2023-09-27,CST0320,STR010,PRD0028,Holder HP Mobil,Elektronik & Aksesori,1,57700.0,0.0,0.0,57700.0,Dana,cancelled,Palembang
ORD03443,2024-03-31,CST0100,STR009,PRD0001,Batik Tulis Premium,Fashion & Pakaian,1,309100.0,0.0,0.0,309100.0,COD,delivered,Medan
ORD01091,2023-03-04,CST0071,STR013,PRD0038,Talenan Kayu Jati,Rumah Tangga,1,89800.0,5.0,4500.0,85300.0,Alfamart,delivered,Depok
ORD01182,2023-03-21,CST0442,STR030,PRD0036,Gantungan Baju Kayu,Rumah Tangga,5,22000.0,5.0,5500.0,104300.0,QRIS,processing,Surabaya
ORD04294,2024-05-09,CST0600,STR005,PRD0028,Holder HP Mobil,Elektronik & Aksesori,1,60400.0,25.0,15100.0,45300.0,Indomaret,processing,Medan
ORD02147,2023/01/20,CST0209,STR005,PRD0052,Gelang Batok Kelapa,Kerajinan & Souvenir,2,23300.0,15.0,7000.0,39600.0,Alfamart,processing,Medan
ORD02645,2024-11-13,CST0216,STR002,PRD0036,Gantungan Baju Kayu,Rumah Tangga,-3,20600.0,20.0,12300.0,49400.0,LinkAja,returned,Medan
ORD01174,2023-02-15,CST0880,STR023,PRD0051,Topi Running,Olahraga & Outdoor,2,48200.0,0.0,0.0,96400.0,Transfer Mandiri,delivered,Palembang
ORD03969,2024-04-14,CST0042,STR040,PRD0027,Earphone Bluetooth TWS,Elektronik & Aksesori,1,144100.0,10.0,14400.0,129700.0,QRIS,delivered,Tangerang
ORD05489,2024-06-28,CST0601,STR026,PRD0006,Jaket Bomber,Fashion & Pakaian,2,287300.0,0.0,0.0,574700.0,Transfer BRI,processing,Bandung
ORD02304,2024-07-22,CST0969,STR001,PRD0010,Sambal Bawang Homemade,makanan & minuman,1,31900.0,15.0,4800.0,27100.0,OVO,delivered,Surabaya
ORD05320,2023-05-05,CST0815,STR023,PRD0030,Mouse Wireless USB,Elektronik & Aksesori,3,94400.0,15.0,42500.0,240700.0,QRIS,delivered,Palembang
ORD01213,2023-03-30,CST0199,STR033,PRD0048,Tali Skipping Premium,Olahraga & Outdoor,4,61400.0,10.0,24600.0,221000.0,OVO,delivered,Depok
ORD00072,2024-09-22,CST0861,STR035,PRD0055,Gantungan Kunci Batik,Kerajinan & Souvenir,10,12800.0,0.0,0.0,127900.0,LinkAja,cancelled,Surabaya
ORD02610,2024-01-16,CST0808,STR020,PRD0010,Sambal Bawang Homemade,Makanan & Minuman,2,33800.0,15.0,10100.0,57400.0,Dana,delivered,Bandung
ORD04936,2023-09-03,CST0351,STR046,PRD0040,Lilin Aromaterapi,Rumah Tangga,1,62600.0,25.0,15600.0,46900.0,QRIS,delivered,Medan
ORD01612,2023-05-27,CST0739,STR040,PRD0042,Mainan Edukasi Kayu,Perlengkapan Bayi & Anak,2,83600.0,10.0,16700.0,150500.0,COD,delivered,Tangerang
ORD02664,2024-07-14,CST0134,STR017,PRD0046,Botol Susu Anti-Kolik,Perlengkapan Bayi & Anak,2,105500.0,0.0,0.0,211000.0,GoPay,delivered,Tangerang
ORD02587,2024-11-02,CST0133,STR033,PRD0009,Keripik Tempe Renceng,Makanan & Minuman,1,15500.0,0.0,0.0,15500.0,ShopeePay,processing,Depok
ORD03690,14/09/2024,CST0907,STR013,PRD0044,Sepatu Anak Velcro,Perlengkapan Bayi & Anak,4,93900.0,0.0,0.0,375600.0,Alfamart,delivered,Depok
ORD01320,2024-08-30,CST0353,STR020,PRD0040,Lilin Aromaterapi,Rumah Tangga,1,65600.0,20.0,13100.0,52400.0,QRIS,processing,Bandung
ORD05248,2024-09-04,CST0114,STR045,PRD0026,Kabel Data Type-C 1m,Elektronik & Aksesori,3,41100.0,0.0,0.0,123400.0,GoPay,returned,Bogor
ORD00229,2023-03-05,CST0316,STR039,PRD0012,Teh Herbal Jahe Merah,Makanan & Minuman,1,40600.0,0.0,0.0,40600.0,LinkAja,delivered,Bandung
ORD01537,2023-12-08,CST0327,STR004,PRD0044,Sepatu Anak Velcro,Perlengkapan Bayi & Anak,1,95900.0,15.0,14400.0,81500.0,ShopeePay,delivered,Jakarta
ORD04948,2023-09-18,CST0836,STR003,PRD0053,Tas Anyaman Pandan,Kerajinan & Souvenir,1,101200.0,20.0,20200.0,81000.0,QRIS,returned,Depok
ORD03756,2023-01-05,CST0347,STR035,PRD0029,Lampu LED Ring Light,Elektronik & Aksesori,1,183100.0,0.0,0.0,183100.0,Transfer Mandiri,cancelled,Surabaya
ORD04803,2023-08-14,CST0069,STR002,PRD0037,Botol Minum Tumbler,Rumah Tangga,4,79100.0,10.0,31600.0,284700.0,COD,cancelled,Medan
ORD01273,2024-10-22,CST0387,STR044,PRD0047,Kaos Olahraga Dryfit,Olahraga & Outdoor,3,76800.0,10.0,23000.0,207400.0,QRIS,returned,Tangerang
ORD00018,2023-12-17,CST0167,STR006,PRD0011,Kopi Arabika Toraja 250gr,Makanan & Minuman,2,87300.0,5.0,8700.0,165900.0,Transfer BCA,cancelled,Depok
ORD03018,2023-01-31,CST0609,STR044,PRD0033,Tempat Makan Tupperware KW,Rumah Tangga,1,57000.0,20.0,11400.0,45600.0,ShopeePay,delivered,Tangerang
ORD04458,2024-06-24,CST0338,STR021,PRD0039,Keranjang Rotan Mini,Rumah Tangga,4,115300.0,5.0,23100.0,438000.0,QRIS,delivered,Depok
ORD01704,2023-01-04,CST0494,STR023,PRD0035,Lap Microfiber Set 3pcs,Rumah Tangga,1,34100.0,5.0,1700.0,32400.0,Dana,delivered,Palembang
ORD00444,2023-12-29,CST0774,STR001,PRD0024,Parfum Roll-On Halal,Kecantikan & Perawatan,10,45400.0,20.0,90800.0,363400.0,QRIS,processing,Surabaya
ORD04513,2023-01-02,CST0153,STR024,PRD0004,Celana Chino Pria,Fashion & Pakaian,2,157300.0,0.0,0.0,314600.0,Transfer BRI,cancelled,Bogor
ORD00038,2023-03-06,CST0849,STR045,PRD0042,Mainan Edukasi Kayu,Perlengkapan Bayi & Anak,3,80100.0,0.0,0.0,240300.0,COD,processing,Bogor
ORD01506,2023-06-05,CST0040,STR034,PRD0020,Lip Cream Matte Halal,Kecantikan & Perawatan,2,51600.0,5.0,5200.0,98000.0,ShopeePay,delivered,Depok
ORD04935,2024-09-29,CST0024,STR046,PRD0008,Sandal Kulit Handmade,Fashion & Pakaian,1,158300.0,5.0,7900.0,150400.0,OVO,processing,Medan
ORD04949,2023-09-04,CST0485,STR020,PRD0042,Mainan Edukasi Kayu,Perlengkapan Bayi & Anak,1,80700.0,0.0,0.0,80700.0,LinkAja,delivered,Bandung
ORD02756,2024-05-26,CST0694,STR021,PRD0047,Kaos Olahraga Dryfit,Olahraga & Outdoor,2,80600.0,0.0,0.0,161200.0,LinkAja,cancelled,Depok
ORD04998,2024-10-25,CST0147,STR020,PRD0050,Botol Infuser Air,Olahraga & Outdoor,5,67900.0,5.0,17000.0,322400.0,COD,delivered,Bandung
ORD04367,2024-06-15,CST0639,STR008,PRD0004,Celana Chino Pria,Fashion & Pakaian,2,174500.0,10.0,34900.0,314200.0,,delivered,Palembang
ORD01096,2024-04-30,CST0746,STR024,PRD0023,Shampo Kemiri Organik,Kecantikan & Perawatan,1,74400.0,0.0,0.0,74400.0,OVO,delivered,Bogor
ORD02119,2023-05-31,CST0030,STR031,PRD0005,Dress Casual Wanita,Fashion & Pakaian,1,158300.0,0.0,0.0,158300.0,COD,delivered,Palembang
ORD04716,2024-08-04,CST0439,STR018,PRD0039,Keranjang Rotan Mini,Rumah Tangga,2,122900.0,0.0,0.0,245900.0,Transfer BRI,delivered,Makassar
ORD04263,18/11/2023,CST0295,STR007,PRD0010,Sambal Bawang Homemade,Makanan & Minuman,3,33800.0,10.0,10100.0,91200.0,OVO,processing,Bogor
ORD03700,2023-04-24,CST0316,STR011,PRD0038,Talenan Kayu Jati,Rumah Tangga,3,85700.0,20.0,51400.0,205700.0,transfer bri,returned,Bogor
ORD05488,2023-07-07,CST0874,STR037,PRD0001,Batik Tulis Premium,Fashion & Pakaian,2,302800.0,0.0,0.0,605600.0,Alfamart,processing,Depok
ORD03859,01-11-2024,CST0778,STR024,PRD0035,Lap Microfiber Set 3pcs,Rumah Tangga,1,33800.0,10.0,3400.0,30500.0,Transfer Mandiri,cancelled,Bogor
ORD05001,2024-04-24,CST0298,STR046,PRD0001,Batik Tulis Premium,Fashion & Pakaian,5,326100.0,5.0,81500.0,1548900.0,ShopeePay,processing,Medan
ORD02241,2024-07-20,CST0634,STR014,PRD0048,Tali Skipping Premium,Olahraga & Outdoor,2,51000.0,0.0,0.0,102100.0,Transfer Mandiri,cancelled,Makassar
ORD03602,2024-08-29,CST0058,STR003,PRD0007,Sepatu Sneakers Lokal,Fashion & Pakaian,1,252900.0,5.0,12600.0,240200.0,Dana,processing,Depok
ORD03929,2024-03-27,CST0297,STR027,PRD0044,Sepatu Anak Velcro,Perlengkapan Bayi & Anak,1,100700.0,20.0,20100.0,80500.0,ShopeePay,delivered,Depok
ORD01599,04-02-2024,CST0089,STR045,PRD0050,Botol Infuser Air,Olahraga & Outdoor,4,60800.0,15.0,36500.0,206700.0,GoPay,delivered,Bogor
ORD00089,2023-06-10,CST0109,STR025,PRD0035,Lap Microfiber Set 3pcs,Rumah Tangga,1,33300.0,0.0,0.0,33300.0,,delivered,Tangerang
ORD01923,2023-12-01,CST0488,STR048,PRD0019,Sabun Sirih Herbal,Kecantikan & Perawatan,3,27600.0,10.0,8300.0,74400.0,QRIS,processing,Surabaya
ORD03138,2024-10-21,CST0206,STR028,PRD0036,Gantungan Baju Kayu,Rumah Tangga,1,21900.0,5.0,1100.0,20800.0,LinkAja,returned,Palembang
ORD00812,2023-11-10,CST0719,STR050,PRD0037,Botol Minum Tumbler,Rumah Tangga,2,89400.0,0.0,0.0,178700.0,Transfer BCA,processing,Medan
ORD03623,2023-04-24,CST0672,STR017,PRD0054,Lukisan Kanvas UMKM,Kerajinan & Souvenir,1,210700.0,0.0,0.0,210700.0,Transfer BCA,returned,Tangerang
ORD02115,2024-08-09,CST0853,STR014,PRD0006,Jaket Bomber,Fashion & Pakaian,2,311600.0,10.0,62300.0,560900.0,QRIS,cancelled,
ORD02659,2023-03-06,CST0975,STR039,PRD0020,Lip Cream Matte Halal,Kecantikan & Perawatan,1,45500.0,5.0,2300.0,43200.0,Transfer BCA,delivered,Bandung
ORD01187,2024-02-24,CST0411,STR027,PRD0048,Tali Skipping Premium,Olahraga & Outdoor,1,54500.0,5.0,2700.0,51800.0,Transfer BCA,processing,Depok
ORD02701,2023-05-13,CST0264,STR012,PRD0046,Botol Susu Anti-Kolik,Perlengkapan Bayi & Anak,1,93500.0,15.0,14000.0,79500.0,GoPay,cancelled,Depok
ORD00145,2023-12-05,CST0971,STR050,PRD0022,Body Lotion Bengkoang,Kecantikan & Perawatan,4,57200.0,5.0,11400.0,217500.0,Transfer Mandiri,delivered,Medan
ORD01936,2024-11-15,CST0998,STR006,PRD0017,Skincare Serum Vit C Lokal,Kecantikan & Perawatan,5,102700.0,0.0,0.0,513700.0,COD,delivered,Depok
ORD01838,2023-10-14,CST0071,STR042,PRD0025,Powerbank 10000mAh,Elektronik & Aksesori,1,125000.0,0.0,0.0,125000.0,QRIS,returned,Bogor
ORD05240,2023-05-01,CST0228,STR046,PRD0007,Sepatu Sneakers Lokal,Fashion & Pakaian,4,276400.0,15.0,165800.0,939700.0,ShopeePay,processing,Medan
ORD02852,2023-08-19,CST0029,STR012,PRD0047,Kaos Olahraga Dryfit,Olahraga & Outdoor,1,79200.0,0.0,0.0,79200.0,Dana,delivered,Depok
ORD03350,2023-02-18,CST0986,STR008,PRD0029,Lampu LED Ring Light,Elektronik & Aksesori,1,183500.0,0.0,0.0,183500.0,Indomaret,delivered,Palembang
ORD01457,2023-01-20,CST0205,STR046,PRD0012,Teh Herbal Jahe Merah,Makanan & Minuman,1,40500.0,0.0,0.0,40500.0,ShopeePay,returned,Medan
ORD03160,2024-02-15,CST0092,STR035,PRD0039,Keranjang Rotan Mini,Rumah Tangga,1,116900.0,20.0,23400.0,93500.0,Transfer Mandiri,delivered,Surabaya
ORD01394,2023-09-28,CST0098,STR027,PRD0054,Lukisan Kanvas UMKM,Kerajinan & Souvenir,1,199100.0,0.0,0.0,199100.0,Alfamart,cancelled,Depok
ORD00486,2024-12-07,CST0066,STR005,PRD0028,Holder HP Mobil,Elektronik & Aksesori,3,63000.0,0.0,0.0,188900.0,Dana,delivered,Medan
ORD00764,2024-08-29,CST0944,STR017,PRD0009,Keripik Tempe Renceng,Makanan & Minuman,5,14900.0,0.0,0.0,74500.0,Transfer BCA,delivered,Tangerang
ORD01878,2023-01-12,CST0672,STR005,PRD0009,Keripik Tempe Renceng,Makanan & Minuman,10,133000.0,10.0,13300.0,119500.0,LinkAja,delivered,Medan
ORD02886,2023-12-03,CST0934,STR013,PRD0038,Talenan Kayu Jati,Rumah Tangga,2,89600.0,10.0,17900.0,161200.0,Dana,returned,Depok
ORD04989,2024-10-03,CST0847,STR044,PRD0003,Hijab Voal Motif,Fashion & Pakaian,2,66300.0,0.0,0.0,132700.0,LinkAja,delivered,Tangerang
ORD04153,2024-09-03,CST0546,STR049,PRD0043,Tas Sekolah Anak SD,Perlengkapan Bayi & Anak,2,106000.0,20.0,42400.0,169600.0,QRIS,delivered,Makassar
ORD04303,2024-09-15,CST0033,STR011,PRD0001,Batik Tulis Premium,Fashion & Pakaian,3,308700.0,20.0,185200.0,740800.0,QRIS,delivered,Bogor
ORD00927,25/02/2023,CST0617,STR014,PRD0032,Charger Fast Charging,Elektronik & Aksesori,4,74200.0,0.0,0.0,296800.0,OVO,delivered,Makassar
ORD00031,2024-05-14,CST0905,STR014,PRD0003,Hijab Voal Motif,FASHION & PAKAIAN,1,68400.0,15.0,10300.0,58100.0,Transfer BCA,cancelled,Makassar
ORD03308,2023-02-26,CST0579,STR029,PRD0051,Topi Running,Olahraga & Outdoor,2,47100.0,15.0,14100.0,80100.0,GoPay,returned,Bandung
ORD01502,2023-08-16,CST0919,STR042,PRD0027,Earphone Bluetooth TWS,Elektronik & Aksesori,3,139200.0,10.0,41800.0,375900.0,COD,returned,Bogor
ORD04319,2024-12-24,CST0409,STR034,PRD0039,Keranjang Rotan Mini,Rumah Tangga,2,120400.0,20.0,48100.0,192600.0,Transfer BCA,returned,Depok
ORD03797,2024-04-24,CST0119,STR007,PRD0056,Topeng Kayu Dekorasi,Kerajinan & Souvenir,5,114000.0,0.0,0.0,570200.0,,delivered,Bogor
ORD05296,2024-01-28,CST0081,STR042,PRD0056,Topeng Kayu Dekorasi,Kerajinan & Souvenir,4,115700.0,10.0,46300.0,416400.0,,delivered,Bogor
ORD04592,2023-01-07,CST0278,STR006,PRD0036,Gantungan Baju Kayu,Rumah Tangga,1,19400.0,10.0,1900.0,17400.0,QRIS,returned,Depok
ORD00801,2023-02-07,CST0949,STR033,PRD0051,Topi Running,Olahraga & Outdoor,1,477000.0,15.0,7200.0,40600.0,Dana,returned,Depok
ORD04076,2023-09-28,CST0937,STR008,PRD0049,Matras Yoga 6mm,Olahraga & Outdoor,5,169600.0,5.0,42400.0,805700.0,Transfer Mandiri,processing,Palembang
ORD04222,2024-06-27,CST0181,STR020,PRD0023,Shampo Kemiri Organik,Kecantikan & Perawatan,4,72200.0,5.0,14400.0,274300.0,,processing,Bandung
ORD00101,2024-09-23,CST0848,STR024,PRD0006,Jaket Bomber,Fashion & Pakaian,1,308200.0,0.0,0.0,308200.0,ShopeePay,delivered,Bogor
ORD05183,2024-04-17,CST0667,STR035,PRD0043,Tas Sekolah Anak SD,Perlengkapan Bayi & Anak,3,111400.0,0.0,0.0,334100.0,GoPay,returned,Surabaya
ORD04675,2024-08-20,CST0833,STR017,PRD0034,Sapu Lantai Ijuk,Rumah Tangga,1,24300.0,10.0,2400.0,21900.0,COD,delivered,Tangerang
ORD02790,2023-06-22,CST0332,STR003,PRD0006,Jaket Bomber,FASHION & PAKAIAN,3,278900.0,0.0,0.0,836800.0,ShopeePay,processing,Depok
ORD05026,2024-05-10,CST0859,STR021,PRD0006,Jaket Bomber,Fashion & Pakaian,10,321400.0,15.0,482100.0,2731900.0,QRIS,processing,Depok
ORD04601,2023-05-30,CST0639,STR036,PRD0025,Powerbank 10000mAh,Elektronik & Aksesori,2,123200.0,0.0,0.0,246400.0,Indomaret,returned,Tangerang
ORD01085,2023-12-29,CST0926,STR011,PRD0042,Mainan Edukasi Kayu,Perlengkapan Bayi & Anak,2,78300.0,,7800.0,148800.0,GoPay,returned,Bogor
ORD03291,2023-07-08,CST0793,STR038,PRD0032,Charger Fast Charging,Elektronik & Aksesori,1,71000.0,10.0,7100.0,63900.0,GoPay,cancelled,Semarang
ORD05064,2023-10-14,CST0141,STR022,PRD0011,Kopi Arabika Toraja 250gr,Makanan & Minuman,2,77500.0,0.0,0.0,155000.0,QRIS,delivered,Jakarta
ORD05107,2023-12-05,CST0559,STR033,PRD0040,Lilin Aromaterapi,Rumah Tangga,1,60300.0,10.0,6000.0,54200.0,COD,delivered,Depok
ORD04990,2024-02-13,CST0820,STR014,PRD0054,Lukisan Kanvas UMKM,Kerajinan & Souvenir,2,211200.0,0.0,0.0,422400.0,Indomaret,cancelled,Makassar
ORD04328,2024-04-10,CST0887,STR005,PRD0023,Shampo Kemiri Organik,Kecantikan & Perawatan,3,76700.0,0.0,0.0,230100.0,OVO,processing,Medan
ORD01254,2023-12-12,CST0059,STR022,PRD0001,Batik Tulis Premium,Fashion & Pakaian,4,287600.0,10.0,115000.0,1035400.0,QRIS,cancelled,Jakarta
ORD00110,2024-04-07,CST0421,STR033,PRD0038,Talenan Kayu Jati,Rumah Tangga,2,94700.0,15.0,28400.0,161100.0,ShopeePay,returned,Depok
ORD03858,2024-07-11,CST0167,STR010,PRD0014,Madu Hutan Asli 500ml,Makanan & Minuman,2,181400.0,0.0,0.0,362700.0,OVO,processing,Palembang
ORD02277,2024-02-24,CST0239,STR032,PRD0021,Sunscreen SPF50 Lokal,Kecantikan & Perawatan,2,93000.0,0.0,0.0,186000.0,QRIS,processing,Bogor
ORD04714,2023-02-24,CST0539,STR023,PRD0016,Rendang Kemasan Vacuum,Makanan & Minuman,5,120400.0,10.0,60200.0,541600.0,Transfer BCA,returned,Palembang
ORD02237,2023-08-12,CST0778,STR047,PRD0002,Kaos Polos Cotton Combed,Fashion & Pakaian,4,46300.0,5.0,9300.0,176100.0,OVO,processing,Makassar
ORD03322,2023-07-14,CST0377,STR017,PRD0010,Sambal Bawang Homemade,Makanan & Minuman,1,32400.0,0.0,0.0,32400.0,LinkAja,delivered,Tangerang
ORD01200,2023-06-05,CST0665,STR036,PRD0033,Tempat Makan Tupperware KW,Rumah Tangga,4,54100.0,0.0,0.0,216400.0,Indomaret,cancelled,Tangerang
ORD01695,2024-08-01,CST0106,STR010,PRD0047,Kaos Olahraga Dryfit,Olahraga & Outdoor,10,72800.0,5.0,36400.0,691400.0,Transfer BRI,delivered,Palembang
ORD01076,2023-12-25,CST0511,STR040,PRD0052,Gelang Batok Kelapa,Kerajinan & Souvenir,4,26600.0,5.0,5300.0,101200.0,COD,delivered,Tangerang
ORD01908,2023-02-10,CST0080,STR050,PRD0032,Charger Fast Charging,Elektronik & Aksesori,2,76600.0,0.0,0.0,153200.0,Dana,cancelled,Medan
ORD02690,2023-10-24,CST0134,STR005,PRD0035,Lap Microfiber Set 3pcs,Rumah Tangga,5,32900.0,5.0,8200.0,156300.0,QRIS,delivered,Medan
ORD02178,2024-08-27,CST0610,STR050,PRD0010,Sambal Bawang Homemade,Makanan & Minuman,2,35600.0,0.0,0.0,71300.0,QRIS,returned,
ORD02154,2023-04-15,CST0111,STR013,PRD0014,Madu Hutan Asli 500ml,makanan & minuman,1,164600.0,0.0,0.0,164600.0,ShopeePay,cancelled,Depok
ORD01145,2024-11-01,CST0409,STR026,PRD0046,Botol Susu Anti-Kolik,Perlengkapan Bayi & Anak,4,109200.0,0.0,0.0,436700.0,Transfer BRI,cancelled,Bandung
ORD03264,2024-06-09,CST0861,STR001,PRD0056,Topeng Kayu Dekorasi,Kerajinan & Souvenir,2,100000.0,10.0,20000.0,180100.0,OVO,cancelled,Surabaya
ORD05276,2023-10-18,CST0771,STR011,PRD0045,Buku Mewarnai + Crayon,Perlengkapan Bayi & Anak,4,29300.0,0.0,0.0,117400.0,Transfer Mandiri,delivered,Bogor
ORD03434,2024-05-24,CST0056,STR045,PRD0022,Body Lotion Bengkoang,Kecantikan & Perawatan,1,56300.0,20.0,11300.0,45000.0,Dana,delivered,Bogor
ORD03671,2024-07-21,CST0158,STR048,PRD0047,Kaos Olahraga Dryfit,Olahraga & Outdoor,1,81000.0,0.0,0.0,81000.0,Transfer BCA,delivered,Surabaya
ORD02379,2023-09-12,CST0761,STR036,PRD0003,Hijab Voal Motif,Fashion & Pakaian,3,63600.0,10.0,19100.0,171700.0,cod,cancelled,Tangerang
ORD02102,2024-06-16,CST0238,STR010,PRD0003,Hijab Voal Motif,Fashion & Pakaian,4,61000.0,0.0,0.0,243900.0,QRIS,delivered,Palembang
ORD03117,2024-05-08,CST0093,STR021,PRD0047,Kaos Olahraga Dryfit,Olahraga & Outdoor,1,83300.0,15.0,12500.0,70800.0,Transfer BCA,processing,Depok
ORD03614,2023-05-01,CST0129,STR016,PRD0002,Kaos Polos Cotton Combed,Fashion & Pakaian,1,45900.0,0.0,0.0,45900.0,ShopeePay,returned,Medan
ORD05273,2024-06-04,CST0738,STR004,PRD0036,Gantungan Baju Kayu,Rumah Tangga,2,21500.0,5.0,2100.0,40800.0,Alfamart,delivered,Jakarta
ORD01594,2024-12-01,CST0565,STR027,PRD0019,Sabun Sirih Herbal,Kecantikan & Perawatan,4,27700.0,,5500.0,105400.0,,returned,Depok
ORD02389,2023-11-02,CST0102,STR025,PRD0056,Topeng Kayu Dekorasi,Kerajinan & Souvenir,2,111500.0,0.0,0.0,223100.0,LinkAja,cancelled,Tangerang
ORD03425,2024-09-04,CST0624,STR013,PRD0053,Tas Anyaman Pandan,Kerajinan & Souvenir,3,93900.0,20.0,56300.0,225300.0,COD,cancelled,Depok
ORD00309,2023-06-15,CST0986,STR039,PRD0033,Tempat Makan Tupperware KW,Rumah Tangga,1,48500.0,0.0,0.0,48500.0,Dana,cancelled,Bandung
ORD00743,2024-04-29,CST0052,STR016,PRD0003,Hijab Voal Motif,Fashion & Pakaian,3,63900.0,0.0,0.0,191600.0,Indomaret,delivered,Medan
ORD05127,2023-01-08,CST0161,STR005,PRD0021,Sunscreen SPF50 Lokal,Kecantikan & Perawatan,10,89300.0,5.0,44600.0,847900.0,Transfer BRI,cancelled,Medan
ORD00912,2023-05-17,CST0654,STR032,PRD0050,Botol Infuser Air,Olahraga & Outdoor,5,57100.0,0.0,0.0,285400.0,Dana,delivered,Bogor
ORD00995,2024-08-16,CST0438,STR025,PRD0041,Baju Bayi Newborn Set,Perlengkapan Bayi & Anak,4,124500.0,20.0,99600.0,398500.0,OVO,delivered,Tangerang
ORD02145,2023-10-16,CST0997,STR029,PRD0019,Sabun Sirih Herbal,Kecantikan & Perawatan,1,24300.0,20.0,4900.0,19400.0,Dana,processing,Bandung
ORD05291,29/02/2024,CST0212,STR041,PRD0016,Rendang Kemasan Vacuum,Makanan & Minuman,2,115400.0,15.0,34600.0,196200.0,qris,delivered,Semarang
ORD02139,2023-07-26,CST0852,STR043,PRD0013,Snack Box Mix,Makanan & Minuman,1,50900.0,15.0,7600.0,43300.0,Transfer BCA,delivered,Surabaya
ORD02233,2024-08-23,CST0626,STR012,PRD0018,Masker Wajah Clay BPOM,Kecantikan & Perawatan,2,54800.0,0.0,0.0,109700.0,Alfamart,delivered,Depok
ORD01946,2024-07-09,CST0225,STR038,PRD0047,Kaos Olahraga Dryfit,Olahraga & Outdoor,3,81500.0,0.0,0.0,244500.0,Dana,delivered,
ORD02520,2024-11-01,CST0899,STR032,PRD0013,Snack Box Mix,Makanan & Minuman,3,50200.0,,7500.0,143000.0,QRIS,delivered,Bogor
ORD03980,2024-05-21,CST0783,STR003,PRD0056,Topeng Kayu Dekorasi,Kerajinan & Souvenir,2,114600.0,0.0,0.0,229200.0,Indomaret,delivered,Depok
ORD01617,2023-09-09,CST0243,STR035,PRD0042,Mainan Edukasi Kayu,Perlengkapan Bayi & Anak,2,76300.0,0.0,0.0,152600.0,COD,delivered,Surabaya
ORD00234,2024-10-30,CST0914,STR036,PRD0017,Skincare Serum Vit C Lokal,Kecantikan & Perawatan,2,116700.0,10.0,23300.0,210000.0,LinkAja,delivered,Tangerang
ORD01345,2024-12-03,CST0398,STR043,PRD0040,Lilin Aromaterapi,Rumah Tangga,1,64500.0,10.0,6400.0,58000.0,GoPay,returned,Surabaya
ORD03520,2024-03-13,CST0383,STR025,PRD0035,Lap Microfiber Set 3pcs,Rumah Tangga,5,34100.0,0.0,0.0,170400.0,ShopeePay,delivered,
ORD03296,2024-06-11,CST0785,STR034,PRD0005,Dress Casual Wanita,Fashion & Pakaian,2,171100.0,10.0,34200.0,308000.0,Transfer BCA,cancelled,Depok
ORD04597,2024-04-11,CST0982,STR027,PRD0024,Parfum Roll-On Halal,Kecantikan & Perawatan,1,43600.0,5.0,2200.0,41400.0,Transfer BCA,cancelled,Depok
ORD03865,2024-07-02,CST0554,STR035,PRD0013,Snack Box Mix,Makanan & Minuman,1,477000.0,10.0,4800.0,42900.0,Transfer Mandiri,cancelled,Surabaya
ORD05435,2023-10-07,CST0552,STR039,PRD0029,Lampu LED Ring Light,Elektronik & Aksesori,1,160500.0,15.0,24100.0,136500.0,OVO,delivered,Bandung
ORD04405,2023-02-21,CST0031,STR042,PRD0036,Gantungan Baju Kayu,Rumah Tangga,2,18200.0,0.0,0.0,36400.0,alfamart,delivered,Bogor
ORD03051,2023-06-17,CST0497,STR027,PRD0039,Keranjang Rotan Mini,Rumah Tangga,1,123100.0,0.0,0.0,123100.0,Transfer Mandiri,returned,Depok
ORD02510,2023-04-20,CST0574,STR045,PRD0014,Madu Hutan Asli 500ml,Makanan & Minuman,1,180200.0,0.0,0.0,180200.0,GoPay,processing,Bogor
ORD03011,2023-07-17,CST0117,STR004,PRD0014,Madu Hutan Asli 500ml,Makanan & Minuman,2,164400.0,20.0,65800.0,263100.0,Transfer BCA,cancelled,Jakarta
ORD00045,2024-01-05,CST0036,STR049,PRD0052,Gelang Batok Kelapa,Kerajinan & Souvenir,2,27400.0,5.0,2700.0,52000.0,Transfer BCA,processing,Makassar
ORD01499,2023-05-04,CST0301,STR016,PRD0056,Topeng Kayu Dekorasi,Kerajinan & Souvenir,2,105600.0,15.0,31700.0,179500.0,LinkAja,cancelled,Medan
ORD00747,2023-05-06,CST0403,STR001,PRD0028,Holder HP Mobil,Elektronik & Aksesori,4,570000.0,10.0,22800.0,205300.0,ShopeePay,delivered,Surabaya
ORD05077,2024-11-04,CST0679,STR033,PRD0010,Sambal Bawang Homemade,Makanan & Minuman,3,35800.0,25.0,26800.0,80400.0,OVO,delivered,Depok
ORD00439,2024-11-24,CST0371,STR030,PRD0006,Jaket Bomber,Fashion & Pakaian,1,285800.0,15.0,42900.0,242900.0,GoPay,delivered,Surabaya
ORD02576,2024-09-01,CST0244,STR019,PRD0033,Tempat Makan Tupperware KW,Rumah Tangga,1,56500.0,5.0,2800.0,53700.0,Transfer BCA,cancelled,Surabaya
ORD04291,2024-11-08,CST0263,STR026,PRD0029,Lampu LED Ring Light,Elektronik & Aksesori,2,163600.0,0.0,0.0,327200.0,GoPay,delivered,Bandung
ORD02465,2024-01-15,CST0156,STR004,PRD0033,Tempat Makan Tupperware KW,Rumah Tangga,4,52400.0,0.0,0.0,209700.0,OVO,returned,Jakarta
ORD02136,2023-10-06,CST0707,STR042,PRD0039,Keranjang Rotan Mini,Rumah Tangga,2,108200.0,0.0,0.0,216400.0,Dana,cancelled,Bogor
ORD04773,2024-07-14,CST0770,STR036,PRD0018,Masker Wajah Clay BPOM,Kecantikan & Perawatan,5,54500.0,25.0,68100.0,204400.0,Dana,delivered,Tangerang
ORD04181,2024-11-12,CST0054,STR001,PRD0054,Lukisan Kanvas UMKM,Kerajinan & Souvenir,3,208700.0,0.0,0.0,626200.0,QRIS,returned,Surabaya
ORD01808,2023-06-11,CST0686,STR014,PRD0015,Dodol Garut Premium,Makanan & Minuman,1,45500.0,5.0,2300.0,43200.0,OVO,cancelled,Makassar
ORD03692,2024-03-30,CST0753,STR034,PRD0038,Talenan Kayu Jati,Rumah Tangga,4,81400.0,0.0,0.0,325400.0,Transfer Mandiri,cancelled,Depok
ORD00150,2023-10-15,CST0032,STR038,PRD0053,Tas Anyaman Pandan,Kerajinan & Souvenir,4,95400.0,0.0,0.0,381500.0,COD,delivered,Semarang
ORD00811,2023-08-16,CST0546,STR033,PRD0045,Buku Mewarnai + Crayon,Perlengkapan Bayi & Anak,1,29300.0,20.0,5900.0,23400.0,Dana,returned,Depok
ORD00587,2023-10-15,CST0692,STR028,PRD0020,Lip Cream Matte Halal,Kecantikan & Perawatan,2,49300.0,10.0,9900.0,88800.0,GoPay,delivered,Palembang
ORD03139,2024-10-03,CST0784,STR036,PRD0017,Skincare Serum Vit C Lokal,Kecantikan & Perawatan,2,98000.0,10.0,19600.0,176400.0,COD,returned,Tangerang
ORD00438,2024-05-21,CST0426,STR005,PRD0037,Botol Minum Tumbler,Rumah Tangga,1,83300.0,0.0,0.0,83300.0,ShopeePay,delivered,Medan
ORD04766,2023-02-10,CST0233,STR023,PRD0024,Parfum Roll-On Halal,Kecantikan & Perawatan,4,39100.0,15.0,23500.0,133000.0,LinkAja,delivered,Palembang
ORD04067,2024-08-21,CST0906,STR031,PRD0045,Buku Mewarnai + Crayon,Perlengkapan Bayi & Anak,1,33700.0,10.0,3400.0,30400.0,OVO,delivered,Palembang
ORD01293,2023-07-18,CST0826,STR042,PRD0034,Sapu Lantai Ijuk,Rumah Tangga,3,27000.0,0.0,0.0,80900.0,Indomaret,delivered,Bogor
ORD04464,2024-04-22,CST0054,STR022,PRD0012,Teh Herbal Jahe Merah,Makanan & Minuman,2,43800.0,10.0,8800.0,78800.0,,returned,Jakarta
ORD01438,2024-04-26,CST0509,STR021,PRD0033,Tempat Makan Tupperware KW,Rumah Tangga,5,57700.0,15.0,43300.0,245100.0,Transfer BRI,processing,Depok
ORD00013,2023-10-06,CST0625,STR001,PRD0017,Skincare Serum Vit C Lokal,Kecantikan & Perawatan,1,112800.0,15.0,16900.0,95900.0,Transfer BRI,delivered,Surabaya
ORD00094,2023-12-04,CST0933,STR020,PRD0010,Sambal Bawang Homemade,Makanan & Minuman,2,32000.0,10.0,6400.0,57600.0,QRIS,returned,Bandung
ORD04066,2024-12-18,CST0001,STR019,PRD0001,Batik Tulis Premium,FASHION & PAKAIAN,1,327500.0,15.0,49100.0,278400.0,GoPay,cancelled,Surabaya
ORD00184,2023-10-26,CST0586,STR020,PRD0040,Lilin Aromaterapi,Rumah Tangga,1,66400.0,0.0,0.0,66400.0,Indomaret,delivered,Bandung
ORD02523,2024-12-26,CST0268,STR012,PRD0004,Celana Chino Pria,Fashion & Pakaian,3,169800.0,10.0,50900.0,458400.0,ShopeePay,processing,Depok
ORD00643,2023-11-21,CST0748,STR009,PRD0024,Parfum Roll-On Halal,Kecantikan & Perawatan,1,38100.0,5.0,1900.0,36200.0,LinkAja,processing,Medan
ORD04092,2023-04-01,CST0532,STR038,PRD0034,Sapu Lantai Ijuk,Rumah Tangga,2,27500.0,20.0,11000.0,44000.0,Transfer Mandiri,delivered,Semarang
ORD00222,2023-01-13,CST0454,STR035,PRD0028,Holder HP Mobil,Elektronik & Aksesori,2,59800.0,10.0,12000.0,107700.0,Transfer BCA,delivered,Surabaya
ORD01102,2024-01-31,CST0740,STR015,PRD0009,Keripik Tempe Renceng,Makanan & Minuman,3,13200.0,5.0,2000.0,37500.0,Transfer BRI,delivered,Jakarta
ORD04358,2023-04-20,CST0283,STR013,PRD0013,Snack Box Mix,Makanan & Minuman,1,50100.0,10.0,5000.0,45100.0,COD,delivered,Depok
ORD01558,2023-10-03,CST0835,STR033,PRD0040,Lilin Aromaterapi,Rumah Tangga,2,59800.0,,12000.0,107700.0,Transfer Mandiri,returned,Depok
ORD01088,2023-02-24,CST0317,STR033,PRD0048,Tali Skipping Premium,Olahraga & Outdoor,3,55000.0,,8200.0,156700.0,GoPay,cancelled,Depok
ORD04363,2023-02-13,CST0492,STR011,PRD0031,Casing HP Anti Crack,Elektronik & Aksesori,1,32000.0,0.0,0.0,32000.0,OVO,delivered,Bogor
ORD01567,2024-02-28,CST0993,STR035,PRD0016,Rendang Kemasan Vacuum,Makanan & Minuman,3,131700.0,0.0,0.0,395200.0,QRIS,delivered,Surabaya
ORD01095,2023-06-06,CST0728,STR040,PRD0008,Sandal Kulit Handmade,Fashion & Pakaian,2,142600.0,0.0,0.0,285300.0,ShopeePay,delivered,Tangerang
ORD03699,2023-01-05,CST0957,STR048,PRD0027,Earphone Bluetooth TWS,Elektronik & Aksesori,3,141300.0,5.0,21200.0,402800.0,Dana,delivered,Surabaya
ORD05269,2023-04-28,CST0419,STR016,PRD0035,Lap Microfiber Set 3pcs,Rumah Tangga,4,34300.0,10.0,13700.0,123400.0,COD,returned,Medan
ORD02274,2024-03-01,CST0842,STR040,PRD0055,Gantungan Kunci Batik,Kerajinan & Souvenir,10,11700.0,10.0,11700.0,105500.0,Transfer Mandiri,delivered,Tangerang
ORD01455,2023-12-05,CST0646,STR025,PRD0020,Lip Cream Matte Halal,Kecantikan & Perawatan,1,48800.0,0.0,0.0,48800.0,COD,processing,Tangerang
ORD05161,2023-11-13,CST0737,STR037,PRD0025,Powerbank 10000mAh,Elektronik & Aksesori,10,139000.0,0.0,0.0,1390200.0,Dana,delivered,Depok
ORD00654,2024-07-25,CST0287,STR031,PRD0037,Botol Minum Tumbler,Rumah Tangga,1,78600.0,15.0,11800.0,66800.0,LinkAja,processing,Palembang
ORD00430,2024-10-26,CST0057,STR039,PRD0036,Gantungan Baju Kayu,Rumah Tangga,3,21400.0,,6400.0,57800.0,Transfer BCA,cancelled,Bandung
ORD05070,2024-01-15,CST0211,STR047,PRD0056,Topeng Kayu Dekorasi,Kerajinan & Souvenir,5,108400.0,5.0,27100.0,514800.0,OVO,delivered,Makassar
ORD04308,2024-04-20,CST0011,STR044,PRD0032,Charger Fast Charging,Elektronik & Aksesori,5,71700.0,0.0,0.0,358300.0,Transfer BCA,delivered,Tangerang
ORD03629,2024-03-20,CST0311,STR050,PRD0006,Jaket Bomber,Fashion & Pakaian,2,287900.0,0.0,0.0,575700.0,LinkAja,returned,Medan
ORD01216,2024-12-05,CST0883,STR020,PRD0025,Powerbank 10000mAh,Elektronik & Aksesori,1,142200.0,5.0,7100.0,135100.0,Alfamart,returned,Bandung
ORD01057,2023-06-24,CST0809,STR005,PRD0047,Kaos Olahraga Dryfit,Olahraga & Outdoor,3,84700.0,5.0,12700.0,241500.0,Transfer Mandiri,returned,Medan
ORD01472,28/10/2024,CST0390,STR049,PRD0029,Lampu LED Ring Light,Elektronik & Aksesori,2,169900.0,5.0,17000.0,322800.0,LinkAja,processing,Makassar
ORD05385,2023-11-04,CST0234,STR002,PRD0018,Masker Wajah Clay BPOM,Kecantikan & Perawatan,1,51200.0,10.0,5100.0,46000.0,indomaret,delivered,Medan
ORD04375,2024-09-26,CST0909,STR034,PRD0032,Charger Fast Charging,Elektronik & Aksesori,1,77200.0,0.0,0.0,77200.0,LinkAja,cancelled,Depok
ORD00260,2023-06-28,CST0490,STR008,PRD0048,Tali Skipping Premium,Olahraga & Outdoor,2,512000.0,0.0,0.0,102400.0,Transfer Mandiri,returned,Palembang
ORD00839,2023-10-03,CST0693,STR027,PRD0002,Kaos Polos Cotton Combed,Fashion & Pakaian,1,48800.0,15.0,7300.0,41500.0,Dana,delivered,Depok
ORD00064,2024-03-20,CST0658,STR015,PRD0044,Sepatu Anak Velcro,Perlengkapan Bayi & Anak,2,101800.0,15.0,30600.0,173100.0,ShopeePay,processing,Jakarta
ORD01316,2023-06-16,CST0162,STR028,PRD0007,Sepatu Sneakers Lokal,Fashion & Pakaian,2,257200.0,0.0,0.0,514400.0,QRIS,cancelled,Palembang
ORD01540,2023-12-26,CST0617,STR035,PRD0056,Topeng Kayu Dekorasi,Kerajinan & Souvenir,1,108500.0,0.0,0.0,108500.0,Dana,delivered,Surabaya
ORD04568,2023-09-26,CST0013,STR047,PRD0051,Topi Running,Olahraga & Outdoor,2,49600.0,15.0,14900.0,84200.0,Transfer Mandiri,processing,Makassar
ORD04816,2024-08-21,CST0388,STR038,PRD0030,Mouse Wireless USB,Elektronik & Aksesori,2,85900.0,0.0,0.0,171800.0,Transfer Mandiri,delivered,Semarang
ORD00857,2023-07-06,CST0369,STR039,PRD0020,Lip Cream Matte Halal,Kecantikan & Perawatan,1,43400.0,10.0,4300.0,39100.0,ShopeePay,delivered,Bandung
ORD04941,03-01-2024,CST0332,STR002,PRD0013,Snack Box Mix,Makanan & Minuman,4,50800.0,5.0,10200.0,193100.0,,delivered,Medan
ORD01074,2023-02-11,CST0359,STR007,PRD0044,Sepatu Anak Velcro,Perlengkapan Bayi & Anak,1,101100.0,0.0,0.0,101100.0,Transfer Mandiri,delivered,Bogor
ORD02413,2024-05-30,CST0144,STR040,PRD0021,Sunscreen SPF50 Lokal,Kecantikan & Perawatan,1,86000.0,15.0,12900.0,73100.0,LinkAja,delivered,Tangerang
ORD02522,2024-12-22,CST0415,STR003,PRD0046,Botol Susu Anti-Kolik,Perlengkapan Bayi & Anak,1,92700.0,5.0,4600.0,88000.0,GoPay,delivered,Depok
ORD04383,2023-08-23,CST0957,STR011,PRD0055,Gantungan Kunci Batik,Kerajinan & Souvenir,1,12700.0,0.0,0.0,12700.0,Indomaret,returned,Bogor
ORD01868,2023-02-07,CST0609,STR010,PRD0022,Body Lotion Bengkoang,Kecantikan & Perawatan,1,54000.0,0.0,0.0,54000.0,LinkAja,delivered,Palembang
ORD02922,2024-01-18,CST0486,STR045,PRD0012,Teh Herbal Jahe Merah,Makanan & Minuman,5,38200.0,10.0,19100.0,172100.0,COD,delivered,Bogor
ORD01220,2023-10-17,CST0817,STR007,PRD0053,Tas Anyaman Pandan,Kerajinan & Souvenir,1,100900.0,,0.0,100900.0,COD,processing,Bogor
ORD00722,30-01-2024,CST0522,STR028,PRD0034,Sapu Lantai Ijuk,Rumah Tangga,5,24100.0,10.0,12100.0,108700.0,LinkAja,processing,Palembang
ORD00694,13-10-2023,CST0744,STR002,PRD0034,Sapu Lantai Ijuk,Rumah Tangga,2,25200.0,0.0,0.0,50300.0,ShopeePay,cancelled,Medan
ORD04857,2023-10-17,CST0586,STR001,PRD0035,Lap Microfiber Set 3pcs,Rumah Tangga,5,32000.0,20.0,32000.0,128100.0,OVO,delivered,Surabaya
ORD05267,2023-11-07,CST0140,STR037,PRD0019,Sabun Sirih Herbal,Kecantikan & Perawatan,1,26500.0,0.0,0.0,26500.0,Indomaret,delivered,Depok
ORD03419,2023-05-22,CST0234,STR027,PRD0016,Rendang Kemasan Vacuum,Makanan & Minuman,1,136400.0,15.0,20500.0,115900.0,Transfer BRI,delivered,Depok
ORD00288,2024-03-12,CST0425,STR008,PRD0013,Snack Box Mix,Makanan & Minuman,3,51200.0,10.0,15400.0,138200.0,QRIS,delivered,Palembang
ORD02624,2024-03-31,CST0277,STR033,PRD0009,Keripik Tempe Renceng,Makanan & Minuman,2,13200.0,5.0,1300.0,25200.0,Indomaret,delivered,Depok
ORD03902,2024-08-03,CST0163,STR027,PRD0052,Gelang Batok Kelapa,Kerajinan & Souvenir,1,25100.0,0.0,0.0,25100.0,Alfamart,cancelled,Depok
ORD03063,2024-12-07,CST0950,STR007,PRD0055,Gantungan Kunci Batik,Kerajinan & Souvenir,2,13400.0,5.0,1300.0,25500.0,Dana,delivered,Bogor
ORD02723,2023-12-13,CST0809,STR048,PRD0015,Dodol Garut Premium,Makanan & Minuman,1,47500.0,10.0,4700.0,42700.0,Dana,delivered,Surabaya
ORD01346,2023-10-01,CST0943,STR026,PRD0052,Gelang Batok Kelapa,Kerajinan & Souvenir,1,24600.0,0.0,0.0,24600.0,Transfer BCA,delivered,Bandung
ORD01488,2023-09-13,CST0885,STR029,PRD0041,Baju Bayi Newborn Set,Perlengkapan Bayi & Anak,1,126400.0,10.0,12600.0,113800.0,Transfer BCA,processing,Bandung
ORD03863,2024-07-17,CST0022,STR045,PRD0020,Lip Cream Matte Halal,Kecantikan & Perawatan,5,48400.0,15.0,36300.0,205700.0,COD,returned,Bogor
ORD00562,2023-03-02,CST0882,STR025,PRD0004,Celana Chino Pria,Fashion & Pakaian,2,158900.0,0.0,0.0,317700.0,GoPay,delivered,Tangerang
ORD02488,2023-03-02,CST0449,STR035,PRD0001,Batik Tulis Premium,Fashion & Pakaian,1,319900.0,25.0,80000.0,239900.0,QRIS,delivered,Surabaya
ORD02365,2023-11-04,CST0317,STR007,PRD0012,Teh Herbal Jahe Merah,Makanan & Minuman,1,45900.0,0.0,0.0,45900.0,Alfamart,delivered,Bogor
ORD01903,2023-03-26,CST0193,STR001,PRD0011,Kopi Arabika Toraja 250gr,Makanan & Minuman,1,86600.0,0.0,0.0,86600.0,Transfer BRI,cancelled,Surabaya
ORD03249,2023-07-31,CST0351,STR010,PRD0047,Kaos Olahraga Dryfit,Olahraga & Outdoor,3,80800.0,10.0,24200.0,218100.0,Indomaret,delivered,Palembang
ORD02442,2023-08-04,CST0449,STR013,PRD0016,Rendang Kemasan Vacuum,Makanan & Minuman,10,126600.0,5.0,63300.0,1202400.0,GoPay,processing,Depok
ORD05286,2024-01-12,CST0375,STR016,PRD0031,Casing HP Anti Crack,Elektronik & Aksesori,5,32700.0,0.0,0.0,163300.0,OVO,cancelled,Medan
ORD04295,2024-05-09,CST0887,STR037,PRD0015,Dodol Garut Premium,Makanan & Minuman,2,49400.0,0.0,0.0,98700.0,Transfer Mandiri,cancelled,Depok
ORD01721,2024-04-04,CST0671,STR007,PRD0035,Lap Microfiber Set 3pcs,Rumah Tangga,1,33800.0,15.0,5100.0,28700.0,ShopeePay,delivered,Bogor
ORD02415,2024-10-29,CST0240,STR049,PRD0038,Talenan Kayu Jati,Rumah Tangga,2,92400.0,15.0,27700.0,157100.0,OVO,delivered,Makassar
ORD04415,2023-06-11,CST0346,STR022,PRD0010,Sambal Bawang Homemade,Makanan & Minuman,2,35300.0,15.0,10600.0,60100.0,,delivered,Jakarta
ORD02656,2024-10-30,CST0674,STR028,PRD0043,Tas Sekolah Anak SD,Perlengkapan Bayi & Anak,2,106200.0,15.0,31900.0,180500.0,OVO,delivered,Palembang
ORD03371,2024-11-08,CST0392,STR001,PRD0055,Gantungan Kunci Batik,Kerajinan & Souvenir,1,13500.0,25.0,3400.0,10100.0,qris,delivered,Surabaya
ORD00211,2023-12-18,CST0893,STR050,PRD0052,Gelang Batok Kelapa,Kerajinan & Souvenir,10,27500.0,5.0,13800.0,261300.0,Dana,cancelled,Medan
ORD00048,2024-06-28,CST0911,STR023,PRD0019,Sabun Sirih Herbal,Kecantikan & Perawatan,1,25000.0,10.0,2500.0,22500.0,QRIS,processing,Palembang
ORD01351,2024-08-05,CST0270,STR035,PRD0038,Talenan Kayu Jati,Rumah Tangga,2,81300.0,0.0,0.0,162500.0,Dana,returned,Surabaya
ORD04056,2023-05-17,CST0105,STR015,PRD0024,Parfum Roll-On Halal,Kecantikan & Perawatan,2,40700.0,5.0,4100.0,77300.0,ShopeePay,delivered,Jakarta
ORD04049,2024-11-24,CST0829,STR032,PRD0033,Tempat Makan Tupperware KW,Rumah Tangga,1,54400.0,0.0,0.0,54400.0,LinkAja,delivered,Bogor
ORD01790,2023-01-25,CST0520,STR040,PRD0036,Gantungan Baju Kayu,Rumah Tangga,2,19600.0,10.0,3900.0,35200.0,GoPay,processing,Tangerang
ORD04907,2024-01-20,CST0557,STR039,PRD0010,Sambal Bawang Homemade,Makanan & Minuman,1,34500.0,0.0,0.0,34500.0,Alfamart,processing,Bandung
ORD05032,2023-11-30,CST0369,STR044,PRD0030,Mouse Wireless USB,Elektronik & Aksesori,1,101600.0,0.0,0.0,101600.0,Transfer BCA,cancelled,Tangerang
ORD03936,2023-10-27,CST0365,STR015,PRD0032,Charger Fast Charging,Elektronik & Aksesori,2,75600.0,10.0,15100.0,136100.0,ShopeePay,delivered,Jakarta
ORD02782,2023-04-25,CST0631,STR045,PRD0012,Teh Herbal Jahe Merah,Makanan & Minuman,2,43700.0,5.0,4400.0,83000.0,Dana,delivered,Bogor
ORD04344,2023-02-04,CST0442,STR023,PRD0028,Holder HP Mobil,Elektronik & Aksesori,2,63600.0,15.0,19100.0,108200.0,Transfer Mandiri,cancelled,Palembang
ORD04669,2024-06-03,CST0193,STR045,PRD0049,Matras Yoga 6mm,Olahraga & Outdoor,3,173500.0,5.0,26000.0,494400.0,Transfer BRI,processing,Bogor
ORD02909,2023-08-11,CST0872,STR007,PRD0039,Keranjang Rotan Mini,Rumah Tangga,3,118800.0,5.0,17800.0,338600.0,QRIS,delivered,Bogor
ORD02765,2024-08-29,CST0872,STR028,PRD0052,Gelang Batok Kelapa,Kerajinan & Souvenir,1,23200.0,20.0,4600.0,18600.0,Transfer BRI,delivered,Palembang
ORD04251,2024-02-23,CST0625,STR031,PRD0011,Kopi Arabika Toraja 250gr,Makanan & Minuman,2,77400.0,,23200.0,131600.0,COD,delivered,Palembang
ORD03950,2024-10-23,CST0656,STR011,PRD0007,Sepatu Sneakers Lokal,Fashion & Pakaian,1,289500.0,0.0,0.0,289500.0,Transfer Mandiri,returned,Bogor
ORD03144,2023-08-19,CST0078,STR044,PRD0053,Tas Anyaman Pandan,Kerajinan & Souvenir,1,92000.0,20.0,18400.0,73600.0,ShopeePay,delivered,Tangerang
ORD03957,2023-05-16,CST0310,STR021,PRD0049,Matras Yoga 6mm,Olahraga & Outdoor,2,147500.0,15.0,44200.0,250700.0,Transfer BCA,delivered,Depok
ORD01718,2023-08-29,CST0756,STR008,PRD0042,Mainan Edukasi Kayu,Perlengkapan Bayi & Anak,1,77400.0,0.0,0.0,77400.0,OVO,cancelled,Palembang
ORD04528,2024-07-28,CST0534,STR010,PRD0055,Gantungan Kunci Batik,Kerajinan & Souvenir,1,13100.0,5.0,700.0,12400.0,COD,returned,Palembang
ORD03530,2023-09-18,CST0910,STR026,PRD0046,Botol Susu Anti-Kolik,Perlengkapan Bayi & Anak,1,104000.0,0.0,0.0,104000.0,Indomaret,returned,Bandung
ORD00355,2023-12-23,CST0712,STR021,PRD0002,Kaos Polos Cotton Combed,Fashion & Pakaian,1,52800.0,15.0,7900.0,44800.0,QRIS,delivered,Depok
ORD02621,2024-11-27,CST0640,STR030,PRD0028,Holder HP Mobil,Elektronik & Aksesori,3,61500.0,0.0,0.0,184600.0,Transfer Mandiri,delivered,Surabaya
ORD03923,2024-06-10,CST0639,STR038,PRD0029,Lampu LED Ring Light,Elektronik & Aksesori,1,160900.0,25.0,40200.0,120700.0,Indomaret,cancelled,Semarang
ORD00979,2024-01-26,CST0751,STR026,PRD0007,Sepatu Sneakers Lokal,Fashion & Pakaian,1,292100.0,20.0,58400.0,233700.0,Transfer BCA,cancelled,Bandung
ORD05484,2023-05-18,CST0690,STR011,PRD0024,Parfum Roll-On Halal,Kecantikan & Perawatan,1,41500.0,0.0,0.0,41500.0,LinkAja,processing,Bogor
ORD02245,2023-05-26,CST0400,STR035,PRD0034,Sapu Lantai Ijuk,Rumah Tangga,2,25900.0,10.0,5200.0,46600.0,Indomaret,processing,Surabaya
ORD01631,2023-05-17,CST0351,STR026,PRD0014,Madu Hutan Asli 500ml,Makanan & Minuman,3,166000.0,0.0,0.0,498000.0,ShopeePay,returned,Bandung
ORD04032,2024-12-05,CST0049,STR033,PRD0023,Shampo Kemiri Organik,Kecantikan & Perawatan,2,79700.0,15.0,23900.0,135500.0,,delivered,Depok
ORD05456,05/05/2023,CST0870,STR034,PRD0039,Keranjang Rotan Mini,Rumah Tangga,1,122500.0,5.0,6100.0,116400.0,Transfer BCA,processing,Depok
ORD02926,2024-08-29,CST0889,STR005,PRD0055,Gantungan Kunci Batik,Kerajinan & Souvenir,1,12000.0,0.0,0.0,12000.0,Transfer BRI,returned,Medan
ORD04763,2023-11-26,CST0831,STR021,PRD0020,Lip Cream Matte Halal,Kecantikan & Perawatan,2,50300.0,0.0,0.0,100700.0,Transfer BCA,returned,Depok
ORD02216,2024-10-20,CST0452,STR001,PRD0038,Talenan Kayu Jati,Rumah Tangga,4,84700.0,10.0,33900.0,305000.0,,delivered,Surabaya
ORD00415,2023-04-20,CST0212,STR018,PRD0051,Topi Running,Olahraga & Outdoor,1,54100.0,5.0,2700.0,51400.0,LinkAja,returned,Makassar
ORD01731,2024-10-28,CST0221,STR050,PRD0033,Tempat Makan Tupperware KW,Rumah Tangga,1,48400.0,10.0,4800.0,43500.0,Indomaret,processing,Medan
ORD01874,2023-05-14,CST0157,STR013,PRD0017,Skincare Serum Vit C Lokal,Kecantikan & Perawatan,2,98600.0,20.0,39400.0,157700.0,Indomaret,delivered,Depok
ORD04793,2023-08-03,CST0382,STR011,PRD0041,Baju Bayi Newborn Set,Perlengkapan Bayi & Anak,2,122000.0,5.0,12200.0,231900.0,Dana,returned,Bogor
ORD02597,2024-07-27,CST0121,STR028,PRD0020,Lip Cream Matte Halal,Kecantikan & Perawatan,1,45100.0,0.0,0.0,45100.0,LinkAja,cancelled,Palembang
ORD03670,2024-09-12,CST0543,STR035,PRD0054,Lukisan Kanvas UMKM,Kerajinan & Souvenir,2,186400.0,0.0,0.0,372800.0,OVO,delivered,Surabaya
ORD01875,2023-10-30,CST0648,STR023,PRD0033,Tempat Makan Tupperware KW,Rumah Tangga,1,51600.0,20.0,10300.0,41300.0,Indomaret,cancelled,Palembang
ORD00926,2024-12-10,CST0169,STR001,PRD0029,Lampu LED Ring Light,Elektronik & Aksesori,2,167400.0,10.0,33500.0,301300.0,Transfer BRI,delivered,Surabaya
ORD02674,2024-08-08,CST0586,STR003,PRD0053,Tas Anyaman Pandan,Kerajinan & Souvenir,5,102100.0,0.0,0.0,510600.0,OVO,returned,Depok
ORD01833,2023-08-14,CST0605,STR048,PRD0027,Earphone Bluetooth TWS,Elektronik & Aksesori,2,149700.0,0.0,0.0,299300.0,COD,delivered,Surabaya
ORD02724,2023-07-25,CST0931,STR045,PRD0010,Sambal Bawang Homemade,Makanan & Minuman,1,37700.0,10.0,3800.0,33900.0,ShopeePay,delivered,Bogor
ORD05366,2024-06-24,CST0813,STR022,PRD0007,Sepatu Sneakers Lokal,Fashion & Pakaian,1,255200.0,0.0,0.0,255200.0,Indomaret,delivered,Jakarta
ORD01891,2023-12-05,CST0315,STR022,PRD0033,Tempat Makan Tupperware KW,Rumah Tangga,2,51400.0,0.0,0.0,102800.0,Indomaret,processing,Jakarta
ORD01256,2024-05-26,CST0642,STR037,PRD0048,Tali Skipping Premium,Olahraga & Outdoor,1,57700.0,0.0,0.0,57700.0,Alfamart,cancelled,Depok
ORD03163,2023-05-04,CST0153,STR018,PRD0005,Dress Casual Wanita,Fashion & Pakaian,2,179900.0,0.0,0.0,359800.0,QRIS,returned,Makassar
ORD04569,2023-09-08,CST0738,STR019,PRD0036,Gantungan Baju Kayu,Rumah Tangga,2,19700.0,20.0,7900.0,31600.0,Transfer BCA,delivered,Surabaya
ORD00253,2024-12-01,CST0465,STR036,PRD0040,Lilin Aromaterapi,Rumah Tangga,2,60900.0,15.0,18300.0,103500.0,ShopeePay,delivered,Tangerang
ORD03769,2023-07-29,CST0274,STR031,PRD0051,Topi Running,Olahraga & Outdoor,10,46900.0,15.0,70300.0,398600.0,Indomaret,returned,Palembang
ORD00655,2023-01-10,CST0519,STR003,PRD0013,Snack Box Mix,Makanan & Minuman,2,50800.0,0.0,0.0,101700.0,ShopeePay,cancelled,Depok
ORD00351,2023-02-13,CST0774,STR004,PRD0045,Buku Mewarnai + Crayon,Perlengkapan Bayi & Anak,1,28800.0,10.0,2900.0,26000.0,QRIS,delivered,Jakarta
ORD04589,2023-04-11,CST0500,STR046,PRD0010,Sambal Bawang Homemade,Makanan & Minuman,3,31300.0,10.0,9400.0,84400.0,Transfer BRI,delivered,Medan
ORD03054,2023-09-04,CST0251,STR026,PRD0002,Kaos Polos Cotton Combed,Fashion & Pakaian,1,51200.0,10.0,5100.0,46100.0,QRIS,cancelled,Bandung
ORD02229,2023-05-15,CST0970,STR007,PRD0004,Celana Chino Pria,Fashion & Pakaian,2,174500.0,25.0,87300.0,261800.0,OVO,delivered,Bogor
ORD02887,2023-04-24,CST0027,STR050,PRD0049,Matras Yoga 6mm,Olahraga & Outdoor,4,146900.0,0.0,0.0,587400.0,Transfer Mandiri,processing,Medan
ORD00458,2023-01-05,CST0568,STR007,PRD0053,Tas Anyaman Pandan,Kerajinan & Souvenir,2,99700.0,5.0,10000.0,189500.0,OVO,delivered,Bogor
ORD03408,2024-03-22,CST0922,STR006,PRD0029,Lampu LED Ring Light,Elektronik & Aksesori,2,177200.0,0.0,0.0,354300.0,COD,delivered,Depok
ORD00480,2024-03-02,CST0338,STR018,PRD0046,Botol Susu Anti-Kolik,Perlengkapan Bayi & Anak,4,95900.0,5.0,19200.0,364300.0,,processing,Makassar
ORD00091,2024-07-22,CST0975,STR018,PRD0039,Keranjang Rotan Mini,Rumah Tangga,5,112400.0,0.0,0.0,561900.0,Transfer BRI,processing,Makassar
ORD00799,2024-06-30,CST0588,STR023,PRD0038,Talenan Kayu Jati,Rumah Tangga,2,89700.0,,17900.0,161400.0,COD,delivered,Palembang
ORD03835,2024-11-22,CST0806,STR029,PRD0028,Holder HP Mobil,Elektronik & Aksesori,3,54100.0,0.0,0.0,162300.0,GoPay,delivered,Bandung
ORD01335,2024-03-07,CST0248,STR031,PRD0053,Tas Anyaman Pandan,Kerajinan & Souvenir,1,96500.0,5.0,4800.0,91700.0,OVO,cancelled,Palembang
ORD03126,2023-03-24,CST0031,STR004,PRD0051,Topi Running,Olahraga & Outdoor,2,46700.0,15.0,14000.0,79400.0,,delivered,Jakarta
ORD04138,2023-12-05,CST0117,STR036,PRD0018,Masker Wajah Clay BPOM,Kecantikan & Perawatan,1,529000.0,15.0,7900.0,44900.0,OVO,cancelled,Tangerang
ORD00027,2023-10-10,CST0122,STR016,PRD0005,Dress Casual Wanita,Fashion & Pakaian,2,167800.0,0.0,0.0,335700.0,GoPay,returned,Medan
ORD01666,2024-08-19,CST0241,STR040,PRD0056,Topeng Kayu Dekorasi,Kerajinan & Souvenir,2,117600.0,5.0,11800.0,223500.0,Transfer BCA,processing,Tangerang
ORD00550,2024-04-04,CST0009,STR016,PRD0009,Keripik Tempe Renceng,Makanan & Minuman,1,14900.0,0.0,0.0,14900.0,QRIS,processing,Medan
ORD03272,2023-01-18,CST0219,STR049,PRD0035,Lap Microfiber Set 3pcs,Rumah Tangga,1,29800.0,0.0,0.0,29800.0,Dana,cancelled,Makassar
ORD03817,2023-07-19,CST0047,STR050,PRD0048,Tali Skipping Premium,Olahraga & Outdoor,1,53600.0,0.0,0.0,53600.0,Alfamart,delivered,Medan
ORD00182,21/05/2024,CST0249,STR029,PRD0031,Casing HP Anti Crack,Elektronik & Aksesori,2,28900.0,,0.0,57700.0,Dana,returned,
ORD03949,2023-10-08,CST0411,STR009,PRD0033,Tempat Makan Tupperware KW,Rumah Tangga,1,48200.0,25.0,12000.0,36100.0,GoPay,delivered,Medan
ORD00264,2023-02-24,CST0999,STR018,PRD0028,Holder HP Mobil,Elektronik & Aksesori,1,62900.0,10.0,6300.0,56600.0,Transfer Mandiri,cancelled,Makassar
ORD02575,2024-02-10,CST0621,STR044,PRD0005,Dress Casual Wanita,Fashion & Pakaian,1,177200.0,15.0,26600.0,150600.0,Transfer BCA,processing,Tangerang
ORD05027,2023-01-24,CST0702,STR001,PRD0012,Teh Herbal Jahe Merah,Makanan & Minuman,2,41900.0,20.0,16800.0,67100.0,LinkAja,processing,Surabaya
ORD01422,2024-07-28,CST0644,STR049,PRD0047,Kaos Olahraga Dryfit,Olahraga & Outdoor,2,81300.0,0.0,0.0,162600.0,Dana,cancelled,Makassar
ORD02707,2023-05-20,CST0003,STR005,PRD0049,Matras Yoga 6mm,Olahraga & Outdoor,3,151500.0,15.0,68200.0,386400.0,Transfer BCA,cancelled,Medan
ORD04708,2023-06-27,CST0745,STR010,PRD0052,Gelang Batok Kelapa,Kerajinan & Souvenir,5,23100.0,0.0,0.0,115300.0,COD,delivered,Palembang
ORD02081,2024-04-10,CST0714,STR007,PRD0006,Jaket Bomber,Fashion & Pakaian,2,317100.0,,95100.0,539100.0,COD,delivered,Bogor
ORD05299,2024-01-16,CST0255,STR023,PRD0026,Kabel Data Type-C 1m,Elektronik & Aksesori,3,42300.0,5.0,6300.0,120600.0,OVO,delivered,
ORD03413,2024-02-16,CST0652,STR014,PRD0044,Sepatu Anak Velcro,Perlengkapan Bayi & Anak,5,99300.0,0.0,0.0,496700.0,Transfer Mandiri,delivered,Makassar
ORD05387,2024-04-23,CST0285,STR035,PRD0019,Sabun Sirih Herbal,Kecantikan & Perawatan,1,26500.0,20.0,5300.0,21200.0,Transfer BRI,delivered,Surabaya
ORD01510,2024-08-31,CST0563,STR038,PRD0050,Botol Infuser Air,Olahraga & Outdoor,5,57100.0,5.0,14300.0,271100.0,Dana,cancelled,Semarang
ORD05087,2024-04-12,CST0589,STR049,PRD0042,Mainan Edukasi Kayu,Perlengkapan Bayi & Anak,1,78000.0,5.0,3900.0,74100.0,ShopeePay,processing,Makassar
ORD03167,2023-05-23,CST0230,STR012,PRD0015,Dodol Garut Premium,Makanan & Minuman,1,46500.0,,0.0,46500.0,Indomaret,delivered,Depok
ORD04827,2023-12-05,CST0784,STR016,PRD0016,Rendang Kemasan Vacuum,Makanan & Minuman,1,125300.0,10.0,12500.0,112800.0,GoPay,delivered,Medan
ORD03134,2024/12/18,CST0274,STR019,PRD0042,Mainan Edukasi Kayu,Perlengkapan Bayi & Anak,1,83400.0,0.0,0.0,83400.0,OVO,delivered,Surabaya
ORD01481,2024-06-21,CST0738,STR026,PRD0043,Tas Sekolah Anak SD,Perlengkapan Bayi & Anak,1,105100.0,0.0,0.0,105100.0,ShopeePay,delivered,Bandung
ORD03247,2024-04-19,CST0613,STR014,PRD0035,Lap Microfiber Set 3pcs,Rumah Tangga,1,33600.0,20.0,6700.0,26900.0,COD,cancelled,Makassar
ORD04885,2024-02-11,CST0320,STR025,PRD0052,Gelang Batok Kelapa,Kerajinan & Souvenir,1,25800.0,15.0,3900.0,21900.0,Dana,delivered,Tangerang
ORD03755,2023-03-16,CST0472,STR005,PRD0014,Madu Hutan Asli 500ml,Makanan & Minuman,1,162800.0,5.0,8100.0,154600.0,Indomaret,delivered,Medan
ORD05244,2024-08-24,CST0631,STR034,PRD0050,Botol Infuser Air,Olahraga & Outdoor,1,58700.0,0.0,0.0,58700.0,Indomaret,delivered,Depok
ORD04620,2023-07-31,CST0951,STR040,PRD0055,Gantungan Kunci Batik,Kerajinan & Souvenir,4,12100.0,0.0,0.0,48600.0,LinkAja,delivered,Tangerang
ORD02078,2023-09-02,CST0730,STR020,PRD0029,Lampu LED Ring Light,Elektronik & Aksesori,1,164200.0,20.0,32800.0,131300.0,Transfer BCA,delivered,Bandung
ORD04257,2024-08-08,CST0536,STR007,PRD0011,Kopi Arabika Toraja 250gr,Makanan & Minuman,1,75600.0,10.0,7600.0,68000.0,Transfer Mandiri,delivered,Bogor
ORD05295,2024-10-02,CST0031,STR049,PRD0030,Mouse Wireless USB,Elektronik & Aksesori,3,93000.0,0.0,0.0,278900.0,Transfer BRI,returned,Makassar
ORD01943,2023-12-03,CST0621,STR033,PRD0035,Lap Microfiber Set 3pcs,Rumah Tangga,2,34900.0,0.0,0.0,69800.0,Dana,processing,Depok
ORD01700,2024-04-26,CST0941,STR031,PRD0044,Sepatu Anak Velcro,Perlengkapan Bayi & Anak,4,91800.0,15.0,55100.0,312100.0,Transfer BRI,delivered,Palembang
ORD04276,2023-06-28,CST0644,STR012,PRD0004,Celana Chino Pria,Fashion & Pakaian,10,159400.0,20.0,318800.0,1275200.0,Indomaret,cancelled,Depok
ORD00070,2023-09-26,CST0840,STR046,PRD0050,Botol Infuser Air,Olahraga & Outdoor,1,62300.0,10.0,6200.0,56100.0,Dana,delivered,Medan
ORD01118,2024-04-05,CST0482,STR026,PRD0026,Kabel Data Type-C 1m,Elektronik & Aksesori,1,45800.0,5.0,2300.0,43500.0,ShopeePay,delivered,Bandung
ORD05162,2023-07-05,CST0684,STR032,PRD0033,Tempat Makan Tupperware KW,Rumah Tangga,1,56900.0,10.0,5700.0,51200.0,Transfer Mandiri,returned,Bogor
ORD00677,2023-06-18,CST0732,STR035,PRD0037,Botol Minum Tumbler,Rumah Tangga,1,84500.0,5.0,4200.0,80300.0,OVO,processing,Surabaya
ORD04542,2023-08-08,CST0619,STR042,PRD0051,Topi Running,Olahraga & Outdoor,3,51700.0,20.0,31000.0,124000.0,QRIS,cancelled,Bogor
ORD03582,2023-02-18,CST0615,STR009,PRD0039,Keranjang Rotan Mini,Rumah Tangga,1,110500.0,0.0,0.0,110500.0,Indomaret,processing,Medan
ORD02305,2023-08-01,CST0278,STR035,PRD0017,Skincare Serum Vit C Lokal,Kecantikan & Perawatan,1,116200.0,15.0,17400.0,98800.0,COD,delivered,Surabaya
ORD03587,2023-10-18,CST0409,STR022,PRD0055,Gantungan Kunci Batik,Kerajinan & Souvenir,1,12000.0,0.0,0.0,12000.0,Transfer BRI,delivered,Jakarta
ORD00204,2023-10-29,CST0409,STR006,PRD0039,Keranjang Rotan Mini,Rumah Tangga,1,108100.0,20.0,21600.0,86500.0,Alfamart,delivered,Depok
ORD00503,2023-07-24,CST0862,STR025,PRD0012,Teh Herbal Jahe Merah,Makanan & Minuman,1,41900.0,15.0,6300.0,35600.0,Transfer Mandiri,delivered,
ORD03429,2024-01-26,CST0570,STR019,PRD0001,Batik Tulis Premium,Fashion & Pakaian,1,291500.0,10.0,29100.0,262300.0,,processing,Surabaya
ORD02253,2023-06-20,CST0511,STR045,PRD0003,Hijab Voal Motif,Fashion & Pakaian,1,61000.0,20.0,12200.0,48800.0,QRIS,returned,Bogor
ORD00340,2023-11-27,CST0461,STR010,PRD0010,Sambal Bawang Homemade,Makanan & Minuman,4,36600.0,10.0,14600.0,131700.0,LinkAja,delivered,Palembang
ORD05485,2023-02-23,CST0792,STR009,PRD0030,Mouse Wireless USB,Elektronik & Aksesori,1,99700.0,10.0,10000.0,89700.0,Transfer BCA,delivered,Medan
ORD04395,2024-01-30,CST0086,STR040,PRD0026,Kabel Data Type-C 1m,Elektronik & Aksesori,1,42700.0,5.0,2100.0,40600.0,COD,delivered,Tangerang
ORD04060,2023-12-01,CST0482,STR043,PRD0046,Botol Susu Anti-Kolik,Perlengkapan Bayi & Anak,1,101600.0,15.0,15200.0,86400.0,Transfer Mandiri,cancelled,Surabaya
ORD00388,2023-12-12,CST0937,STR045,PRD0016,Rendang Kemasan Vacuum,Makanan & Minuman,1,127100.0,0.0,0.0,127100.0,Indomaret,cancelled,Bogor
ORD04258,2024-01-17,CST0254,STR004,PRD0054,Lukisan Kanvas UMKM,Kerajinan & Souvenir,3,190300.0,0.0,0.0,570800.0,GoPay,delivered,Jakarta
ORD02272,2023/12/23,CST0851,STR001,PRD0015,Dodol Garut Premium,Makanan & Minuman,3,41800.0,0.0,0.0,125400.0,LinkAja,processing,Surabaya
ORD02230,2023-11-21,CST0113,STR007,PRD0044,Sepatu Anak Velcro,Perlengkapan Bayi & Anak,1,86200.0,0.0,0.0,86200.0,GoPay,returned,Bogor
ORD03635,2024-05-28,CST0476,STR015,PRD0028,Holder HP Mobil,Elektronik & Aksesori,4,64400.0,0.0,0.0,257800.0,linkaja,delivered,Jakarta
ORD03025,2023-08-31,CST0856,STR047,PRD0007,Sepatu Sneakers Lokal,Fashion & Pakaian,1,273500.0,10.0,27400.0,246200.0,Indomaret,delivered,Makassar
ORD03009,2023-05-25,CST0821,STR040,PRD0003,Hijab Voal Motif,Fashion & Pakaian,1,60800.0,15.0,9100.0,51700.0,Transfer Mandiri,delivered,Tangerang
ORD03718,2023-07-08,CST0433,STR028,PRD0049,Matras Yoga 6mm,Olahraga & Outdoor,4,156800.0,10.0,62700.0,564500.0,LinkAja,processing,Palembang
ORD01865,2024-02-09,CST0135,STR031,PRD0019,Sabun Sirih Herbal,Kecantikan&Perawatan,2,27700.0,15.0,8300.0,47000.0,Transfer Mandiri,processing,Palembang
ORD01768,2023-03-15,CST0362,STR038,PRD0056,Topeng Kayu Dekorasi,Kerajinan & Souvenir,3,105800.0,10.0,31700.0,285700.0,LinkAja,delivered,Semarang
ORD00678,2024-12-12,CST0519,STR009,PRD0035,Lap Microfiber Set 3pcs,Rumah Tangga,3,31900.0,0.0,0.0,95800.0,Transfer BRI,delivered,Medan
ORD01177,2024-01-04,CST0643,STR031,PRD0041,Baju Bayi Newborn Set,Perlengkapan Bayi & Anak,1,132100.0,10.0,13200.0,118900.0,Transfer Mandiri,delivered,Palembang
ORD03310,2023-09-25,CST0531,STR021,PRD0005,Dress Casual Wanita,Fashion & Pakaian,2,175200.0,0.0,0.0,350300.0,QRIS,returned,Depok
ORD04231,2024-08-09,CST0492,STR002,PRD0038,Talenan Kayu Jati,Rumah Tangga,3,84600.0,0.0,0.0,253900.0,LinkAja,returned,Medan
ORD00062,2024-08-13,CST0789,STR019,PRD0024,Parfum Roll-On Halal,Kecantikan & Perawatan,4,38700.0,10.0,15500.0,139300.0,GoPay,processing,Surabaya
ORD02583,2023-01-15,CST0649,STR002,PRD0005,Dress Casual Wanita,Fashion & Pakaian,2,166900.0,5.0,16700.0,317100.0,Transfer BCA,cancelled,Medan
ORD05145,2024-03-23,CST0446,STR027,PRD0021,Sunscreen SPF50 Lokal,Kecantikan & Perawatan,10,85400.0,0.0,0.0,854400.0,LinkAja,returned,Depok
ORD03298,2023-09-15,CST0771,STR010,PRD0049,Matras Yoga 6mm,Olahraga & Outdoor,4,170200.0,0.0,0.0,680600.0,ShopeePay,returned,Palembang
ORD04196,2024-02-24,CST0103,STR031,PRD0008,Sandal Kulit Handmade,Fashion & Pakaian,2,153800.0,10.0,30800.0,276900.0,Transfer BRI,delivered,Palembang
ORD02518,2023-03-02,CST0899,STR007,PRD0014,Madu Hutan Asli 500ml,Makanan & Minuman,1,187900.0,10.0,18800.0,169100.0,Alfamart,delivered,Bogor
ORD04723,2024-06-08,CST0078,STR043,PRD0036,Gantungan Baju Kayu,Rumah Tangga,3,18700.0,5.0,2800.0,53400.0,Alfamart,delivered,Surabaya
ORD05086,2023-12-07,CST0742,STR022,PRD0054,Lukisan Kanvas UMKM,Kerajinan & Souvenir,4,209100.0,0.0,0.0,836400.0,Dana,processing,Jakarta
ORD04498,2023-11-07,CST0306,STR029,PRD0003,Hijab Voal Motif,Fashion & Pakaian,1,56800.0,0.0,0.0,56800.0,LinkAja,processing,Bandung
ORD02128,2023-12-19,CST0171,STR006,PRD0026,Kabel Data Type-C 1m,Elektronik & Aksesori,5,45000.0,0.0,0.0,225000.0,Dana,processing,Depok
ORD04115,2024-03-11,CST0282,STR007,PRD0023,Shampo Kemiri Organik,Kecantikan & Perawatan,5,74500.0,10.0,37200.0,335100.0,Transfer BRI,returned,Bogor
ORD02288,2024-11-01,CST0517,STR020,PRD0022,Body Lotion Bengkoang,Kecantikan & Perawatan,1,57300.0,10.0,5700.0,51600.0,QRIS,returned,Bandung
ORD03536,2023-09-19,CST0627,STR036,PRD0030,Mouse Wireless USB,Elektronik & Aksesori,4,88400.0,5.0,17700.0,336100.0,Transfer Mandiri,delivered,Tangerang
ORD01116,2024-09-18,CST0238,STR007,PRD0043,Tas Sekolah Anak SD,Perlengkapan Bayi & Anak,1,103800.0,10.0,10400.0,93400.0,Transfer Mandiri,delivered,Bogor
ORD00734,2023-04-10,CST0350,STR019,PRD0054,Lukisan Kanvas UMKM,Kerajinan & Souvenir,1,201100.0,5.0,10100.0,191100.0,Indomaret,delivered,Surabaya
ORD03258,2023-10-05,CST0056,STR001,PRD0035,Lap Microfiber Set 3pcs,Rumah Tangga,3,33200.0,0.0,0.0,99700.0,Indomaret,returned,Surabaya
ORD04260,2024-11-25,CST0450,STR021,PRD0050,Botol Infuser Air,Olahraga & Outdoor,1,66400.0,10.0,6600.0,59800.0,Transfer Mandiri,processing,Depok
ORD01963,2024-07-03,CST0196,STR036,PRD0041,Baju Bayi Newborn Set,Perlengkapan Bayi & Anak,4,129200.0,15.0,77500.0,439300.0,GoPay,delivered,Tangerang
ORD00528,2023-11-16,CST0574,STR018,PRD0003,Hijab Voal Motif,Fashion & Pakaian,2,65700.0,0.0,0.0,131400.0,GoPay,returned,Makassar
ORD03775,2023-09-25,CST0894,STR049,PRD0037,Botol Minum Tumbler,Rumah Tangga,2,88700.0,0.0,0.0,177300.0,QRIS,delivered,Makassar
ORD05326,2023-02-22,CST0509,STR044,PRD0009,Keripik Tempe Renceng,Makanan & Minuman,5,15000.0,0.0,0.0,75100.0,Transfer BRI,processing,Tangerang
ORD02608,2024-08-09,CST0981,STR026,PRD0043,Tas Sekolah Anak SD,Perlengkapan Bayi & Anak,1,121100.0,10.0,12100.0,109000.0,LinkAja,returned,Bandung
ORD02196,2023-12-17,CST0900,STR010,PRD0037,Botol Minum Tumbler,Rumah Tangga,4,80700.0,0.0,0.0,322800.0,COD,cancelled,Palembang
ORD03750,2023-11-19,CST0790,STR009,PRD0028,Holder HP Mobil,Elektronik & Aksesori,1,58500.0,0.0,0.0,58500.0,QRIS,cancelled,Medan
ORD00804,2024-04-12,CST0080,STR010,PRD0031,Casing HP Anti Crack,Elektronik & Aksesori,1,30000.0,5.0,1500.0,28500.0,Alfamart,delivered,Palembang
ORD02370,2023-10-13,CST0289,STR041,PRD0054,Lukisan Kanvas UMKM,Kerajinan & Souvenir,3,193700.0,0.0,0.0,581200.0,QRIS,delivered,Semarang
ORD04970,2023-10-10,CST0874,STR022,PRD0010,Sambal Bawang Homemade,Makanan & Minuman,1,35100.0,0.0,0.0,35100.0,OVO,cancelled,Jakarta
ORD02134,08/08/2024,CST0550,STR012,PRD0030,Mouse Wireless USB,Elektronik & Aksesori,1,101300.0,0.0,0.0,101300.0,ShopeePay,delivered,Depok
ORD04830,2023-10-09,CST0214,STR044,PRD0046,Botol Susu Anti-Kolik,Perlengkapan Bayi & Anak,1,98100.0,10.0,9800.0,88200.0,QRIS,delivered,Tangerang
ORD04377,2023-12-31,CST0902,STR017,PRD0003,Hijab Voal Motif,Fashion & Pakaian,1,64800.0,5.0,3200.0,61500.0,LinkAja,delivered,Tangerang
ORD04904,2023-10-03,CST0132,STR001,PRD0056,Topeng Kayu Dekorasi,Kerajinan & Souvenir,1,101100.0,5.0,5100.0,96000.0,COD,delivered,Surabaya
ORD00220,2023-09-05,CST0961,STR048,PRD0010,Sambal Bawang Homemade,Makanan & Minuman,3,35000.0,0.0,0.0,105100.0,Transfer BCA,processing,Surabaya
ORD02219,2023-01-07,CST0256,STR049,PRD0044,Sepatu Anak Velcro,Perlengkapan Bayi & Anak,1,88500.0,15.0,13300.0,75200.0,COD,returned,Makassar
ORD00583,2024-02-01,CST0099,STR007,PRD0031,Casing HP Anti Crack,Elektronik & Aksesori,1,33100.0,10.0,3300.0,29800.0,GoPay,delivered,Bogor
ORD02785,2024-05-12,CST0924,STR010,PRD0008,Sandal Kulit Handmade,Fashion & Pakaian,5,166000.0,5.0,41500.0,788300.0,Alfamart,delivered,
ORD00044,2024-05-18,CST0280,STR045,PRD0048,Tali Skipping Premium,Olahraga & Outdoor,5,59700.0,5.0,14900.0,283400.0,Indomaret,delivered,Bogor
ORD03013,2024-07-18,CST0044,STR020,PRD0027,Earphone Bluetooth TWS,Elektronik & Aksesori,3,136600.0,0.0,0.0,409900.0,Transfer BRI,delivered,Bandung
ORD01282,2024-10-29,CST0079,STR029,PRD0030,Mouse Wireless USB,Elektronik & Aksesori,1,85300.0,0.0,0.0,85300.0,Transfer Mandiri,processing,Bandung
ORD04869,2024-11-23,CST0200,STR036,PRD0030,Mouse Wireless USB,Elektronik & Aksesori,2,95300.0,5.0,9500.0,181100.0,OVO,processing,Tangerang
ORD04918,2024-08-17,CST0420,STR023,PRD0056,Topeng Kayu Dekorasi,Kerajinan & Souvenir,1,113600.0,5.0,5700.0,107900.0,QRIS,delivered,Palembang
ORD01072,2024-04-22,CST0495,STR017,PRD0055,Gantungan Kunci Batik,Kerajinan & Souvenir,3,12800.0,,0.0,38400.0,COD,processing,Tangerang
ORD00719,2023-07-14,CST0708,STR030,PRD0024,Parfum Roll-On Halal,Kecantikan & Perawatan,1,44800.0,10.0,4500.0,40300.0,Transfer BCA,cancelled,Surabaya
ORD04055,2023-10-22,CST0663,STR014,PRD0041,Baju Bayi Newborn Set,Perlengkapan Bayi & Anak,1,128100.0,5.0,6400.0,121700.0,Transfer BRI,returned,Makassar
ORD00671,2023-12-22,CST0504,STR035,PRD0045,Buku Mewarnai + Crayon,Perlengkapan Bayi & Anak,3,32900.0,0.0,0.0,98800.0,QRIS,delivered,Surabaya
ORD05009,2023-04-02,CST0582,STR048,PRD0016,Rendang Kemasan Vacuum,Makanan & Minuman,4,114200.0,5.0,22800.0,433800.0,Dana,delivered,Surabaya
ORD03574,2023-02-04,CST0720,STR048,PRD0011,Kopi Arabika Toraja 250gr,Makanan & Minuman,1,78000.0,0.0,0.0,78000.0,COD,cancelled,Surabaya
ORD01554,2023-03-20,CST0730,STR040,PRD0006,Jaket Bomber,Fashion & Pakaian,5,283100.0,15.0,212300.0,1203200.0,Alfamart,delivered,Tangerang
ORD03091,2024-11-18,CST0869,STR041,PRD0036,Gantungan Baju Kayu,Rumah Tangga,4,19900.0,0.0,0.0,79700.0,Transfer BRI,delivered,Semarang
ORD00898,2023-06-23,CST0309,STR030,PRD0027,Earphone Bluetooth TWS,Elektronik & Aksesori,10,139900.0,20.0,279900.0,1119500.0,LinkAja,delivered,Surabaya
ORD00096,2023-05-19,CST0735,STR040,PRD0037,Botol Minum Tumbler,Rumah Tangga,2,91000.0,10.0,18200.0,163800.0,Indomaret,returned,Tangerang
ORD01675,2024-08-29,CST0256,STR007,PRD0028,Holder HP Mobil,Elektronik & Aksesori,1,58500.0,10.0,5900.0,52700.0,ShopeePay,cancelled,Bogor
ORD00843,2023-05-02,CST0920,STR044,PRD0044,Sepatu Anak Velcro,Perlengkapan Bayi & Anak,2,96100.0,15.0,28800.0,163300.0,Alfamart,delivered,Tangerang
ORD04444,2023-12-08,CST0796,STR041,PRD0035,Lap Microfiber Set 3pcs,Rumah Tangga,3,34400.0,0.0,0.0,103100.0,,delivered,Semarang
ORD03942,2024-04-07,CST0227,STR008,PRD0039,Keranjang Rotan Mini,Rumah Tangga,1,110900.0,0.0,0.0,110900.0,Transfer BRI,delivered,Palembang
ORD04658,2024-08-12,CST0015,STR032,PRD0029,Lampu LED Ring Light,Elektronik & Aksesori,2,180100.0,0.0,0.0,360100.0,QRIS,delivered,Bogor
ORD02307,2024-03-09,CST0535,STR011,PRD0047,Kaos Olahraga Dryfit,Olahraga & Outdoor,2,80100.0,5.0,8000.0,152100.0,Alfamart,processing,Bogor
ORD03625,2024-08-22,CST0183,STR018,PRD0003,Hijab Voal Motif,Fashion & Pakaian,1,65700.0,0.0,0.0,65700.0,ShopeePay,delivered,Makassar
ORD01322,2023-12-08,CST0921,STR029,PRD0046,Botol Susu Anti-Kolik,Perlengkapan Bayi & Anak,3,91200.0,0.0,0.0,273700.0,Dana,delivered,Bandung
ORD04652,2023-04-30,CST0229,STR002,PRD0021,Sunscreen SPF50 Lokal,Kecantikan & Perawatan,3,94200.0,5.0,14100.0,268600.0,Indomaret,cancelled,Medan
ORD00323,2023-03-31,CST0703,STR045,PRD0030,Mouse Wireless USB,Elektronik & Aksesori,1,100700.0,10.0,10100.0,90600.0,Transfer BRI,cancelled,Bogor
ORD04455,2024-06-21,CST0738,STR015,PRD0020,Lip Cream Matte Halal,Kecantikan & Perawatan,2,43800.0,5.0,4400.0,83300.0,GoPay,delivered,Jakarta
ORD03401,2023-08-31,CST0423,STR009,PRD0020,Lip Cream Matte Halal,Kecantikan & Perawatan,2,49400.0,0.0,0.0,98700.0,COD,delivered,Medan
ORD05418,2024-01-18,CST0180,STR010,PRD0024,Parfum Roll-On Halal,Kecantikan & Perawatan,1,40600.0,0.0,0.0,40600.0,Transfer BRI,processing,Palembang
ORD00335,2024-05-02,CST0818,STR007,PRD0052,Gelang Batok Kelapa,Kerajinan & Souvenir,10,26800.0,0.0,0.0,267900.0,Alfamart,returned,Bogor
ORD02330,2024-05-11,CST0987,STR004,PRD0002,Kaos Polos Cotton Combed,Fashion & Pakaian,1,45200.0,5.0,2300.0,42900.0,LinkAja,delivered,Jakarta
ORD03269,2024-10-08,CST0935,STR019,PRD0040,Lilin Aromaterapi,Rumah Tangga,1,60100.0,5.0,3000.0,57100.0,Transfer BRI,returned,Surabaya
ORD00834,2023-02-28,CST0324,STR017,PRD0022,Body Lotion Bengkoang,Kecantikan & Perawatan,1,54100.0,0.0,0.0,54100.0,Transfer BCA,delivered,
ORD04312,2023-01-11,CST0832,STR043,PRD0043,Tas Sekolah Anak SD,Perlengkapan Bayi & Anak,1,121200.0,10.0,12100.0,109100.0,ShopeePay,delivered,Surabaya
ORD01742,2024-03-09,CST0269,STR015,PRD0048,Tali Skipping Premium,Olahraga & Outdoor,3,54800.0,0.0,0.0,164300.0,Indomaret,delivered,Jakarta
ORD04682,2024-05-13,CST0444,STR001,PRD0023,Shampo Kemiri Organik,Kecantikan & Perawatan,1,73200.0,10.0,7300.0,65900.0,GoPay,returned,Surabaya
ORD01579,02-06-2023,CST0880,STR027,PRD0008,Sandal Kulit Handmade,Fashion & Pakaian,4,152100.0,10.0,60900.0,547700.0,COD,delivered,Depok
ORD01741,2024-08-04,CST0836,STR005,PRD0037,Botol Minum Tumbler,Rumah Tangga,5,78000.0,0.0,0.0,389800.0,Indomaret,delivered,Medan
ORD00732,2024-08-09,CST0876,STR013,PRD0013,Snack Box Mix,Makanan & Minuman,3,479000.0,0.0,0.0,143600.0,Alfamart,delivered,Depok
ORD00292,2024-12-27,CST0986,STR027,PRD0034,Sapu Lantai Ijuk,Rumah Tangga,3,24000.0,0.0,0.0,72100.0,COD,delivered,Depok
ORD00185,2023-11-03,CST0017,STR038,PRD0040,Lilin Aromaterapi,Rumah Tangga,2,70600.0,0.0,0.0,141100.0,Transfer BRI,processing,Semarang
ORD01633,2024-07-15,CST0054,STR007,PRD0003,Hijab Voal Motif,Fashion & Pakaian,4,66100.0,0.0,0.0,264400.0,,delivered,Bogor
ORD03124,2023-09-30,CST0595,STR019,PRD0009,Keripik Tempe Renceng,Makanan & Minuman,1,14000.0,5.0,700.0,13300.0,OVO,delivered,Surabaya
ORD02796,2024-03-22,CST0955,STR027,PRD0013,Snack Box Mix,Makanan & Minuman,5,52700.0,0.0,0.0,263500.0,COD,delivered,Depok
ORD00534,2024-11-13,CST0388,STR031,PRD0047,Kaos Olahraga Dryfit,Olahraga & Outdoor,3,82600.0,10.0,24800.0,223100.0,Alfamart,cancelled,Palembang
ORD03182,2024-01-18,CST0829,STR021,PRD0039,Keranjang Rotan Mini,Rumah Tangga,1,120500.0,0.0,0.0,120500.0,Dana,delivered,Depok
ORD03555,2024-09-14,CST0845,STR012,PRD0027,Earphone Bluetooth TWS,Elektronik & Aksesori,1,139700.0,15.0,21000.0,118700.0,COD,delivered,Depok
ORD01644,2024-05-01,CST0702,STR047,PRD0043,Tas Sekolah Anak SD,Perlengkapan Bayi & Anak,1,106800.0,0.0,0.0,106800.0,COD,delivered,Makassar
ORD03686,2024-09-02,CST0862,STR020,PRD0054,Lukisan Kanvas UMKM,Kerajinan & Souvenir,2,187200.0,0.0,0.0,374400.0,Transfer BCA,delivered,Bandung
ORD00658,2023-12-05,CST0506,STR015,PRD0008,Sandal Kulit Handmade,Fashion & Pakaian,2,162500.0,20.0,65000.0,260000.0,QRIS,cancelled,Jakarta
ORD02969,2024-01-20,CST0755,STR033,PRD0021,Sunscreen SPF50 Lokal,Kecantikan & Perawatan,2,85200.0,0.0,0.0,170500.0,Indomaret,processing,Depok
ORD03472,2024-11-03,CST0463,STR026,PRD0028,Holder HP Mobil,Elektronik & Aksesori,1,59700.0,5.0,3000.0,56700.0,LinkAja,processing,Bandung
ORD02834,2023-01-14,CST0815,STR006,PRD0010,Sambal Bawang Homemade,Makanan & Minuman,1,32600.0,10.0,3300.0,29300.0,alfamart,cancelled,Depok
ORD04839,2024-04-18,CST0339,STR027,PRD0009,Keripik Tempe Renceng,Makanan & Minuman,3,14500.0,15.0,6500.0,36900.0,Transfer BCA,cancelled,Depok
ORD00899,2023-03-20,CST0566,STR016,PRD0041,Baju Bayi Newborn Set,Perlengkapan Bayi & Anak,2,124700.0,20.0,49900.0,199500.0,OVO,delivered,Medan
ORD00429,2023-11-09,CST0627,STR014,PRD0040,Lilin Aromaterapi,Rumah Tangga,1,60200.0,0.0,0.0,60200.0,COD,processing,Makassar
ORD03685,2024-03-31,CST0888,STR013,PRD0007,Sepatu Sneakers Lokal,Fashion & Pakaian,1,295300.0,0.0,0.0,295300.0,Alfamart,cancelled,Depok
ORD01513,2023-08-20,CST0417,STR008,PRD0030,Mouse Wireless USB,Elektronik & Aksesori,5,89700.0,15.0,67300.0,381400.0,,processing,Palembang
ORD02893,2023-04-18,CST0413,STR012,PRD0026,Kabel Data Type-C 1m,Elektronik & Aksesori,1,43700.0,10.0,4400.0,39300.0,ShopeePay,returned,Depok
ORD02125,2023-08-10,CST0691,STR003,PRD0022,Body Lotion Bengkoang,Kecantikan & Perawatan,1,57400.0,10.0,5700.0,51700.0,COD,returned,Depok
ORD01225,2024-09-04,CST0628,STR022,PRD0053,Tas Anyaman Pandan,Kerajinan & Souvenir,1,98000.0,0.0,0.0,98000.0,OVO,delivered,Jakarta
ORD03713,2023-06-10,CST0849,STR030,PRD0041,Baju Bayi Newborn Set,Perlengkapan Bayi & Anak,2,129400.0,15.0,38800.0,220000.0,Transfer BCA,delivered,Surabaya
ORD03474,12/09/2024,CST0126,STR032,PRD0002,Kaos Polos Cotton Combed,Fashion & Pakaian,-1,50700.0,15.0,7600.0,43100.0,Alfamart,returned,Bogor
ORD02670,2024-05-10,CST0901,STR034,PRD0022,Body Lotion Bengkoang,Kecantikan & Perawatan,1,56000.0,25.0,14000.0,42000.0,Dana,delivered,Depok
ORD04607,2023-09-17,CST0731,STR006,PRD0025,Powerbank 10000mAh,Elektronik & Aksesori,4,120800.0,10.0,48300.0,434700.0,Dana,cancelled,Depok
ORD05222,2024-06-14,CST0894,STR017,PRD0036,Gantungan Baju Kayu,Rumah Tangga,1,19100.0,15.0,2900.0,16200.0,Transfer BRI,delivered,Tangerang
ORD01863,2023-04-23,CST0113,STR017,PRD0027,Earphone Bluetooth TWS,Elektronik & Aksesori,3,138200.0,10.0,41500.0,373100.0,GoPay,delivered,Tangerang
ORD02165,2024-07-13,CST0221,STR040,PRD0008,Sandal Kulit Handmade,Fashion & Pakaian,1,163400.0,15.0,24500.0,138900.0,Indomaret,returned,Tangerang
ORD05358,2023-11-18,CST0409,STR002,PRD0019,Sabun Sirih Herbal,Kecantikan & Perawatan,1,24000.0,20.0,4800.0,19200.0,Alfamart,processing,Medan
ORD02331,2023-08-27,CST0804,STR025,PRD0051,Topi Running,Olahraga & Outdoor,4,52100.0,5.0,10400.0,198000.0,ShopeePay,processing,Tangerang
ORD04838,2023-11-23,CST0016,STR041,PRD0007,Sepatu Sneakers Lokal,Fashion & Pakaian,5,266600.0,5.0,66600.0,1266200.0,,delivered,
ORD02516,2023-03-27,CST0827,STR006,PRD0053,Tas Anyaman Pandan,Kerajinan & Souvenir,3,107700.0,15.0,48500.0,274700.0,Indomaret,delivered,Depok
ORD01198,2024-02-23,CST0782,STR011,PRD0046,Botol Susu Anti-Kolik,Perlengkapan Bayi & Anak,2,104300.0,5.0,10400.0,198100.0,Transfer Mandiri,processing,Bogor
ORD00071,2024-05-07,CST0074,STR012,PRD0052,Gelang Batok Kelapa,Kerajinan & Souvenir,2,25200.0,10.0,5000.0,45400.0,ShopeePay,returned,Depok
ORD04476,2023/04/12,CST0632,STR009,PRD0036,Gantungan Baju Kayu,Rumah Tangga,1,20800.0,5.0,1000.0,19800.0,QRIS,delivered,Medan
ORD02755,2023-11-06,CST0901,STR032,PRD0033,Tempat Makan Tupperware KW,Rumah Tangga,2,57300.0,0.0,0.0,114500.0,COD,returned,Bogor
ORD02803,2023-12-24,CST0056,STR030,PRD0041,Baju Bayi Newborn Set,Perlengkapan Bayi & Anak,4,133500.0,10.0,53400.0,480600.0,ovo,returned,Surabaya
ORD04368,2023-11-14,CST0508,STR006,PRD0033,Tempat Makan Tupperware KW,Rumah Tangga,2,56200.0,0.0,0.0,112300.0,OVO,cancelled,Depok
ORD01393,2024-01-11,CST0464,STR014,PRD0001,Batik Tulis Premium,Fashion & Pakaian,2,305800.0,20.0,122300.0,489300.0,Transfer Mandiri,delivered,Makassar
ORD01127,2023-02-22,CST0100,STR036,PRD0051,Topi Running,Olahraga & Outdoor,2,48000.0,0.0,0.0,96000.0,LinkAja,delivered,Tangerang
ORD01375,2024-04-20,CST0322,STR008,PRD0049,Matras Yoga 6mm,Olahraga & Outdoor,1,173600.0,0.0,0.0,173600.0,Dana,cancelled,Palembang
ORD01621,2023-05-03,CST0469,STR042,PRD0040,Lilin Aromaterapi,Rumah Tangga,4,68700.0,0.0,0.0,274700.0,COD,delivered,Bogor
ORD05426,2024-05-21,CST0295,STR027,PRD0018,Masker Wajah Clay BPOM,Kecantikan & Perawatan,3,55500.0,5.0,8300.0,158100.0,Transfer Mandiri,delivered,Depok
ORD00071,2024-05-07,CST0074,STR012,PRD0052,Gelang Batok Kelapa,Kerajinan & Souvenir,2,25200.0,10.0,5000.0,45400.0,ShopeePay,returned,Depok
ORD02211,2023-10-03,CST0689,STR031,PRD0015,Dodol Garut Premium,Makanan & Minuman,3,41700.0,0.0,0.0,125200.0,Transfer BRI,delivered,Palembang
ORD03647,2024-01-24,CST0048,STR032,PRD0001,Batik Tulis Premium,Fashion & Pakaian,1,320100.0,0.0,0.0,320100.0,ShopeePay,processing,Bogor
ORD04324,2024-10-08,CST0452,STR027,PRD0039,Keranjang Rotan Mini,Rumah Tangga,2,114500.0,0.0,0.0,229100.0,Transfer BRI,returned,Depok
ORD01306,2023-10-30,CST0855,STR043,PRD0050,Botol Infuser Air,Olahraga & Outdoor,1,61600.0,0.0,0.0,61600.0,Transfer BCA,returned,Surabaya
ORD01898,2024-05-07,CST0097,STR036,PRD0039,Keranjang Rotan Mini,Rumah Tangga,5,122300.0,10.0,61100.0,550200.0,GoPay,cancelled,Tangerang
ORD00832,2023-09-29,CST0749,STR032,PRD0040,Lilin Aromaterapi,Rumah Tangga,1,68400.0,5.0,3400.0,65000.0,ShopeePay,delivered,Bogor
ORD02318,2023-03-07,CST0993,STR012,PRD0019,Sabun Sirih Herbal,Kecantikan & Perawatan,2,28200.0,10.0,5600.0,50700.0,Transfer Mandiri,delivered,Depok
ORD02672,2024-08-13,CST0529,STR010,PRD0021,Sunscreen SPF50 Lokal,Kecantikan & Perawatan,5,90900.0,5.0,22700.0,431600.0,COD,cancelled,Palembang
ORD02860,2024-05-15,CST0749,STR003,PRD0048,Tali Skipping Premium,Olahraga & Outdoor,1,51700.0,0.0,0.0,51700.0,Transfer BCA,delivered,Depok
ORD00239,2023-02-26,CST0045,STR034,PRD0054,Lukisan Kanvas UMKM,Kerajinan & Souvenir,2,210800.0,0.0,0.0,421700.0,COD,delivered,Depok
ORD04651,2023-01-08,CST0329,STR028,PRD0033,Tempat Makan Tupperware KW,Rumah Tangga,3,57400.0,0.0,0.0,172200.0,OVO,processing,Palembang
ORD02446,2024-10-08,CST0782,STR017,PRD0047,Kaos Olahraga Dryfit,Olahraga & Outdoor,2,85000.0,20.0,34000.0,135900.0,Indomaret,cancelled,Tangerang
ORD03324,2023-01-27,CST0590,STR042,PRD0045,Buku Mewarnai + Crayon,Perlengkapan Bayi & Anak,2,34400.0,5.0,3400.0,65400.0,Dana,delivered,Bogor
ORD04812,2024-10-10,CST0890,STR011,PRD0046,Botol Susu Anti-Kolik,Perlengkapan Bayi & Anak,1,106700.0,10.0,10700.0,96100.0,Indomaret,processing,Bogor
ORD05264,2024-01-09,CST0653,STR014,PRD0006,Jaket Bomber,Fashion & Pakaian,2,315100.0,10.0,63000.0,567100.0,COD,processing,Makassar
ORD03036,2023-10-06,CST0912,STR027,PRD0024,Parfum Roll-On Halal,Kecantikan & Perawatan,4,40400.0,0.0,0.0,161500.0,Transfer BRI,processing,Depok
ORD01002,2023-09-18,CST0556,STR030,PRD0041,Baju Bayi Newborn Set,Perlengkapan Bayi & Anak,5,126600.0,0.0,0.0,633100.0,,returned,Surabaya
ORD01616,2024-10-04,CST0341,STR009,PRD0020,Lip Cream Matte Halal,Kecantikan & Perawatan,1,48900.0,5.0,2400.0,46500.0,Transfer Mandiri,delivered,Medan
ORD04397,2024-04-05,CST0324,STR006,PRD0009,Keripik Tempe Renceng,Makanan & Minuman,1,15400.0,5.0,800.0,14600.0,Transfer Mandiri,cancelled,Depok
ORD01962,2024-10-01,CST0504,STR045,PRD0019,Sabun Sirih Herbal,Kecantikan & Perawatan,4,28000.0,10.0,11200.0,100700.0,ShopeePay,delivered,Bogor
ORD01469,2024-05-04,CST0079,STR025,PRD0031,Casing HP Anti Crack,Elektronik & Aksesori,1,29200.0,5.0,1500.0,27700.0,GoPay,cancelled,Tangerang
ORD00958,2024-12-01,CST0843,STR017,PRD0041,Baju Bayi Newborn Set,Perlengkapan Bayi & Anak,2,128100.0,0.0,0.0,256300.0,Dana,delivered,Tangerang
ORD03471,2024-04-27,CST0676,STR039,PRD0053,Tas Anyaman Pandan,Kerajinan & Souvenir,1,97200.0,0.0,0.0,97200.0,Transfer BCA,delivered,Bandung
ORD01296,2023-03-08,CST0448,STR022,PRD0033,Tempat Makan Tupperware KW,Rumah Tangga,1,55800.0,0.0,0.0,55800.0,LinkAja,delivered,Jakarta
ORD04640,2023-10-30,CST0731,STR016,PRD0035,Lap Microfiber Set 3pcs,Rumah Tangga,3,31300.0,15.0,14100.0,79900.0,GoPay,delivered,Medan
ORD01770,2023-10-30,CST0087,STR041,PRD0035,Lap Microfiber Set 3pcs,Rumah Tangga,1,30200.0,10.0,3000.0,27200.0,OVO,delivered,Semarang
ORD05388,2023-01-07,CST0041,STR039,PRD0051,Topi Running,Olahraga & Outdoor,2,48600.0,15.0,14600.0,82600.0,Transfer Mandiri,returned,Bandung
ORD03636,2023-03-03,CST0891,STR037,PRD0006,Jaket Bomber,Fashion & Pakaian,1,286800.0,5.0,14300.0,272400.0,Alfamart,cancelled,Depok
ORD02537,2023-01-22,CST0188,STR007,PRD0051,Topi Running,Olahraga & Outdoor,1,49500.0,0.0,0.0,49500.0,Dana,delivered,Bogor
ORD03826,2023-08-02,CST0105,STR039,PRD0021,Sunscreen SPF50 Lokal,Kecantikan & Perawatan,3,96200.0,20.0,57700.0,230900.0,QRIS,cancelled,Bandung
ORD03918,2024-01-02,CST0868,STR015,PRD0009,Keripik Tempe Renceng,Makanan & Minuman,1,14700.0,10.0,1500.0,13300.0,Alfamart,delivered,Jakarta
ORD01035,2023-09-28,CST0206,STR013,PRD0008,Sandal Kulit Handmade,Fashion & Pakaian,3,159900.0,0.0,0.0,479800.0,,processing,Depok
ORD01651,2023-07-01,CST0005,STR022,PRD0007,Sepatu Sneakers Lokal,Fashion & Pakaian,1,263100.0,0.0,0.0,263100.0,Dana,delivered,Jakarta
ORD00932,2023-04-06,CST0419,STR029,PRD0035,Lap Microfiber Set 3pcs,Rumah Tangga,5,29100.0,0.0,0.0,145700.0,LinkAja,cancelled,Bandung
ORD05121,03-03-2024,CST0791,STR003,PRD0009,Keripik Tempe Renceng,Makanan & Minuman,1,14800.0,5.0,700.0,14000.0,COD,delivered,Depok
ORD02938,2024-09-29,CST0185,STR037,PRD0011,Kopi Arabika Toraja 250gr,Makanan & Minuman,5,89800.0,0.0,0.0,449000.0,COD,processing,
ORD00634,2024-08-21,CST0152,STR009,PRD0009,Keripik Tempe Renceng,Makanan & Minuman,4,13400.0,0.0,0.0,53800.0,Transfer Mandiri,processing,Medan
ORD03695,2023-07-19,CST0770,STR002,PRD0025,Powerbank 10000mAh,Elektronik & Aksesori,2,129000.0,10.0,25800.0,232200.0,Indomaret,returned,Medan
ORD00499,2024-08-24,CST0413,STR019,PRD0018,Masker Wajah Clay BPOM,Kecantikan & Perawatan,5,51100.0,10.0,25500.0,229700.0,Alfamart,processing,Surabaya
ORD01607,2024-12-12,CST0830,STR018,PRD0044,Sepatu Anak Velcro,Perlengkapan Bayi & Anak,1,95800.0,0.0,0.0,95800.0,,delivered,Makassar
ORD00416,2023-02-27,CST0626,STR021,PRD0022,Body Lotion Bengkoang,Kecantikan & Perawatan,2,51700.0,20.0,20700.0,82700.0,Transfer BCA,returned,Depok
ORD02054,2023-12-16,CST0056,STR024,PRD0029,Lampu LED Ring Light,Elektronik & Aksesori,1,181000.0,0.0,0.0,181000.0,Dana,cancelled,Bogor
ORD02891,2023-11-03,CST0300,STR028,PRD0022,Body Lotion Bengkoang,Kecantikan & Perawatan,5,50600.0,0.0,0.0,252900.0,OVO,delivered,Palembang
ORD05177,2023-09-15,CST0865,STR011,PRD0043,Tas Sekolah Anak SD,Perlengkapan Bayi & Anak,2,106400.0,0.0,0.0,212700.0,QRIS,returned,Bogor
ORD03626,2023-10-06,CST0989,STR046,PRD0034,Sapu Lantai Ijuk,Rumah Tangga,1,27900.0,5.0,1400.0,26500.0,Transfer Mandiri,processing,Medan
ORD00758,2023-01-30,CST0489,STR024,PRD0032,Charger Fast Charging,Elektronik & Aksesori,1,78100.0,20.0,15600.0,62500.0,LinkAja,delivered,Bogor
ORD02560,2024-12-21,CST0363,STR031,PRD0009,Keripik Tempe Renceng,Makanan & Minuman,3,13900.0,5.0,2100.0,39700.0,Alfamart,delivered,Palembang
ORD01042,2023-11-11,CST0595,STR007,PRD0022,Body Lotion Bengkoang,Kecantikan & Perawatan,5,53800.0,0.0,0.0,268800.0,Transfer Mandiri,delivered,Bogor
ORD01938,2023-02-18,CST0843,STR020,PRD0018,Masker Wajah Clay BPOM,Kecantikan & Perawatan,5,55700.0,0.0,0.0,278500.0,COD,cancelled,Bandung
ORD02604,2024-10-12,CST0692,STR017,PRD0036,Gantungan Baju Kayu,Rumah Tangga,1,18900.0,20.0,3800.0,15100.0,Transfer BRI,delivered,Tangerang
ORD05495,2023-08-25,CST0715,STR006,PRD0056,Topeng Kayu Dekorasi,Kerajinan & Souvenir,1,112200.0,0.0,0.0,112200.0,ShopeePay,delivered,Depok
ORD01814,2023-04-04,CST0275,STR011,PRD0025,Powerbank 10000mAh,Elektronik & Aksesori,3,143500.0,5.0,21500.0,408800.0,QRIS,processing,Bogor
ORD00597,2023-08-20,CST0401,STR044,PRD0033,Tempat Makan Tupperware KW,Rumah Tangga,10,52400.0,0.0,0.0,523800.0,,delivered,Tangerang
ORD01967,2023-12-02,CST0048,STR011,PRD0029,Lampu LED Ring Light,Elektronik & Aksesori,1,160100.0,0.0,0.0,160100.0,COD,returned,Bogor
ORD03494,2024-06-08,CST0248,STR005,PRD0025,Powerbank 10000mAh,Elektronik & Aksesori,2,124200.0,0.0,0.0,248300.0,Dana,delivered,Medan
ORD02842,2023-02-18,CST0621,STR017,PRD0046,Botol Susu Anti-Kolik,Perlengkapan Bayi & Anak,1,107700.0,0.0,0.0,107700.0,LinkAja,delivered,Tangerang
ORD00653,2023-07-12,CST0662,STR004,PRD0051,Topi Running,Olahraga & Outdoor,2,53800.0,5.0,5400.0,102200.0,transfer mandiri,cancelled,Jakarta
ORD04786,2024-02-16,CST0149,STR006,PRD0052,Gelang Batok Kelapa,Kerajinan & Souvenir,1,23500.0,20.0,4700.0,18800.0,GoPay,cancelled,Depok
ORD01468,2023-11-21,CST0610,STR034,PRD0012,Teh Herbal Jahe Merah,Makanan & Minuman,2,39600.0,0.0,0.0,79300.0,COD,delivered,Depok
ORD01581,2023-06-21,CST0701,STR020,PRD0012,Teh Herbal Jahe Merah,Makanan & Minuman,5,41900.0,10.0,21000.0,188700.0,QRIS,delivered,Bandung
ORD01730,2024-09-14,CST0923,STR029,PRD0040,Lilin Aromaterapi,Rumah Tangga,1,61600.0,15.0,9200.0,52400.0,Transfer BRI,delivered,Bandung
ORD02278,2024-11-20,CST0924,STR022,PRD0053,Tas Anyaman Pandan,Kerajinan & Souvenir,1,91100.0,5.0,4600.0,86600.0,Dana,delivered,Jakarta
ORD01663,2023-05-12,CST0147,STR017,PRD0004,Celana Chino Pria,Fashion & Pakaian,4,152000.0,0.0,0.0,608100.0,Transfer BCA,delivered,Tangerang
ORD00076,2023-05-30,CST0402,STR007,PRD0009,Keripik Tempe Renceng,Makanan & Minuman,2,15400.0,0.0,0.0,30800.0,Indomaret,delivered,Bogor
ORD04110,2023-03-22,CST0140,STR003,PRD0044,Sepatu Anak Velcro,Perlengkapan Bayi & Anak,1,99400.0,15.0,14900.0,84500.0,QRIS,processing,Depok
ORD03177,2024-06-16,CST0434,STR001,PRD0029,Lampu LED Ring Light,Elektronik & Aksesori,1,173700.0,15.0,26100.0,147600.0,Alfamart,returned,Surabaya
ORD03887,2024-05-22,CST0708,STR042,PRD0034,Sapu Lantai Ijuk,Rumah Tangga,1,26900.0,5.0,1300.0,25500.0,Transfer Mandiri,delivered,Bogor
ORD03438,2023-03-11,CST0970,STR037,PRD0002,Kaos Polos Cotton Combed,Fashion & Pakaian,1,45200.0,10.0,4500.0,40700.0,Alfamart,delivered,Depok
ORD01437,2023-03-18,CST0358,STR007,PRD0014,Madu Hutan Asli 500ml,Makanan & Minuman,1,170000.0,5.0,8500.0,161500.0,Alfamart,returned,Bogor
ORD04109,2023-01-14,CST0683,STR001,PRD0053,Tas Anyaman Pandan,Kerajinan & Souvenir,4,89700.0,5.0,17900.0,340900.0,QRIS,processing,Surabaya
ORD02452,23-11-2024,CST0408,STR004,PRD0015,Dodol Garut Premium,Makanan & Minuman,3,41300.0,0.0,0.0,123900.0,GoPay,cancelled,Jakarta
ORD02192,2023-11-22,CST0509,STR025,PRD0041,Baju Bayi Newborn Set,Perlengkapan Bayi & Anak,3,121700.0,10.0,36500.0,328600.0,Indomaret,processing,Tangerang
ORD01551,2024-08-17,CST0724,STR010,PRD0039,Keranjang Rotan Mini,Rumah Tangga,1,120300.0,20.0,24100.0,96200.0,Transfer BRI,processing,Palembang
ORD01011,2024-10-09,CST0893,STR030,PRD0004,Celana Chino Pria,Fashion & Pakaian,4,162700.0,15.0,97600.0,553300.0,COD,delivered,Surabaya
ORD01030,2023-02-19,CST0631,STR013,PRD0022,Body Lotion Bengkoang,Kecantikan & Perawatan,5,48700.0,0.0,0.0,243400.0,QRIS,cancelled,Depok
ORD05168,2024-02-24,CST0562,STR013,PRD0005,Dress Casual Wanita,Fashion & Pakaian,1,177400.0,0.0,0.0,177400.0,Transfer Mandiri,delivered,Depok
ORD00829,2023-06-29,CST0308,STR035,PRD0016,Rendang Kemasan Vacuum,Makanan & Minuman,1,134300.0,5.0,6700.0,127600.0,GoPay,cancelled,Surabaya
ORD03183,2023-07-07,CST0193,STR026,PRD0038,Talenan Kayu Jati,Rumah Tangga,4,80100.0,0.0,0.0,320400.0,Dana,delivered,Bandung
ORD00097,2023-06-11,CST0650,STR004,PRD0016,Rendang Kemasan Vacuum,Makanan & Minuman,1,127500.0,20.0,25500.0,102000.0,OVO,delivered,Jakarta
ORD02978,2024-05-27,CST0219,STR016,PRD0055,Gantungan Kunci Batik,Kerajinan & Souvenir,2,12300.0,0.0,0.0,24600.0,COD,processing,Medan
ORD04306,2024-11-30,CST0290,STR049,PRD0037,Botol Minum Tumbler,Rumah Tangga,1,85300.0,10.0,8500.0,76700.0,Transfer BCA,returned,Makassar
ORD03015,2023-10-21,CST0513,STR043,PRD0004,Celana Chino Pria,Fashion & Pakaian,3,176600.0,0.0,0.0,529800.0,GoPay,delivered,Surabaya
ORD01201,2024-01-24,CST0148,STR005,PRD0024,Parfum Roll-On Halal,Kecantikan & Perawatan,1,39300.0,10.0,3900.0,35400.0,LinkAja,delivered,Medan
ORD00622,2024-01-20,CST0387,STR018,PRD0002,Kaos Polos Cotton Combed,Fashion & Pakaian,1,46400.0,25.0,11600.0,34800.0,Transfer BCA,delivered,Makassar
ORD00567,2023-01-20,CST0993,STR027,PRD0044,Sepatu Anak Velcro,Perlengkapan Bayi & Anak,1,103600.0,10.0,10400.0,93200.0,ShopeePay,returned,
ORD00544,2024-06-19,CST0398,STR045,PRD0011,Kopi Arabika Toraja 250gr,Makanan & Minuman,1,80800.0,25.0,20200.0,60600.0,LinkAja,delivered,Bogor
ORD01889,2024-11-19,CST0582,STR035,PRD0026,Kabel Data Type-C 1m,Elektronik & Aksesori,2,38600.0,5.0,3900.0,73200.0,Transfer BCA,returned,Surabaya
ORD00052,2024-03-29,CST0756,STR041,PRD0056,Topeng Kayu Dekorasi,Kerajinan & Souvenir,5,118300.0,5.0,29600.0,561800.0,Transfer BCA,delivered,Semarang
ORD04893,2024-12-10,CST0067,STR029,PRD0012,Teh Herbal Jahe Merah,Makanan & Minuman,1,40900.0,20.0,8200.0,32700.0,Alfamart,delivered,Bandung
ORD01880,2023-12-09,CST0229,STR042,PRD0024,Parfum Roll-On Halal,Kecantikan & Perawatan,3,41600.0,10.0,12500.0,112300.0,LinkAja,delivered,Bogor
ORD00746,2024-12-16,CST0289,STR016,PRD0043,Tas Sekolah Anak SD,Perlengkapan Bayi & Anak,2,121100.0,20.0,48400.0,193700.0,GoPay,returned,Medan
ORD03985,2024-02-01,CST0261,STR031,PRD0056,Topeng Kayu Dekorasi,Kerajinan & Souvenir,2,118300.0,20.0,47300.0,189200.0,ShopeePay,cancelled,Palembang
ORD04403,2023-08-20,CST0616,STR005,PRD0029,Lampu LED Ring Light,Elektronik & Aksesori,1,174700.0,0.0,0.0,174700.0,LinkAja,delivered,Medan
ORD04508,2024-11-16,CST0958,STR002,PRD0010,Sambal Bawang Homemade,Makanan & Minuman,3,33100.0,20.0,19800.0,79300.0,ShopeePay,delivered,Medan
ORD00196,2023-12-30,CST0269,STR034,PRD0012,Teh Herbal Jahe Merah,Makanan & Minuman,1,41300.0,0.0,0.0,41300.0,Transfer Mandiri,processing,Depok
ORD03948,2024-09-25,CST0545,STR026,PRD0045,Buku Mewarnai + Crayon,Perlengkapan Bayi & Anak,4,29100.0,15.0,17500.0,99000.0,GoPay,delivered,Bandung
ORD01336,2023/03/26,CST0577,STR040,PRD0010,Sambal Bawang Homemade,Makanan & Minuman,1,36000.0,10.0,3600.0,32400.0,Transfer BRI,delivered,Tangerang
ORD03338,2023-02-10,CST0332,STR045,PRD0051,Topi Running,Olahraga & Outdoor,1,48400.0,15.0,7300.0,41100.0,COD,cancelled,Bogor
ORD00803,2023-03-18,CST0809,STR003,PRD0052,Gelang Batok Kelapa,Kerajinan & Souvenir,2,24100.0,10.0,4800.0,43400.0,Dana,cancelled,Depok
ORD04323,2023-12-04,CST0661,STR012,PRD0008,Sandal Kulit Handmade,Fashion & Pakaian,1,150600.0,5.0,7500.0,143100.0,ShopeePay,processing,Depok
ORD00621,2023-08-07,CST0484,STR036,PRD0053,Tas Anyaman Pandan,Kerajinan & Souvenir,1,102800.0,20.0,20600.0,82200.0,Transfer BCA,processing,Tangerang
ORD02411,2024-04-17,CST0167,STR006,PRD0003,Hijab Voal Motif,Fashion & Pakaian,2,68300.0,10.0,13700.0,122900.0,Transfer BCA,delivered,Depok
ORD03709,2023-05-15,CST0885,STR037,PRD0012,Teh Herbal Jahe Merah,Makanan & Minuman,1,38600.0,5.0,1900.0,36700.0,Dana,delivered,Depok
ORD04021,2024-07-22,CST0215,STR027,PRD0021,Sunscreen SPF50 Lokal,Kecantikan & Perawatan,1,85700.0,0.0,0.0,85700.0,ShopeePay,delivered,Depok
ORD03655,2023-10-17,CST0040,STR031,PRD0040,Lilin Aromaterapi,Rumah Tangga,2,71400.0,5.0,7100.0,135700.0,GoPay,delivered,Palembang
ORD03997,2024-09-21,CST0508,STR027,PRD0054,Lukisan Kanvas UMKM,Kerajinan & Souvenir,2,197600.0,0.0,0.0,395200.0,Dana,delivered,Depok
ORD03128,2024-02-28,CST0155,STR018,PRD0028,Holder HP Mobil,Elektronik & Aksesori,4,55900.0,20.0,44700.0,179000.0,Transfer BRI,returned,Makassar
ORD00645,2024-10-21,CST0168,STR042,PRD0007,Sepatu Sneakers Lokal,Fashion & Pakaian,1,261900.0,0.0,0.0,261900.0,OVO,delivered,Bogor
ORD02458,2023-01-02,CST0640,STR030,PRD0045,Buku Mewarnai + Crayon,Perlengkapan Bayi & Anak,4,31900.0,0.0,0.0,127600.0,QRIS,returned,Surabaya
ORD04795,2023-11-23,CST0011,STR027,PRD0011,Kopi Arabika Toraja 250gr,Makanan & Minuman,3,79600.0,10.0,23900.0,215100.0,COD,delivered,Depok
ORD02358,2023-09-29,CST0077,STR022,PRD0023,Shampo Kemiri Organik,Kecantikan & Perawatan,5,73300.0,0.0,0.0,366600.0,COD,delivered,Jakarta
ORD00121,2023-06-03,CST0484,STR033,PRD0043,Tas Sekolah Anak SD,Perlengkapan Bayi & Anak,1,106100.0,10.0,10600.0,95500.0,GoPay,cancelled,Depok
ORD02463,2024-07-25,CST0780,STR016,PRD0035,Lap Microfiber Set 3pcs,Rumah Tangga,2,34600.0,5.0,3500.0,65700.0,Transfer Mandiri,returned,Medan
ORD04915,2023-06-03,CST0510,STR030,PRD0002,Kaos Polos Cotton Combed,Fashion & Pakaian,5,53800.0,0.0,0.0,269100.0,QRIS,cancelled,Surabaya
ORD03683,2024-12-28,CST0671,STR021,PRD0001,Batik Tulis Premium,Fashion & Pakaian,5,325900.0,0.0,0.0,1629500.0,COD,returned,Depok
ORD04510,2024-07-29,CST0822,STR028,PRD0033,Tempat Makan Tupperware KW,Rumah Tangga,2,51300.0,20.0,20500.0,82000.0,Transfer BCA,delivered,Palembang
ORD02699,2024/11/16,CST0741,STR034,PRD0013,Snack Box Mix,Makanan & Minuman,4,50700.0,15.0,30400.0,172300.0,QRIS,delivered,Depok
ORD03974,2023-05-25,CST0992,STR001,PRD0048,Tali Skipping Premium,Olahraga & Outdoor,4,53300.0,0.0,0.0,213400.0,OVO,delivered,Surabaya
ORD05112,2024-10-18,CST0351,STR007,PRD0005,Dress Casual Wanita,Fashion & Pakaian,3,164100.0,0.0,0.0,492300.0,COD,cancelled,Bogor
ORD01509,2023-09-15,CST0622,STR050,PRD0043,Tas Sekolah Anak SD,Perlengkapan Bayi & Anak,3,117400.0,0.0,0.0,352300.0,Alfamart,returned,Medan
ORD02058,2023-02-24,CST0299,STR045,PRD0036,Gantungan Baju Kayu,Rumah Tangga,2,19100.0,10.0,3800.0,34400.0,QRIS,returned,Bogor
ORD03194,2024-01-27,CST0013,STR044,PRD0042,Mainan Edukasi Kayu,Perlengkapan Bayi & Anak,4,82500.0,5.0,16500.0,313400.0,GoPay,returned,Tangerang
ORD00135,2024-08-08,CST0330,STR048,PRD0022,Body Lotion Bengkoang,Kecantikan & Perawatan,3,54300.0,25.0,40700.0,122100.0,Transfer Mandiri,processing,Surabaya
ORD03076,2023-01-05,CST0580,STR009,PRD0021,Sunscreen SPF50 Lokal,Kecantikan & Perawatan,2,81800.0,,0.0,163700.0,GoPay,processing,Medan
ORD01966,2023-03-18,CST0963,STR003,PRD0021,Sunscreen SPF50 Lokal,Kecantikan & Perawatan,2,94400.0,5.0,9400.0,179300.0,gopay,delivered,Depok
ORD04574,2023-09-26,CST0976,STR019,PRD0052,Gelang Batok Kelapa,Kerajinan & Souvenir,3,26200.0,5.0,3900.0,74600.0,ShopeePay,cancelled,Surabaya
ORD01955,2023-07-14,CST0313,STR041,PRD0029,Lampu LED Ring Light,Elektronik & Aksesori,2,173000.0,5.0,17300.0,328700.0,Alfamart,delivered,Semarang
ORD02550,2024-02-09,CST0399,STR040,PRD0006,Jaket Bomber,Fashion & Pakaian,1,330600.0,0.0,0.0,330600.0,Indomaret,delivered,Tangerang
ORD04884,2024-04-17,CST0906,STR023,PRD0027,Earphone Bluetooth TWS,Elektronik & Aksesori,1,143300.0,10.0,14300.0,129000.0,Transfer BRI,returned,Palembang
ORD00512,2023-10-27,CST0811,STR004,PRD0009,Keripik Tempe Renceng,Makanan & Minuman,3,14900.0,5.0,2200.0,42600.0,OVO,delivered,Jakarta
ORD00063,2024-08-13,CST0481,STR017,PRD0017,Skincare Serum Vit C Lokal,Kecantikan & Perawatan,1,113500.0,20.0,22700.0,90800.0,Transfer BCA,delivered,Tangerang
ORD04217,2023-04-17,CST0091,STR028,PRD0009,Keripik Tempe Renceng,Makanan & Minuman,5,13800.0,0.0,0.0,68800.0,GoPay,delivered,Palembang
ORD02406,2024-09-01,CST0810,STR017,PRD0002,Kaos Polos Cotton Combed,Fashion & Pakaian,4,48100.0,20.0,38500.0,153800.0,GoPay,delivered,Tangerang
ORD02802,2024-09-15,CST0051,STR004,PRD0024,Parfum Roll-On Halal,Kecantikan & Perawatan,1,43300.0,15.0,6500.0,36800.0,Alfamart,delivered,Jakarta
ORD04600,2023-02-13,CST0593,STR047,PRD0055,Gantungan Kunci Batik,Kerajinan & Souvenir,1,13800.0,0.0,0.0,13800.0,COD,processing,Makassar
ORD03254,2024-06-27,CST0784,STR031,PRD0042,Mainan Edukasi Kayu,Perlengkapan Bayi & Anak,1,87100.0,0.0,0.0,87100.0,COD,processing,Palembang
ORD02023,2023-07-03,CST0803,STR014,PRD0011,Kopi Arabika Toraja 250gr,Makanan & Minuman,1,78200.0,0.0,0.0,78200.0,Transfer Mandiri,delivered,Makassar
ORD00123,2023-05-01,CST0774,STR036,PRD0018,Masker Wajah Clay BPOM,Kecantikan & Perawatan,4,57300.0,0.0,0.0,229100.0,LinkAja,delivered,Tangerang
ORD02648,2023-05-26,CST0229,STR008,PRD0028,Holder HP Mobil,Elektronik & Aksesori,5,64300.0,5.0,16100.0,305300.0,Indomaret,delivered,Palembang
ORD05029,2023-12-25,CST0165,STR046,PRD0014,Madu Hutan Asli 500ml,Makanan & Minuman,3,186400.0,10.0,55900.0,503200.0,Transfer BRI,cancelled,Medan
ORD04550,2024-03-16,CST0959,STR019,PRD0028,Holder HP Mobil,Elektronik & Aksesori,1,58000.0,10.0,5800.0,52200.0,Transfer Mandiri,delivered,Surabaya
ORD03414,2023-08-01,CST0034,STR019,PRD0029,Lampu LED Ring Light,Elektronik & Aksesori,2,158800.0,0.0,0.0,317500.0,GoPay,delivered,Surabaya
ORD01211,2024-03-12,CST0042,STR028,PRD0023,Shampo Kemiri Organik,Kecantikan & Perawatan,3,74600.0,15.0,33600.0,190200.0,LinkAja,delivered,Palembang
ORD00568,2024-10-29,CST0160,STR043,PRD0019,Sabun Sirih Herbal,Kecantikan & Perawatan,3,25500.0,5.0,3800.0,72800.0,OVO,processing,Surabaya
ORD02514,2024-12-04,CST0927,STR029,PRD0015,Dodol Garut Premium,Makanan & Minuman,3,42400.0,0.0,0.0,127300.0,Alfamart,returned,Bandung
ORD03987,2023/08/14,CST0450,STR002,PRD0036,Gantungan Baju Kayu,Rumah Tangga,2,20500.0,10.0,4100.0,36900.0,Transfer BRI,processing,Medan
ORD00865,2023-06-07,CST0661,STR034,PRD0051,Topi Running,Olahraga & Outdoor,1,46700.0,5.0,2300.0,44400.0,LinkAja,returned,Depok
ORD05185,2023-07-05,CST0192,STR027,PRD0013,Snack Box Mix,Makanan & Minuman,2,46700.0,0.0,0.0,93500.0,Transfer BCA,returned,Depok
ORD03938,2024-01-17,CST0278,STR012,PRD0011,Kopi Arabika Toraja 250gr,Makanan & Minuman,1,87500.0,15.0,13100.0,74400.0,Indomaret,processing,Depok
ORD02084,2024-02-21,CST0383,STR020,PRD0040,Lilin Aromaterapi,Rumah Tangga,4,68200.0,20.0,54600.0,218200.0,QRIS,returned,Bandung
ORD05143,2024/06/08,CST0426,STR038,PRD0027,Earphone Bluetooth TWS,Elektronik & Aksesori,2,160300.0,25.0,80100.0,240400.0,Dana,delivered,Semarang
ORD01371,02-07-2023,CST0759,STR019,PRD0031,Casing HP Anti Crack,Elektronik & Aksesori,4,33100.0,25.0,33100.0,99300.0,Transfer BRI,returned,Surabaya
ORD00721,2024-05-16,CST0020,STR037,PRD0028,Holder HP Mobil,Elektronik & Aksesori,1,65000.0,0.0,0.0,65000.0,GoPay,delivered,Depok
ORD04038,2023-05-01,CST0499,STR007,PRD0045,Buku Mewarnai + Crayon,Perlengkapan Bayi & Anak,3,31700.0,10.0,9500.0,85700.0,Transfer BCA,cancelled,Bogor
ORD04514,2023-04-13,CST0952,STR013,PRD0014,Madu Hutan Asli 500ml,Makanan & Minuman,1,186500.0,5.0,9300.0,177200.0,ShopeePay,delivered,Depok
ORD00691,2024-07-29,CST0644,STR040,PRD0047,Kaos Olahraga Dryfit,Olahraga & Outdoor,2,81300.0,20.0,32500.0,130000.0,Transfer BRI,cancelled,Tangerang
ORD00603,2024-01-22,CST0472,STR027,PRD0033,Tempat Makan Tupperware KW,Rumah Tangga,1,56700.0,0.0,0.0,56700.0,Dana,delivered,Depok
ORD02143,2024-03-29,CST0287,STR038,PRD0040,Lilin Aromaterapi,Rumah Tangga,2,67000.0,0.0,0.0,134000.0,Transfer BCA,delivered,Semarang
ORD05377,2024-07-19,CST0535,STR032,PRD0013,Snack Box Mix,Makanan & Minuman,4,52500.0,0.0,0.0,209900.0,ShopeePay,processing,Bogor
ORD03952,2023-02-26,CST0660,STR045,PRD0038,Talenan Kayu Jati,Rumah Tangga,1,85300.0,0.0,0.0,85300.0,Transfer BRI,delivered,Bogor
ORD01434,2023-01-20,CST0093,STR023,PRD0018,Masker Wajah Clay BPOM,Kecantikan & Perawatan,4,49700.0,10.0,19900.0,178800.0,LinkAja,delivered,Palembang
ORD01615,2024-02-05,CST0882,STR021,PRD0039,Keranjang Rotan Mini,Rumah Tangga,1,128700.0,5.0,6400.0,122200.0,ShopeePay,delivered,Depok
ORD04216,2023-09-05,CST0647,STR003,PRD0053,Tas Anyaman Pandan,Kerajinan & Souvenir,1,105500.0,0.0,0.0,105500.0,Alfamart,cancelled,Depok
ORD00319,2023-07-20,CST0916,STR026,PRD0011,Kopi Arabika Toraja 250gr,Makanan & Minuman,1,83400.0,5.0,4200.0,79300.0,Indomaret,delivered,Bandung
ORD04698,2024-11-07,CST0104,STR045,PRD0021,Sunscreen SPF50 Lokal,Kecantikan & Perawatan,10,96000.0,20.0,192100.0,768200.0,Transfer BRI,returned,Bogor
ORD00275,2024-03-04,CST0932,STR008,PRD0032,Charger Fast Charging,Elektronik & Aksesori,1,70000.0,15.0,10500.0,59500.0,QRIS,delivered,Palembang
ORD04828,2024-11-06,CST0617,STR050,PRD0001,Batik Tulis Premium,Fashion & Pakaian,4,339000.0,0.0,0.0,1355800.0,QRIS,delivered,Medan
ORD03383,2024-10-12,CST0531,STR011,PRD0044,Sepatu Anak Velcro,Perlengkapan Bayi & Anak,5,93800.0,15.0,70300.0,398600.0,Transfer BCA,cancelled,Bogor
ORD05482,2024-10-17,CST0252,STR025,PRD0015,Dodol Garut Premium,Makanan & Minuman,3,48800.0,10.0,14600.0,131600.0,Transfer Mandiri,delivered,Tangerang
ORD05247,2023-06-12,CST0551,STR002,PRD0046,Botol Susu Anti-Kolik,Perlengkapan Bayi & Anak,1,107500.0,0.0,0.0,107500.0,Dana,returned,Medan
ORD04402,2024-11-23,CST0292,STR011,PRD0010,Sambal Bawang Homemade,Makanan & Minuman,2,36600.0,10.0,7300.0,65900.0,,delivered,Bogor
ORD01887,2024-07-14,CST0672,STR034,PRD0027,Earphone Bluetooth TWS,Elektronik & Aksesori,2,161500.0,0.0,0.0,323000.0,OVO,delivered,
ORD05444,2024-12-04,CST0586,STR030,PRD0049,Matras Yoga 6mm,Olahraga & Outdoor,1,151000.0,15.0,22700.0,128400.0,Transfer BCA,delivered,Surabaya
ORD05410,2024-11-25,CST0336,STR023,PRD0035,Lap Microfiber Set 3pcs,Rumah Tangga,5,33100.0,0.0,0.0,165500.0,COD,delivered,Palembang
ORD00296,2024-04-26,CST0327,STR028,PRD0013,Snack Box Mix,Makanan & Minuman,3,51000.0,5.0,7700.0,145400.0,LinkAja,cancelled,Palembang
ORD01412,2023-08-22,CST0161,STR048,PRD0051,Topi Running,Olahraga & Outdoor,3,49200.0,0.0,0.0,147600.0,QRIS,delivered,Surabaya
ORD04057,2023-01-23,CST0702,STR005,PRD0001,Batik Tulis Premium,Fashion & Pakaian,2,306300.0,25.0,153100.0,459400.0,COD,processing,Medan
ORD00299,2023-06-18,CST0464,STR013,PRD0054,Lukisan Kanvas UMKM,Kerajinan & Souvenir,1,201200.0,5.0,10100.0,191100.0,ShopeePay,returned,Depok
ORD00069,2023-05-16,CST0695,STR009,PRD0011,Kopi Arabika Toraja 250gr,Makanan & Minuman,1,82400.0,10.0,8200.0,74200.0,COD,cancelled,Medan
ORD00737,25-07-2023,CST0939,STR014,PRD0036,Gantungan Baju Kayu,Rumah Tangga,1,18900.0,10.0,1900.0,17000.0,LinkAja,cancelled,Makassar
ORD02088,2023-12-09,CST0666,STR004,PRD0002,Kaos Polos Cotton Combed,Fashion & Pakaian,3,45800.0,0.0,0.0,137300.0,QRIS,returned,Jakarta
ORD01618,2023-02-28,CST0647,STR008,PRD0048,Tali Skipping Premium,Olahraga & Outdoor,1,51500.0,5.0,2600.0,48900.0,gopay,returned,Palembang
ORD03008,2024-04-02,CST0410,STR030,PRD0001,Batik Tulis Premium,Fashion & Pakaian,2,331500.0,20.0,132600.0,530400.0,Dana,cancelled,
ORD00151,2024-08-07,CST0612,STR033,PRD0022,Body Lotion Bengkoang,Kecantikan & Perawatan,2,49800.0,0.0,0.0,99600.0,LinkAja,processing,Depok
ORD00757,2023-06-24,CST0047,STR036,PRD0051,Topi Running,Olahraga & Outdoor,3,51100.0,0.0,0.0,153400.0,Transfer BRI,processing,Tangerang
ORD03312,2023-03-29,CST0527,STR016,PRD0039,Keranjang Rotan Mini,Rumah Tangga,2,115500.0,10.0,23100.0,207900.0,GoPay,cancelled,Medan
ORD03092,2023-06-07,CST0763,STR048,PRD0019,Sabun Sirih Herbal,Kecantikan & Perawatan,1,25500.0,10.0,2500.0,22900.0,Transfer BCA,delivered,Surabaya
ORD03136,2024-07-30,CST0170,STR033,PRD0019,Sabun Sirih Herbal,Kecantikan & Perawatan,4,24300.0,15.0,14600.0,82600.0,Alfamart,cancelled,Depok
ORD02705,2023-11-08,CST0698,STR026,PRD0031,Casing HP Anti Crack,Elektronik & Aksesori,1,28900.0,10.0,2900.0,26000.0,ShopeePay,returned,Bandung
ORD01727,2024-05-18,CST0098,STR027,PRD0019,Sabun Sirih Herbal,Kecantikan & Perawatan,1,27500.0,5.0,1400.0,26200.0,Transfer BCA,returned,Depok
ORD00377,2023-12-18,CST0588,STR038,PRD0007,Sepatu Sneakers Lokal,Fashion & Pakaian,4,275700.0,0.0,0.0,1102700.0,GoPay,cancelled,Semarang
ORD05088,2024-09-25,CST0101,STR007,PRD0047,Kaos Olahraga Dryfit,Olahraga & Outdoor,2,85700.0,0.0,0.0,171300.0,Indomaret,delivered,Bogor
ORD00860,2023-05-14,CST0581,STR019,PRD0051,Topi Running,Olahraga & Outdoor,1,51900.0,0.0,0.0,51900.0,QRIS,returned,Surabaya
ORD02820,2023-11-11,CST0784,STR016,PRD0025,Powerbank 10000mAh,Elektronik & Aksesori,3,131500.0,5.0,19700.0,374800.0,Indomaret,returned,Medan
ORD00254,2024-08-30,CST0360,STR002,PRD0026,Kabel Data Type-C 1m,Elektronik & Aksesori,1,38400.0,0.0,0.0,38400.0,Transfer BRI,delivered,Medan
ORD01408,20/06/2024,CST0987,STR043,PRD0053,Tas Anyaman Pandan,Kerajinan & Souvenir,4,102900.0,0.0,0.0,411700.0,GoPay,cancelled,Surabaya
ORD00379,2023-02-03,CST0714,STR038,PRD0024,Parfum Roll-On Halal,Kecantikan & Perawatan,1,43200.0,10.0,4300.0,38900.0,Alfamart,delivered,Semarang
ORD03693,2023-04-06,CST0314,STR012,PRD0055,Gantungan Kunci Batik,Kerajinan & Souvenir,5,12500.0,5.0,3100.0,59500.0,LinkAja,returned,Depok
ORD01295,2023-01-15,CST0176,STR010,PRD0048,Tali Skipping Premium,Olahraga & Outdoor,5,55100.0,15.0,41300.0,234100.0,Indomaret,delivered,Palembang
ORD05412,2023-12-26,CST0207,STR019,PRD0024,Parfum Roll-On Halal,Kecantikan & Perawatan,1,38200.0,0.0,0.0,38200.0,ShopeePay,delivered,Surabaya
ORD02381,2023-12-15,CST0692,STR019,PRD0042,Mainan Edukasi Kayu,Perlengkapan Bayi & Anak,2,86800.0,15.0,26000.0,147500.0,GoPay,delivered,Surabaya
ORD02847,2023-11-19,CST0553,STR008,PRD0016,Rendang Kemasan Vacuum,Makanan & Minuman,5,132600.0,0.0,0.0,663000.0,Dana,delivered,Palembang
ORD04540,2023-09-07,CST0942,STR030,PRD0020,Lip Cream Matte Halal,Kecantikan & Perawatan,5,50900.0,10.0,25400.0,228900.0,LinkAja,returned,Surabaya
ORD03129,2023-08-18,CST0092,STR010,PRD0051,Topi Running,Olahraga & Outdoor,4,53000.0,5.0,10600.0,201600.0,QRIS,delivered,Palembang
ORD00842,2023-02-02,CST0416,STR007,PRD0027,Earphone Bluetooth TWS,Elektronik & Aksesori,1,139200.0,5.0,7000.0,132300.0,Indomaret,delivered,Bogor
ORD05323,2024-04-23,CST0593,STR032,PRD0046,Botol Susu Anti-Kolik,Perlengkapan Bayi & Anak,1,99400.0,5.0,5000.0,94500.0,LinkAja,delivered,Bogor
ORD01190,2024-09-12,CST0059,STR027,PRD0036,Gantungan Baju Kayu,Rumah Tangga,1,19300.0,0.0,0.0,19300.0,OVO,cancelled,Depok
ORD00176,2024-02-15,CST0628,STR024,PRD0021,Sunscreen SPF50 Lokal,Kecantikan & Perawatan,2,85800.0,0.0,0.0,171500.0,Dana,cancelled,Bogor
ORD03723,2023-03-19,CST0099,STR038,PRD0040,Lilin Aromaterapi,Rumah Tangga,1,63900.0,5.0,3200.0,60700.0,LinkAja,delivered,Semarang
ORD00928,2023/03/21,CST0252,STR002,PRD0040,Lilin Aromaterapi,Rumah Tangga,1,68900.0,0.0,0.0,68900.0,ShopeePay,delivered,Medan
ORD04955,2024-10-27,CST0345,STR021,PRD0014,Madu Hutan Asli 500ml,Makanan & Minuman,3,177700.0,0.0,0.0,533000.0,Dana,delivered,Depok
ORD00046,2023-03-01,CST0903,STR009,PRD0001,Batik Tulis Premium,Fashion & Pakaian,4,301400.0,0.0,0.0,1205500.0,OVO,delivered,Medan
ORD01261,2024-03-04,CST0128,STR028,PRD0024,Parfum Roll-On Halal,Kecantikan & Perawatan,1,40300.0,5.0,2000.0,38300.0,LinkAja,processing,Palembang
ORD01097,2024-02-19,CST0712,STR039,PRD0044,Sepatu Anak Velcro,Perlengkapan Bayi & Anak,2,89400.0,0.0,0.0,178900.0,COD,delivered,Bandung
ORD03071,2024-09-08,CST0980,STR006,PRD0007,Sepatu Sneakers Lokal,Fashion & Pakaian,3,267400.0,0.0,0.0,802300.0,Transfer Mandiri,delivered,Depok
ORD01670,2024-05-02,CST0108,STR026,PRD0035,Lap Microfiber Set 3pcs,Rumah Tangga,4,33400.0,5.0,6700.0,127000.0,Alfamart,delivered,Bandung
ORD04769,2024-05-10,CST0949,STR014,PRD0002,Kaos Polos Cotton Combed,Fashion & Pakaian,5,49900.0,0.0,0.0,249300.0,QRIS,delivered,Makassar
ORD02536,2024-08-06,CST0782,STR040,PRD0007,Sepatu Sneakers Lokal,Fashion & Pakaian,4,263500.0,10.0,105400.0,948500.0,Transfer BCA,delivered,Tangerang
ORD01031,2023-10-04,CST0179,STR036,PRD0009,Keripik Tempe Renceng,Makanan & Minuman,3,15400.0,5.0,2300.0,43900.0,OVO,delivered,Tangerang
ORD04779,2023-03-12,CST0017,STR023,PRD0050,Botol Infuser Air,Olahraga & Outdoor,1,56400.0,20.0,11300.0,45100.0,dana,processing,Palembang
ORD03881,2023-06-22,CST0014,STR017,PRD0046,Botol Susu Anti-Kolik,Perlengkapan Bayi & Anak,4,905000.0,20.0,72400.0,289500.0,Indomaret,delivered,Tangerang
ORD02225,2024-12-30,CST0837,STR028,PRD0031,Casing HP Anti Crack,Elektronik & Aksesori,4,30200.0,5.0,6000.0,114900.0,LinkAja,returned,Palembang
ORD00284,2023-01-17,CST0068,STR022,PRD0021,Sunscreen SPF50 Lokal,Kecantikan & Perawatan,2,86900.0,10.0,17400.0,156400.0,QRIS,processing,Jakarta
ORD05344,2023-10-01,CST0554,STR048,PRD0016,Rendang Kemasan Vacuum,Makanan & Minuman,1,135800.0,10.0,13600.0,122200.0,LinkAja,returned,Surabaya
ORD04350,2023-07-26,CST0950,STR007,PRD0035,Lap Microfiber Set 3pcs,Rumah Tangga,1,30300.0,20.0,6100.0,24200.0,ShopeePay,delivered,Bogor
ORD01958,2023-07-12,CST0586,STR001,PRD0028,Holder HP Mobil,Elektronik & Aksesori,1,57900.0,25.0,14500.0,43400.0,Transfer BCA,processing,Surabaya
ORD03892,2023-12-28,CST0966,STR005,PRD0033,Tempat Makan Tupperware KW,Rumah Tangga,3,57700.0,10.0,17300.0,155700.0,,cancelled,Medan
ORD03575,2023-12-10,CST0306,STR044,PRD0009,Keripik Tempe Renceng,Makanan & Minuman,10,14800.0,0.0,0.0,147600.0,Alfamart,delivered,Tangerang
ORD02260,2023-04-26,CST0331,STR034,PRD0056,Topeng Kayu Dekorasi,Kerajinan & Souvenir,1,114200.0,15.0,17100.0,97100.0,Dana,returned,Depok
ORD03415,2024-09-21,CST0062,STR018,PRD0009,Keripik Tempe Renceng,Makanan & Minuman,1,14600.0,15.0,2200.0,12400.0,Dana,processing,Makassar
ORD03002,2023-09-24,CST0925,STR003,PRD0044,Sepatu Anak Velcro,Perlengkapan Bayi & Anak,4,98200.0,0.0,0.0,392600.0,ShopeePay,delivered,Depok
ORD04040,2023-12-26,CST0397,STR010,PRD0053,Tas Anyaman Pandan,Kerajinan & Souvenir,1,99100.0,10.0,9900.0,89200.0,ShopeePay,cancelled,Palembang
ORD02973,2023-12-26,CST0971,STR031,PRD0046,Botol Susu Anti-Kolik,Perlengkapan Bayi & Anak,1,90900.0,0.0,0.0,90900.0,QRIS,processing,Palembang
ORD02438,2024-07-07,CST0901,STR022,PRD0040,Lilin Aromaterapi,Rumah Tangga,3,63900.0,0.0,0.0,191800.0,LinkAja,delivered,Jakarta
ORD03872,2023-04-27,CST0413,STR011,PRD0013,Snack Box Mix,Makanan & Minuman,4,47500.0,5.0,9500.0,180600.0,GoPay,processing,Bogor
ORD02299,2023-09-13,CST0881,STR004,PRD0056,Topeng Kayu Dekorasi,Kerajinan & Souvenir,1,99700.0,0.0,0.0,99700.0,Transfer BRI,cancelled,Jakarta
ORD04437,2024-08-24,CST0522,STR032,PRD0022,Body Lotion Bengkoang,Kecantikan & Perawatan,5,50600.0,25.0,63300.0,189800.0,GoPay,delivered,Bogor
ORD03208,2023-01-21,CST0901,STR031,PRD0033,Tempat Makan Tupperware KW,Rumah Tangga,10,56600.0,5.0,28300.0,537300.0,QRIS,returned,Palembang
ORD04794,2024-05-14,CST0338,STR011,PRD0016,Rendang Kemasan Vacuum,Makanan & Minuman,2,133300.0,20.0,53300.0,213300.0,,delivered,Bogor
ORD04833,2023-04-04,CST0508,STR014,PRD0036,Gantungan Baju Kayu,Rumah Tangga,4,19600.0,5.0,3900.0,74500.0,ShopeePay,delivered,Makassar
ORD05114,2024-10-12,CST0451,STR026,PRD0044,Sepatu Anak Velcro,Perlengkapan Bayi & Anak,2,101200.0,5.0,10100.0,192400.0,COD,delivered,
ORD00258,2024-08-30,CST0139,STR034,PRD0014,Madu Hutan Asli 500ml,Makanan & Minuman,4,173000.0,15.0,103800.0,588300.0,Transfer Mandiri,processing,Depok
ORD00508,2023-06-04,CST0921,STR012,PRD0039,Keranjang Rotan Mini,Rumah Tangga,4,127000.0,10.0,50800.0,457300.0,OVO,processing,Depok
ORD04986,2023-02-24,CST0959,STR024,PRD0055,Gantungan Kunci Batik,Kerajinan & Souvenir,1,13200.0,0.0,0.0,13200.0,Indomaret,delivered,Bogor
ORD00100,2023/10/08,CST0703,STR037,PRD0019,Sabun Sirih Herbal,Kecantikan & Perawatan,1,24900.0,0.0,0.0,24900.0,GoPay,returned,Depok
ORD02843,2024-09-07,CST0753,STR019,PRD0056,Topeng Kayu Dekorasi,Kerajinan & Souvenir,2,100300.0,5.0,10000.0,190600.0,Indomaret,delivered,Surabaya
ORD01648,2024-01-26,CST0509,STR015,PRD0029,Lampu LED Ring Light,Elektronik & Aksesori,2,172800.0,10.0,34600.0,311000.0,QRIS,processing,Jakarta
ORD03681,2024-07-17,CST0346,STR044,PRD0008,Sandal Kulit Handmade,Fashion & Pakaian,1,141600.0,5.0,7100.0,134500.0,COD,returned,Tangerang
ORD05313,2024-04-30,CST0317,STR047,PRD0002,Kaos Polos Cotton Combed,Fashion & Pakaian,2,52700.0,0.0,0.0,105500.0,QRIS,delivered,Makassar
ORD03615,2023-11-01,CST0879,STR003,PRD0024,Parfum Roll-On Halal,Kecantikan & Perawatan,3,41500.0,0.0,0.0,124400.0,Indomaret,delivered,Depok
ORD01563,2023-08-09,CST0022,STR036,PRD0045,Buku Mewarnai + Crayon,Perlengkapan Bayi & Anak,3,30500.0,10.0,9200.0,82400.0,LinkAja,delivered,Tangerang
ORD01484,2024-04-25,CST0133,STR039,PRD0037,Botol Minum Tumbler,Rumah Tangga,4,80500.0,0.0,0.0,322100.0,COD,delivered,Bandung
ORD04341,2024-06-25,CST0802,STR025,PRD0001,Batik Tulis Premium,Fashion & Pakaian,4,330000.0,0.0,0.0,1319900.0,Transfer BRI,cancelled,Tangerang
ORD05191,2023-01-05,CST0399,STR032,PRD0008,Sandal Kulit Handmade,Fashion & Pakaian,4,156300.0,5.0,31300.0,593800.0,,returned,Bogor
ORD05448,2023-09-10,CST0044,STR037,PRD0027,Earphone Bluetooth TWS,Elektronik & Aksesori,3,140100.0,0.0,0.0,420200.0,GoPay,returned,Depok
ORD04591,2023-01-24,CST0995,STR037,PRD0021,Sunscreen SPF50 Lokal,Kecantikan & Perawatan,1,84900.0,5.0,4200.0,80700.0,,returned,Depok
ORD00367,2024-02-15,CST0187,STR026,PRD0040,Lilin Aromaterapi,Rumah Tangga,3,71400.0,10.0,21400.0,192700.0,Dana,delivered,Bandung
ORD04767,2023-12-21,CST0569,STR023,PRD0053,Tas Anyaman Pandan,Kerajinan & Souvenir,2,106800.0,,21400.0,192200.0,Dana,delivered,Palembang
ORD02766,2023-02-13,CST0007,STR043,PRD0011,Kopi Arabika Toraja 250gr,Makanan & Minuman,1,79900.0,10.0,8000.0,72000.0,Alfamart,returned,Surabaya
ORD04887,2023-11-22,CST0078,STR021,PRD0040,Lilin Aromaterapi,Rumah Tangga,2,59300.0,0.0,0.0,118600.0,Transfer Mandiri,delivered,Depok
ORD04287,2024-12-04,CST0675,STR007,PRD0023,Shampo Kemiri Organik,Kecantikan & Perawatan,1,68100.0,5.0,3400.0,64700.0,Indomaret,processing,Bogor
ORD00950,2023-01-09,CST0194,STR015,PRD0047,Kaos Olahraga Dryfit,Olahraga & Outdoor,1,73400.0,0.0,0.0,73400.0,QRIS,cancelled,Jakarta
ORD03108,2023-12-09,CST0249,STR019,PRD0050,Botol Infuser Air,Olahraga & Outdoor,3,65600.0,0.0,0.0,196800.0,Transfer BCA,delivered,Surabaya
ORD00020,2023-09-30,CST0982,STR005,PRD0001,Batik Tulis Premium,Fashion & Pakaian,3,289700.0,5.0,43500.0,825600.0,ShopeePay,delivered,Medan
ORD03241,2023-09-26,CST0395,STR034,PRD0040,Lilin Aromaterapi,Rumah Tangga,2,66200.0,10.0,13200.0,119100.0,OVO,returned,Depok
ORD00669,2024-02-13,CST0725,STR023,PRD0003,Hijab Voal Motif,Fashion & Pakaian,2,59600.0,0.0,0.0,119200.0,QRIS,cancelled,Palembang
ORD00219,2023-04-11,CST0847,STR035,PRD0007,Sepatu Sneakers Lokal,Fashion & Pakaian,1,277900.0,5.0,13900.0,264000.0,Indomaret,processing,Surabaya
ORD04688,2024-05-04,CST0013,STR028,PRD0017,Skincare Serum Vit C Lokal,Kecantikan & Perawatan,3,113000.0,0.0,0.0,339100.0,transfer bri,delivered,Palembang
ORD01703,2023-05-27,CST0602,STR039,PRD0023,Shampo Kemiri Organik,Kecantikan & Perawatan,1,78200.0,5.0,3900.0,74300.0,ShopeePay,processing,Bandung
ORD03275,2024-11-27,CST0645,STR044,PRD0046,Botol Susu Anti-Kolik,Perlengkapan Bayi & Anak,4,99400.0,0.0,0.0,397700.0,Dana,delivered,Tangerang
ORD04636,2024-06-28,CST0031,STR006,PRD0030,Mouse Wireless USB,Elektronik & Aksesori,2,102100.0,0.0,0.0,204200.0,,returned,
ORD00586,2023-11-07,CST0575,STR032,PRD0031,Casing HP Anti Crack,Elektronik & Aksesori,4,29800.0,25.0,29800.0,89500.0,Transfer BCA,delivered,Bogor
ORD03457,2024-02-26,CST0880,STR001,PRD0016,Rendang Kemasan Vacuum,Makanan & Minuman,1,115200.0,10.0,11500.0,103700.0,Alfamart,delivered,Surabaya
ORD03072,2024-02-12,CST0697,STR028,PRD0032,Charger Fast Charging,Elektronik & Aksesori,3,65600.0,15.0,29500.0,167200.0,Indomaret,processing,Palembang
ORD02793,2023-08-29,CST0310,STR021,PRD0010,Sambal Bawang Homemade,Makanan & Minuman,2,31200.0,0.0,0.0,62300.0,Alfamart,delivered,Depok
ORD00778,2024-12-27,CST0074,STR013,PRD0003,Hijab Voal Motif,Fashion & Pakaian,1,64500.0,5.0,3200.0,61200.0,Transfer Mandiri,processing,Depok
ORD04667,2024-10-03,CST0207,STR025,PRD0002,Kaos Polos Cotton Combed,Fashion & Pakaian,2,52800.0,,10600.0,95100.0,Transfer Mandiri,returned,Tangerang
ORD01019,2023-07-22,CST0013,STR009,PRD0033,Tempat Makan Tupperware KW,Rumah Tangga,1,56200.0,5.0,2800.0,53400.0,LinkAja,cancelled,Medan
ORD02210,2023-06-18,CST0999,STR017,PRD0025,Powerbank 10000mAh,Elektronik & Aksesori,1,132100.0,10.0,13200.0,118900.0,,delivered,Tangerang
ORD02819,2024-09-25,CST0418,STR016,PRD0051,Topi Running,Olahraga & Outdoor,1,45100.0,0.0,0.0,45100.0,QRIS,cancelled,Medan
ORD04145,2023-06-27,CST0556,STR007,PRD0039,Keranjang Rotan Mini,Rumah Tangga,1,114400.0,5.0,5700.0,108700.0,ShopeePay,delivered,Bogor
ORD01565,2024-11-28,CST0787,STR035,PRD0042,Mainan Edukasi Kayu,Perlengkapan Bayi & Anak,2,85000.0,25.0,42500.0,127500.0,GoPay,processing,Surabaya
ORD05189,2023-01-08,CST0648,STR004,PRD0049,Matras Yoga 6mm,Olahraga & Outdoor,1,166100.0,0.0,0.0,166100.0,QRIS,delivered,Jakarta
ORD01913,2024-04-08,CST0058,STR042,PRD0043,Tas Sekolah Anak SD,Perlengkapan Bayi & Anak,1,114000.0,0.0,0.0,114000.0,Alfamart,cancelled,Bogor
ORD04571,2023-05-20,CST0904,STR016,PRD0003,Hijab Voal Motif,Fashion & Pakaian,4,56900.0,0.0,0.0,227600.0,OVO,returned,Medan
ORD00518,2024-11-29,CST0148,STR050,PRD0027,Earphone Bluetooth TWS,Elektronik & Aksesori,1,134500.0,0.0,0.0,134500.0,GoPay,processing,Medan
ORD01780,2023-11-27,CST0233,STR030,PRD0020,Lip Cream Matte Halal,Kecantikan&Perawatan,1,50000.0,15.0,7500.0,42500.0,ShopeePay,returned,Surabaya
ORD04333,2024-07-08,CST0207,STR046,PRD0016,Rendang Kemasan Vacuum,Makanan & Minuman,1,122400.0,0.0,0.0,122400.0,Transfer BCA,delivered,Medan
ORD02407,2024-04-01,CST0320,STR035,PRD0053,Tas Anyaman Pandan,Kerajinan & Souvenir,1,102500.0,15.0,15400.0,87100.0,dana,processing,Surabaya
ORD00218,2024-03-18,CST0793,STR025,PRD0033,Tempat Makan Tupperware KW,Rumah Tangga,2,54700.0,0.0,0.0,109400.0,LinkAja,delivered,Tangerang
ORD03911,2023-09-02,CST0987,STR047,PRD0029,Lampu LED Ring Light,Elektronik & Aksesori,3,176100.0,0.0,0.0,528200.0,Dana,cancelled,Makassar
ORD01478,2024-05-24,CST0861,STR039,PRD0030,Mouse Wireless USB,Elektronik & Aksesori,1,92000.0,0.0,0.0,92000.0,LinkAja,returned,Bandung
ORD01892,2024-08-26,CST0115,STR012,PRD0021,Sunscreen SPF50 Lokal,Kecantikan & Perawatan,2,86500.0,5.0,8600.0,164300.0,ShopeePay,delivered,Depok
ORD01870,2024-05-13,CST0249,STR029,PRD0028,Holder HP Mobil,Elektronik & Aksesori,1,54000.0,5.0,2700.0,51300.0,Indomaret,delivered,Bandung
ORD02946,2024-10-11,CST0099,STR018,PRD0050,Botol Infuser Air,Olahraga & Outdoor,5,58100.0,0.0,0.0,290400.0,Transfer Mandiri,delivered,Makassar
ORD02651,2023-07-02,CST0438,STR032,PRD0029,Lampu LED Ring Light,Elektronik & Aksesori,3,168700.0,0.0,0.0,506200.0,Dana,returned,Bogor
ORD01053,2024-09-02,CST0010,STR014,PRD0049,Matras Yoga 6mm,Olahraga & Outdoor,1,145400.0,0.0,0.0,145400.0,Alfamart,returned,Makassar
ORD01753,2023-10-21,CST0240,STR014,PRD0048,Tali Skipping Premium,Olahraga & Outdoor,1,57200.0,5.0,2900.0,54300.0,Transfer Mandiri,returned,Makassar
ORD00760,2024-07-01,CST0824,STR047,PRD0003,Hijab Voal Motif,Fashion & Pakaian,2,62500.0,15.0,18800.0,106300.0,Transfer BCA,delivered,Makassar
ORD03478,2024-06-12,CST0864,STR017,PRD0038,Talenan Kayu Jati,Rumah Tangga,1,94300.0,5.0,4700.0,89500.0,Alfamart,delivered,Tangerang
ORD01427,2024-12-02,CST0275,STR041,PRD0026,Kabel Data Type-C 1m,Elektronik & Aksesori,1,42800.0,5.0,2100.0,40600.0,Dana,delivered,Semarang
ORD03218,2023-08-29,CST0186,STR030,PRD0043,Tas Sekolah Anak SD,Perlengkapan Bayi & Anak,1,115800.0,0.0,0.0,115800.0,GoPay,returned,Surabaya
ORD00215,2023-08-28,CST0727,STR025,PRD0055,Gantungan Kunci Batik,Kerajinan & Souvenir,1,13200.0,5.0,700.0,12600.0,Dana,returned,Tangerang
ORD02544,2023-09-08,CST0603,STR006,PRD0007,Sepatu Sneakers Lokal,Fashion & Pakaian,1,287300.0,5.0,14400.0,273000.0,Transfer BRI,returned,Depok
ORD02706,2023-02-25,CST0007,STR012,PRD0056,Topeng Kayu Dekorasi,Kerajinan & Souvenir,4,102300.0,10.0,40900.0,368500.0,Transfer BCA,delivered,Depok
ORD01562,2023-01-29,CST0057,STR026,PRD0005,Dress Casual Wanita,Fashion & Pakaian,3,170900.0,10.0,51300.0,461500.0,Dana,cancelled,Bandung
ORD02643,2023-05-08,CST0112,STR023,PRD0045,Buku Mewarnai + Crayon,Perlengkapan Bayi & Anak,1,29200.0,10.0,2900.0,26300.0,COD,delivered,Palembang
ORD01514,2024-08-22,CST0137,STR019,PRD0051,Topi Running,Olahraga & Outdoor,5,46300.0,5.0,11600.0,220100.0,Indomaret,delivered,Surabaya
ORD02771,2023-08-17,CST0168,STR049,PRD0038,Talenan Kayu Jati,Rumah Tangga,3,92800.0,0.0,0.0,278300.0,LinkAja,returned,Makassar
ORD00197,2023-08-31,CST0905,STR006,PRD0046,Botol Susu Anti-Kolik,Perlengkapan Bayi & Anak,3,95300.0,20.0,57200.0,228800.0,QRIS,delivered,
ORD01596,2023-08-15,CST0950,STR030,PRD0053,Tas Anyaman Pandan,Kerajinan & Souvenir,3,90400.0,,0.0,271200.0,ShopeePay,returned,Surabaya
ORD05301,2023-02-03,CST0099,STR004,PRD0014,Madu Hutan Asli 500ml,Makanan & Minuman,2,165500.0,10.0,33100.0,297800.0,ShopeePay,processing,Jakarta
ORD03354,2023-10-31,CST0040,STR006,PRD0002,Kaos Polos Cotton Combed,Fashion & Pakaian,2,51300.0,15.0,15400.0,87200.0,COD,processing,Depok
ORD04036,2024-11-16,CST0482,STR022,PRD0028,Holder HP Mobil,Elektronik & Aksesori,10,54200.0,10.0,54200.0,487800.0,ShopeePay,delivered,Jakarta
ORD01057,2023-06-24,CST0809,STR005,PRD0047,Kaos Olahraga Dryfit,Olahraga & Outdoor,3,84700.0,5.0,12700.0,241500.0,Transfer Mandiri,returned,Medan
ORD01965,2023-10-15,CST0596,STR010,PRD0022,Body Lotion Bengkoang,Kecantikan & Perawatan,1,52100.0,,0.0,52100.0,COD,delivered,Palembang
ORD00888,2024-02-17,CST0160,STR034,PRD0034,Sapu Lantai Ijuk,Rumah Tangga,1,25900.0,10.0,2600.0,23300.0,GoPay,returned,Depok
ORD04951,13-07-2024,CST0422,STR032,PRD0029,Lampu LED Ring Light,Elektronik & Aksesori,4,182300.0,25.0,182300.0,547000.0,Dana,delivered,Bogor
ORD05378,2024-08-01,CST0063,STR004,PRD0034,Sapu Lantai Ijuk,Rumah Tangga,3,23800.0,10.0,7100.0,64300.0,COD,delivered,Jakarta
ORD04929,2023-03-10,CST0100,STR042,PRD0038,Talenan Kayu Jati,Rumah Tangga,2,87500.0,0.0,0.0,175000.0,Transfer Mandiri,returned,Bogor
ORD00569,2024-05-27,CST0306,STR021,PRD0056,Topeng Kayu Dekorasi,Kerajinan & Souvenir,1,119600.0,0.0,0.0,119600.0,Dana,delivered,Depok
ORD04968,2023-12-22,CST0908,STR014,PRD0003,Hijab Voal Motif,Fashion & Pakaian,1,62300.0,0.0,0.0,62300.0,LinkAja,delivered,Makassar
ORD03201,2023-01-13,CST0318,STR043,PRD0039,Keranjang Rotan Mini,Rumah Tangga,2,125200.0,0.0,0.0,250400.0,Alfamart,delivered,Surabaya
ORD01527,2023-02-13,CST0859,STR013,PRD0013,Snack Box Mix,Makanan & Minuman,2,50200.0,15.0,15100.0,85300.0,OVO,returned,Depok
ORD03760,2024-12-15,CST0616,STR011,PRD0053,Tas Anyaman Pandan,Kerajinan & Souvenir,3,97600.0,0.0,0.0,292900.0,Indomaret,returned,Bogor
ORD00140,2024-10-02,CST0969,STR007,PRD0013,Snack Box Mix,Makanan & Minuman,3,51600.0,0.0,0.0,154700.0,QRIS,cancelled,Bogor
ORD01673,2024-07-09,CST0823,STR020,PRD0034,Sapu Lantai Ijuk,Rumah Tangga,2,24300.0,0.0,0.0,48600.0,OVO,delivered,Bandung
ORD05432,2024-09-18,CST0527,STR029,PRD0045,Buku Mewarnai + Crayon,Perlengkapan Bayi & Anak,1,29800.0,0.0,0.0,29800.0,COD,cancelled,Bandung
ORD01150,2023-12-21,CST0901,STR008,PRD0036,Gantungan Baju Kayu,Rumah Tangga,5,20900.0,10.0,10400.0,93900.0,LinkAja,delivered,Palembang
ORD02481,2024-02-13,CST0957,STR018,PRD0015,Dodol Garut Premium,Makanan & Minuman,1,47100.0,0.0,0.0,47100.0,LinkAja,delivered,Makassar
ORD04166,2023-05-12,CST0790,STR010,PRD0055,Gantungan Kunci Batik,Kerajinan & Souvenir,1,12000.0,5.0,600.0,11400.0,,delivered,Palembang
ORD02875,2023-10-13,CST0624,STR019,PRD0045,Buku Mewarnai + Crayon,Perlengkapan Bayi & Anak,4,31600.0,10.0,12700.0,113900.0,Transfer Mandiri,processing,Surabaya
ORD00464,2023-08-05,CST0751,STR024,PRD0018,Masker Wajah Clay BPOM,Kecantikan & Perawatan,4,55700.0,0.0,0.0,222800.0,GoPay,processing,Bogor
ORD02917,2024-08-31,CST0109,STR047,PRD0010,Sambal Bawang Homemade,Makanan & Minuman,2,36200.0,0.0,0.0,72400.0,GoPay,delivered,Makassar
ORD04931,2023-11-17,CST0142,STR012,PRD0012,Teh Herbal Jahe Merah,Makanan & Minuman,3,44500.0,10.0,13300.0,120100.0,COD,delivered,Depok
ORD04668,2024-12-21,CST0922,STR019,PRD0053,Tas Anyaman Pandan,Kerajinan & Souvenir,3,107100.0,0.0,0.0,321400.0,,cancelled,Surabaya
ORD00595,2023-02-14,CST0442,STR002,PRD0053,Tas Anyaman Pandan,Kerajinan & Souvenir,4,93200.0,0.0,0.0,373000.0,Transfer BRI,returned,Medan
ORD03725,2024-11-24,CST0281,STR050,PRD0033,Tempat Makan Tupperware KW,Rumah Tangga,2,57300.0,20.0,22900.0,91700.0,,cancelled,Medan
ORD00451,2023-11-17,CST0021,STR024,PRD0037,Botol Minum Tumbler,Rumah Tangga,2,79000.0,10.0,15800.0,142300.0,Transfer Mandiri,delivered,Bogor
ORD04646,2024-08-07,CST0297,STR046,PRD0035,Lap Microfiber Set 3pcs,Rumah Tangga,2,34900.0,15.0,10500.0,59300.0,OVO,delivered,Medan
ORD03896,2024-10-28,CST0973,STR007,PRD0052,Gelang Batok Kelapa,Kerajinan & Souvenir,2,26700.0,5.0,2700.0,50800.0,,processing,Bogor
ORD04575,2024-06-02,CST0953,STR021,PRD0015,Dodol Garut Premium,Makanan & Minuman,1,48900.0,10.0,4900.0,44000.0,OVO,cancelled,Depok
ORD02224,2024-07-08,CST0931,STR009,PRD0044,Sepatu Anak Velcro,Perlengkapan Bayi & Anak,2,99400.0,5.0,9900.0,188900.0,Transfer BCA,delivered,Medan
ORD04161,2023-02-01,CST0542,STR009,PRD0025,Powerbank 10000mAh,Elektronik & Aksesori,2,134800.0,5.0,13500.0,256200.0,Alfamart,delivered,Medan
ORD01823,2024-01-19,CST0026,STR044,PRD0023,Shampo Kemiri Organik,Kecantikan & Perawatan,1,74100.0,0.0,0.0,74100.0,QRIS,cancelled,Tangerang
ORD01871,2024-04-05,CST0898,STR024,PRD0020,Lip Cream Matte Halal,Kecantikan & Perawatan,4,50100.0,10.0,20000.0,180300.0,Indomaret,delivered,Bogor
ORD05172,2024-07-22,CST0081,STR041,PRD0037,Botol Minum Tumbler,Rumah Tangga,1,85200.0,5.0,4300.0,80900.0,LinkAja,delivered,Semarang
ORD01175,2024-06-07,CST0464,STR036,PRD0047,Kaos Olahraga Dryfit,Olahraga & Outdoor,1,74900.0,5.0,3700.0,71200.0,Indomaret,cancelled,Tangerang
ORD05473,2023-04-27,CST0803,STR021,PRD0001,Batik Tulis Premium,Fashion & Pakaian,2,286900.0,0.0,0.0,573900.0,ShopeePay,delivered,Depok
ORD00452,2024-07-23,CST0553,STR032,PRD0030,Mouse Wireless USB,Elektronik & Aksesori,4,96500.0,15.0,57900.0,328200.0,GoPay,delivered,Bogor
ORD04717,2024-03-26,CST0496,STR049,PRD0024,Parfum Roll-On Halal,Kecantikan & Perawatan,1,42900.0,20.0,8600.0,34300.0,Transfer BCA,delivered,Makassar
ORD04771,2024-09-15,CST0234,STR037,PRD0012,Teh Herbal Jahe Merah,Makanan & Minuman,3,40200.0,0.0,0.0,120600.0,,delivered,Depok
ORD04916,2023-10-01,CST0531,STR004,PRD0036,Gantungan Baju Kayu,Rumah Tangga,3,20800.0,10.0,6200.0,56200.0,Alfamart,cancelled,Jakarta
ORD03658,2024-05-31,CST0154,STR005,PRD0050,Botol Infuser Air,Olahraga & Outdoor,1,58100.0,25.0,14500.0,43600.0,transfer mandiri,processing,
ORD04868,2023-11-06,CST0475,STR012,PRD0008,Sandal Kulit Handmade,Fashion & Pakaian,4,143700.0,0.0,0.0,574900.0,QRIS,delivered,Depok
ORD03186,2023-01-14,CST0781,STR018,PRD0009,Keripik Tempe Renceng,Makanan & Minuman,1,15400.0,15.0,2300.0,13100.0,ShopeePay,delivered,Makassar
ORD03034,2023-02-07,CST0014,STR047,PRD0023,Shampo Kemiri Organik,Kecantikan & Perawatan,2,80400.0,15.0,24100.0,136700.0,LinkAja,returned,Makassar
ORD01264,2024-01-16,CST0179,STR014,PRD0035,Lap Microfiber Set 3pcs,Rumah Tangga,2,30600.0,5.0,3100.0,58200.0,Transfer BCA,processing,Makassar
ORD05328,2024-04-16,CST0825,STR005,PRD0017,Skincare Serum Vit C Lokal,Kecantikan & Perawatan,2,109000.0,0.0,0.0,218100.0,Transfer BCA,delivered,Medan
ORD01000,2024-08-03,CST0637,STR033,PRD0036,Gantungan Baju Kayu,Rumah Tangga,2,21400.0,0.0,0.0,42900.0,Transfer BCA,delivered,Depok
ORD03323,04-04-2024,CST0242,STR005,PRD0039,Keranjang Rotan Mini,Rumah Tangga,1,121000.0,10.0,12100.0,108900.0,Transfer Mandiri,cancelled,Medan
ORD03790,2023-03-29,CST0362,STR020,PRD0046,Botol Susu Anti-Kolik,Perlengkapan Bayi & Anak,2,99100.0,15.0,29700.0,168500.0,Transfer Mandiri,delivered,Bandung
ORD02485,2023-06-14,CST0748,STR037,PRD0010,Sambal Bawang Homemade,Makanan & Minuman,3,35900.0,0.0,0.0,107600.0,Dana,cancelled,Depok
ORD01477,2024-11-15,CST0006,STR032,PRD0011,Kopi Arabika Toraja 250gr,Makanan & Minuman,1,88800.0,0.0,0.0,88800.0,Dana,delivered,Bogor
ORD00193,2023-01-17,CST0389,STR037,PRD0051,Topi Running,Olahraga & Outdoor,1,53300.0,10.0,5300.0,47900.0,Dana,delivered,Depok
ORD05405,2023-06-28,CST0458,STR022,PRD0033,Tempat Makan Tupperware KW,Rumah Tangga,1,48600.0,0.0,0.0,48600.0,Transfer BRI,cancelled,Jakarta
ORD05229,2024-02-13,CST0519,STR015,PRD0041,Baju Bayi Newborn Set,Perlengkapan Bayi & Anak,5,143800.0,5.0,35900.0,682900.0,Dana,delivered,Jakarta
ORD05353,2023-07-03,CST0204,STR026,PRD0027,Earphone Bluetooth TWS,Elektronik & Aksesori,2,145200.0,0.0,0.0,290400.0,GoPay,delivered,Bandung
ORD05333,2023-02-13,CST0289,STR048,PRD0010,Sambal Bawang Homemade,Makanan & Minuman,1,32100.0,25.0,8000.0,24100.0,COD,cancelled,Surabaya
ORD05325,2024-12-24,CST0691,STR028,PRD0021,Sunscreen SPF50 Lokal,Kecantikan & Perawatan,4,90600.0,0.0,0.0,362500.0,COD,delivered,Palembang
ORD04971,2024-08-23,CST0737,STR034,PRD0048,Tali Skipping Premium,Olahraga & Outdoor,1,55900.0,0.0,0.0,55900.0,GoPay,delivered,Depok
ORD01339,2024-03-11,CST0465,STR020,PRD0001,Batik Tulis Premium,Fashion & Pakaian,1,323500.0,10.0,32400.0,291200.0,Transfer Mandiri,returned,Bandung
ORD02524,2023-03-09,CST0510,STR041,PRD0049,Matras Yoga 6mm,Olahraga & Outdoor,1,175300.0,0.0,0.0,175300.0,Indomaret,returned,Semarang
ORD03195,2023-05-28,CST0541,STR037,PRD0042,Mainan Edukasi Kayu,Perlengkapan Bayi & Anak,2,81900.0,0.0,0.0,163900.0,LinkAja,cancelled,Depok
ORD02904,2023-11-19,CST0295,STR010,PRD0042,Mainan Edukasi Kayu,Perlengkapan Bayi & Anak,1,75600.0,5.0,3800.0,71900.0,QRIS,delivered,Palembang
ORD04917,2023-08-01,CST0425,STR008,PRD0022,Body Lotion Bengkoang,Kecantikan & Perawatan,1,53300.0,5.0,2700.0,50600.0,Indomaret,delivered,Palembang
ORD01294,27/12/2024,CST0914,STR039,PRD0055,Gantungan Kunci Batik,Kerajinan & Souvenir,1,13900.0,10.0,1400.0,12500.0,Transfer BCA,returned,Bandung
ORD04442,2023-01-22,CST0028,STR034,PRD0031,Casing HP Anti Crack,Elektronik & Aksesori,1,33000.0,10.0,3300.0,29700.0,LinkAja,returned,Depok
ORD04697,2023-07-02,CST0796,STR025,PRD0010,Sambal Bawang Homemade,Makanan & Minuman,3,36600.0,5.0,5500.0,104200.0,Transfer BRI,processing,Tangerang
ORD03107,2024-06-19,CST0550,STR037,PRD0005,Dress Casual Wanita,Fashion & Pakaian,10,174200.0,0.0,0.0,1742100.0,GoPay,processing,Depok
ORD02348,28/03/2023,CST0366,STR039,PRD0045,Buku Mewarnai + Crayon,Perlengkapan Bayi & Anak,5,31700.0,5.0,7900.0,150700.0,QRIS,delivered,Bandung
ORD03320,2023-05-31,CST0916,STR018,PRD0021,Sunscreen SPF50 Lokal,Kecantikan & Perawatan,3,96000.0,,28800.0,259200.0,QRIS,returned,Makassar
ORD03832,2024-05-21,CST0504,STR012,PRD0018,Masker Wajah Clay BPOM,Kecantikan & Perawatan,3,55800.0,5.0,8400.0,159200.0,Transfer BCA,delivered,Depok
ORD00369,2023-08-27,CST0875,STR037,PRD0034,Sapu Lantai Ijuk,Rumah Tangga,4,26900.0,0.0,0.0,107700.0,Alfamart,returned,Depok
ORD02116,2024-11-03,CST0080,STR045,PRD0056,Topeng Kayu Dekorasi,Kerajinan & Souvenir,1,111000.0,10.0,11100.0,99900.0,QRIS,processing,Bogor
ORD01152,2024-07-20,CST0795,STR047,PRD0014,Madu Hutan Asli 500ml,Makanan & Minuman,1,171600.0,15.0,25700.0,145800.0,Dana,delivered,Makassar
ORD03102,2023-05-20,CST0830,STR007,PRD0037,Botol Minum Tumbler,Rumah Tangga,1,86900.0,0.0,0.0,86900.0,ShopeePay,delivered,Bogor
ORD04454,2023-04-09,CST0393,STR016,PRD0012,Teh Herbal Jahe Merah,Makanan & Minuman,4,43800.0,5.0,8800.0,166400.0,Transfer Mandiri,returned,Medan
ORD02923,2023-05-19,CST0634,STR012,PRD0016,Rendang Kemasan Vacuum,Makanan & Minuman,-2,119300.0,0.0,0.0,238600.0,Transfer Mandiri,cancelled,Depok
ORD03140,2024-03-21,CST0469,STR005,PRD0005,Dress Casual Wanita,Fashion & Pakaian,1,155000.0,10.0,15500.0,139500.0,Transfer BCA,cancelled,Medan
ORD05194,2023-12-22,CST0540,STR045,PRD0037,Botol Minum Tumbler,Rumah Tangga,2,92300.0,5.0,9200.0,175300.0,QRIS,delivered,Bogor
ORD00192,2023-10-23,CST0277,STR024,PRD0006,Jaket Bomber,Fashion & Pakaian,10,314200.0,0.0,0.0,3141600.0,,processing,Bogor
ORD02155,2023-09-01,CST0782,STR012,PRD0014,Madu Hutan Asli 500ml,Makanan & Minuman,4,191900.0,0.0,0.0,767600.0,Transfer Mandiri,cancelled,Depok
ORD00109,2024-07-03,CST0764,STR033,PRD0050,Botol Infuser Air,Olahraga & Outdoor,2,66800.0,15.0,20000.0,113500.0,COD,delivered,Depok
ORD04158,2024-02-19,CST0684,STR037,PRD0010,Sambal Bawang Homemade,Makanan & Minuman,2,33900.0,5.0,3400.0,64400.0,Dana,delivered,Depok
ORD02961,2024-05-22,CST0040,STR042,PRD0055,Gantungan Kunci Batik,Kerajinan & Souvenir,1,11800.0,15.0,1800.0,10000.0,LinkAja,delivered,Bogor
ORD03387,2024-01-10,CST0349,STR016,PRD0035,Lap Microfiber Set 3pcs,Rumah Tangga,1,33300.0,0.0,0.0,33300.0,Transfer Mandiri,returned,Medan
ORD01361,2023-10-22,CST0416,STR050,PRD0017,Skincare Serum Vit C Lokal,Kecantikan & Perawatan,3,110000.0,5.0,16500.0,313600.0,Transfer BRI,processing,Medan
ORD04412,2024-05-18,CST0435,STR023,PRD0048,Tali Skipping Premium,Olahraga & Outdoor,5,54300.0,5.0,13600.0,257900.0,GoPay,delivered,Palembang
ORD03341,2024-12-15,CST0697,STR021,PRD0035,Lap Microfiber Set 3pcs,Rumah Tangga,1,35000.0,0.0,0.0,35000.0,Alfamart,cancelled,Depok
ORD01574,2024-07-24,CST0082,STR034,PRD0011,Kopi Arabika Toraja 250gr,Makanan & Minuman,1,80800.0,0.0,0.0,80800.0,COD,delivered,Depok
ORD05459,2024-09-19,CST0706,STR040,PRD0033,Tempat Makan Tupperware KW,Rumah Tangga,1,51900.0,5.0,2600.0,49300.0,Dana,returned,Tangerang
ORD02487,2024-05-08,CST0169,STR010,PRD0047,Kaos Olahraga Dryfit,Olahraga & Outdoor,1,837000.0,20.0,16700.0,67000.0,Indomaret,processing,Palembang
ORD02246,2024-04-09,CST0734,STR009,PRD0052,Gelang Batok Kelapa,Kerajinan & Souvenir,1,26000.0,0.0,0.0,26000.0,,cancelled,Medan
ORD03003,2023-09-02,CST0037,STR040,PRD0053,Tas Anyaman Pandan,Kerajinan & Souvenir,1,96700.0,5.0,4800.0,91900.0,Transfer BRI,returned,Tangerang
ORD05133,2023-03-26,CST0534,STR028,PRD0022,Body Lotion Bengkoang,Kecantikan & Perawatan,1,57600.0,,0.0,57600.0,Indomaret,delivered,Palembang
ORD00477,2023-04-21,CST0291,STR006,PRD0031,Casing HP Anti Crack,Elektronik & Aksesori,2,31000.0,5.0,3100.0,58900.0,Alfamart,returned,Depok
ORD01653,09/09/2024,CST0127,STR016,PRD0012,Teh Herbal Jahe Merah,Makanan & Minuman,10,41900.0,10.0,41900.0,377100.0,QRIS,cancelled,Medan
ORD04184,2023-09-09,CST0671,STR023,PRD0010,Sambal Bawang Homemade,Makanan & Minuman,2,37400.0,5.0,3700.0,71000.0,LinkAja,delivered,Palembang
ORD03941,2024-04-23,CST0052,STR043,PRD0004,Celana Chino Pria,Fashion & Pakaian,2,160900.0,15.0,48300.0,273500.0,Transfer BCA,delivered,Surabaya
ORD00313,2023-11-24,CST0852,STR048,PRD0004,Celana Chino Pria,Fashion & Pakaian,1,179000.0,5.0,9000.0,170100.0,COD,delivered,Surabaya
ORD00509,2023-02-21,CST0053,STR026,PRD0052,Gelang Batok Kelapa,Kerajinan & Souvenir,5,25000.0,5.0,6200.0,118500.0,OVO,delivered,Bandung
ORD00167,2024-08-29,CST0143,STR038,PRD0031,Casing HP Anti Crack,Elektronik & Aksesori,2,32600.0,5.0,3300.0,62000.0,Transfer BCA,delivered,Semarang
ORD02992,2024-08-04,CST0635,STR042,PRD0021,Sunscreen SPF50 Lokal,Kecantikan & Perawatan,3,92500.0,15.0,41600.0,235800.0,Dana,processing,
ORD03654,10-10-2023,CST0628,STR022,PRD0037,Botol Minum Tumbler,Rumah Tangga,2,91100.0,0.0,0.0,182200.0,Transfer BRI,returned,Jakarta
ORD05139,2024-03-18,CST0554,STR046,PRD0016,Rendang Kemasan Vacuum,Makanan & Minuman,4,125400.0,0.0,0.0,501500.0,GoPay,processing,Medan
ORD01025,2024-05-20,CST0898,STR017,PRD0008,Sandal Kulit Handmade,Fashion & Pakaian,2,150600.0,10.0,30100.0,271100.0,transfer mandiri,cancelled,Tangerang
ORD01222,2023-07-02,CST0155,STR041,PRD0022,Body Lotion Bengkoang,Kecantikan & Perawatan,1,54900.0,10.0,5500.0,49400.0,Indomaret,returned,Semarang
ORD04605,2024-07-11,CST0119,STR020,PRD0026,Kabel Data Type-C 1m,Elektronik & Aksesori,1,39400.0,5.0,2000.0,37400.0,GoPay,delivered,Bandung
ORD01120,2024-03-20,CST0369,STR031,PRD0022,Body Lotion Bengkoang,Kecantikan & Perawatan,4,56100.0,0.0,0.0,224300.0,QRIS,delivered,Palembang
ORD04215,2023-01-06,CST0646,STR020,PRD0007,Sepatu Sneakers Lokal,Fashion & Pakaian,1,292000.0,15.0,43800.0,248200.0,Transfer Mandiri,processing,Bandung
ORD05051,2024-11-08,CST0087,STR027,PRD0033,Tempat Makan Tupperware KW,Rumah Tangga,2,49100.0,0.0,0.0,98200.0,transfer bca,delivered,Depok
ORD05408,2024-05-23,CST0155,STR005,PRD0050,Botol Infuser Air,Olahraga & Outdoor,1,61700.0,25.0,15400.0,46300.0,Transfer Mandiri,cancelled,Medan
ORD02816,2023-01-10,CST0960,STR047,PRD0048,Tali Skipping Premium,Olahraga & Outdoor,3,58700.0,15.0,26400.0,149600.0,,returned,Makassar
ORD02671,2024-03-24,CST0667,STR050,PRD0054,Lukisan Kanvas UMKM,Kerajinan & Souvenir,3,200300.0,0.0,0.0,601000.0,Transfer BCA,processing,
ORD02390,2024-01-20,CST0051,STR043,PRD0034,Sapu Lantai Ijuk,Rumah Tangga,3,24700.0,20.0,14800.0,59300.0,COD,returned,Surabaya
ORD02400,2024-03-14,CST0164,STR042,PRD0054,Lukisan Kanvas UMKM,Kerajinan & Souvenir,5,193100.0,10.0,96500.0,868900.0,LinkAja,cancelled,Bogor
ORD05011,2024-08-02,CST0474,STR048,PRD0011,Kopi Arabika Toraja 250gr,Makanan & Minuman,3,78800.0,10.0,23600.0,212600.0,LinkAja,delivered,Surabaya
ORD01610,2024-05-05,CST0659,STR022,PRD0050,Botol Infuser Air,Olahraga & Outdoor,1,59100.0,15.0,8900.0,50200.0,Dana,delivered,Jakarta
ORD04813,2024-01-13,CST0625,STR031,PRD0005,Dress Casual Wanita,Fashion & Pakaian,2,166100.0,5.0,16600.0,315600.0,ShopeePay,processing,Palembang
ORD01746,2024-07-24,CST0590,STR020,PRD0032,Charger Fast Charging,Elektronik & Aksesori,1,65600.0,5.0,3300.0,62300.0,OVO,processing,Bandung
ORD04564,2023-02-18,CST0630,STR024,PRD0013,Snack Box Mix,Makanan & Minuman,3,49900.0,0.0,0.0,149600.0,ShopeePay,returned,Bogor
ORD00153,2024-04-07,CST0231,STR009,PRD0043,Tas Sekolah Anak SD,Perlengkapan Bayi & Anak,4,109500.0,5.0,21900.0,416200.0,Dana,delivered,Medan
ORD03027,2023-03-27,CST0800,STR024,PRD0011,Kopi Arabika Toraja 250gr,Makanan & Minuman,2,81400.0,0.0,0.0,162800.0,Transfer BCA,delivered,Bogor
ORD03165,2023-10-04,CST0323,STR050,PRD0056,Topeng Kayu Dekorasi,Kerajinan & Souvenir,1,102900.0,0.0,0.0,102900.0,Transfer BCA,processing,
ORD01584,2023-07-12,CST0861,STR002,PRD0025,Powerbank 10000mAh,Elektronik & Aksesori,3,120100.0,0.0,0.0,360200.0,Transfer Mandiri,processing,Medan
ORD05263,2024-08-23,CST0320,STR037,PRD0021,Sunscreen SPF50 Lokal,Kecantikan&Perawatan,1,98100.0,5.0,4900.0,93200.0,Dana,delivered,Depok
ORD05294,2024-01-15,CST0391,STR026,PRD0020,Lip Cream Matte Halal,Kecantikan & Perawatan,5,49100.0,5.0,12300.0,233200.0,Dana,delivered,Bandung
ORD00726,2023-09-25,CST0776,STR022,PRD0004,Celana Chino Pria,Fashion & Pakaian,2,178200.0,0.0,0.0,356500.0,ShopeePay,returned,Jakarta
ORD03426,2023-02-05,CST0309,STR015,PRD0010,Sambal Bawang Homemade,Makanan & Minuman,2,35200.0,0.0,0.0,70400.0,transfer bca,delivered,Jakarta
ORD01504,2024-07-06,CST0483,STR039,PRD0050,Botol Infuser Air,Olahraga & Outdoor,1,67600.0,5.0,3400.0,64200.0,Transfer BCA,delivered,Bandung
ORD02606,2024-05-29,CST0055,STR016,PRD0043,Tas Sekolah Anak SD,Perlengkapan Bayi & Anak,1,120500.0,5.0,6000.0,114400.0,LinkAja,delivered,Medan
ORD03581,2023-11-24,CST0953,STR041,PRD0054,Lukisan Kanvas UMKM,Kerajinan & Souvenir,1,211500.0,0.0,0.0,211500.0,,delivered,Semarang
ORD01655,2024-05-16,CST0083,STR015,PRD0054,Lukisan Kanvas UMKM,Kerajinan & Souvenir,1,181600.0,10.0,18200.0,163400.0,Alfamart,delivered,Jakarta
ORD05406,2023-09-30,CST0880,STR038,PRD0021,Sunscreen SPF50 Lokal,Kecantikan & Perawatan,4,94100.0,5.0,18800.0,357500.0,,delivered,Semarang
ORD04208,2023-12-26,CST0948,STR029,PRD0042,Mainan Edukasi Kayu,Perlengkapan Bayi & Anak,3,84300.0,0.0,0.0,253000.0,OVO,cancelled,Bandung
ORD03563,2024-04-22,CST0917,STR045,PRD0051,Topi Running,Olahraga & Outdoor,2,47900.0,0.0,0.0,95800.0,Alfamart,delivered,Bogor
ORD00032,2023-07-17,CST0785,STR021,PRD0046,Botol Susu Anti-Kolik,Perlengkapan Bayi & Anak,1,97400.0,10.0,9700.0,87700.0,LinkAja,delivered,Depok
ORD01226,2024-03-05,CST0324,STR006,PRD0011,Kopi Arabika Toraja 250gr,Makanan & Minuman,5,80100.0,10.0,40000.0,360300.0,OVO,delivered,Depok
ORD00938,2024-05-28,CST0170,STR006,PRD0029,Lampu LED Ring Light,Elektronik & Aksesori,2,181100.0,10.0,36200.0,326000.0,Transfer BCA,cancelled,Depok
ORD01821,2023-06-27,CST0603,STR036,PRD0024,Parfum Roll-On Halal,Kecantikan & Perawatan,1,43700.0,0.0,0.0,43700.0,ShopeePay,delivered,Tangerang
ORD01845,2023-10-08,CST0211,STR013,PRD0021,Sunscreen SPF50 Lokal,Kecantikan & Perawatan,1,86700.0,0.0,0.0,86700.0,QRIS,cancelled,Depok
ORD00753,2023-04-13,CST0214,STR035,PRD0007,Sepatu Sneakers Lokal,Fashion & Pakaian,3,262800.0,0.0,0.0,788400.0,Dana,returned,Surabaya
ORD02472,2023-05-22,CST0536,STR003,PRD0003,Hijab Voal Motif,Fashion & Pakaian,2,61300.0,0.0,0.0,122500.0,OVO,delivered,Depok
ORD00310,2023-09-24,CST0977,STR001,PRD0038,Talenan Kayu Jati,Rumah Tangga,1,83400.0,10.0,8300.0,75100.0,Indomaret,delivered,Surabaya
ORD03067,2023-10-21,CST0126,STR046,PRD0056,Topeng Kayu Dekorasi,Kerajinan & Souvenir,2,113500.0,10.0,22700.0,204300.0,Transfer BCA,delivered,Medan
ORD02146,2024-02-17,CST0807,STR032,PRD0024,Parfum Roll-On Halal,Kecantikan & Perawatan,3,41200.0,0.0,0.0,123600.0,Dana,delivered,Bogor
ORD04848,2024-12-28,CST0062,STR020,PRD0029,Lampu LED Ring Light,Elektronik & Aksesori,-1,161900.0,15.0,24300.0,137700.0,gopay,processing,Bandung
ORD03362,2024-02-07,CST0162,STR036,PRD0005,Dress Casual Wanita,Fashion & Pakaian,1,167800.0,0.0,0.0,167800.0,GoPay,delivered,Tangerang
ORD04627,2023-04-12,CST0075,STR003,PRD0036,Gantungan Baju Kayu,Rumah Tangga,3,21100.0,0.0,0.0,63400.0,,processing,Depok
ORD02634,2023-01-28,CST0029,STR037,PRD0031,Casing HP Anti Crack,Elektronik & Aksesori,2,29600.0,10.0,5900.0,53300.0,Transfer Mandiri,delivered,Depok
ORD02851,2024-09-07,CST0809,STR003,PRD0040,Lilin Aromaterapi,Rumah Tangga,2,613000.0,15.0,18400.0,104200.0,ShopeePay,returned,Depok
ORD00496,2023-03-07,CST0988,STR021,PRD0014,Madu Hutan Asli 500ml,Makanan & Minuman,1,180800.0,15.0,27100.0,153700.0,OVO,cancelled,Depok
ORD01406,2023-08-19,CST0467,STR040,PRD0033,Tempat Makan Tupperware KW,Rumah Tangga,1,50400.0,0.0,0.0,50400.0,Alfamart,delivered,Tangerang
ORD03804,2023-04-20,CST0877,STR033,PRD0004,Celana Chino Pria,Fashion & Pakaian,5,148800.0,5.0,37200.0,706900.0,ShopeePay,delivered,Depok
ORD00206,2024-11-03,CST0548,STR007,PRD0047,Kaos Olahraga Dryfit,Olahraga & Outdoor,10,84100.0,10.0,84100.0,756600.0,LinkAja,cancelled,Bogor
ORD01435,2024-01-18,CST1000,STR004,PRD0042,Mainan Edukasi Kayu,Perlengkapan Bayi & Anak,1,78400.0,0.0,0.0,78400.0,COD,returned,Jakarta
ORD01136,2023-04-17,CST0266,STR011,PRD0050,Botol Infuser Air,Olahraga & Outdoor,1,62400.0,10.0,6200.0,56200.0,Transfer BRI,cancelled,Bogor
ORD03337,2023-01-25,CST0726,STR044,PRD0053,Tas Anyaman Pandan,Kerajinan & Souvenir,3,100100.0,0.0,0.0,300200.0,Dana,processing,Tangerang
ORD00869,2024-12-11,CST0085,STR035,PRD0056,Topeng Kayu Dekorasi,Kerajinan & Souvenir,1,116400.0,5.0,5800.0,110600.0,COD,returned,Surabaya
ORD00702,07/09/2023,CST0949,STR020,PRD0047,Kaos Olahraga Dryfit,Olahraga & Outdoor,2,72700.0,0.0,0.0,145500.0,LinkAja,delivered,Bandung
ORD02655,2023-01-07,CST0015,STR037,PRD0029,Lampu LED Ring Light,Elektronik & Aksesori,2,167400.0,15.0,50200.0,284700.0,LinkAja,delivered,Depok
ORD00306,2024-01-16,CST0330,STR044,PRD0031,Casing HP Anti Crack,Elektronik & Aksesori,10,33100.0,0.0,0.0,331200.0,Transfer BCA,delivered,Tangerang
ORD04327,2023-08-18,CST0467,STR040,PRD0023,Shampo Kemiri Organik,Kecantikan & Perawatan,1,80600.0,10.0,8100.0,72500.0,Alfamart,returned,Tangerang
ORD01193,2024-04-26,CST0452,STR050,PRD0056,Topeng Kayu Dekorasi,Kerajinan & Souvenir,3,102000.0,0.0,0.0,306100.0,Transfer BRI,delivered,Medan
ORD04561,2023-02-26,CST0204,STR042,PRD0002,Kaos Polos Cotton Combed,Fashion & Pakaian,1,47800.0,0.0,0.0,47800.0,OVO,returned,Bogor
ORD02418,2023-03-28,CST0039,STR049,PRD0045,Buku Mewarnai + Crayon,Perlengkapan Bayi & Anak,2,34100.0,0.0,0.0,68100.0,ShopeePay,delivered,Makassar
ORD01535,2023-06-14,CST0609,STR043,PRD0044,Sepatu Anak Velcro,Perlengkapan Bayi & Anak,1,100100.0,5.0,5000.0,95100.0,Transfer BCA,processing,Surabaya
ORD01062,2023-01-14,CST0876,STR014,PRD0049,Matras Yoga 6mm,Olahraga & Outdoor,4,154500.0,0.0,0.0,618000.0,COD,processing,Makassar
ORD00844,2023-11-29,CST0776,STR034,PRD0019,Sabun Sirih Herbal,Kecantikan & Perawatan,3,27900.0,0.0,0.0,83800.0,Alfamart,processing,Depok
ORD03394,2024-05-04,CST0885,STR048,PRD0033,Tempat Makan Tupperware KW,Rumah Tangga,4,56200.0,0.0,0.0,224800.0,LinkAja,delivered,Surabaya
ORD04050,2023-10-15,CST0631,STR007,PRD0021,Sunscreen SPF50 Lokal,Kecantikan & Perawatan,3,96400.0,0.0,0.0,289300.0,Transfer BRI,cancelled,Bogor
ORD01539,2024-05-24,CST0018,STR027,PRD0022,Body Lotion Bengkoang,Kecantikan & Perawatan,2,55600.0,0.0,0.0,111100.0,Alfamart,cancelled,Depok
ORD00212,2024-02-27,CST0128,STR024,PRD0026,Kabel Data Type-C 1m,Elektronik & Aksesori,3,39800.0,5.0,6000.0,113500.0,Indomaret,delivered,Bogor
ORD01341,2023-07-03,CST0856,STR036,PRD0042,Mainan Edukasi Kayu,Perlengkapan Bayi & Anak,10,80000.0,0.0,0.0,800000.0,Indomaret,delivered,Tangerang
ORD01109,2023-11-07,CST0664,STR009,PRD0007,Sepatu Sneakers Lokal,Fashion & Pakaian,5,251100.0,,188300.0,1067000.0,Transfer Mandiri,cancelled,Medan
ORD03286,2023-09-12,CST0637,STR002,PRD0013,Snack Box Mix,Makanan & Minuman,2,47200.0,10.0,9400.0,85000.0,Transfer BRI,delivered,Medan
ORD04373,2024-12-21,CST0509,STR021,PRD0030,Mouse Wireless USB,Elektronik & Aksesori,3,84900.0,10.0,25500.0,229100.0,Transfer Mandiri,delivered,Depok
ORD00680,2024-11-17,CST0576,STR001,PRD0049,Matras Yoga 6mm,Olahraga & Outdoor,3,160100.0,0.0,0.0,480400.0,COD,processing,Surabaya
ORD02385,2023-08-21,CST0067,STR015,PRD0049,Matras Yoga 6mm,Olahraga & Outdoor,4,161700.0,10.0,64700.0,582300.0,Transfer BRI,delivered,Jakarta
ORD03661,2024-11-10,CST0175,STR004,PRD0045,Buku Mewarnai + Crayon,Perlengkapan Bayi & Anak,1,30400.0,25.0,7600.0,22800.0,LinkAja,delivered,Jakarta
ORD00566,2024-04-20,CST0681,STR050,PRD0046,Botol Susu Anti-Kolik,Perlengkapan Bayi & Anak,2,91500.0,0.0,0.0,182900.0,Indomaret,delivered,Medan
ORD04347,2024-03-30,CST0003,STR029,PRD0032,Charger Fast Charging,Elektronik & Aksesori,1,76100.0,0.0,0.0,76100.0,Transfer Mandiri,delivered,Bandung
ORD01533,2023-09-17,CST0330,STR015,PRD0008,Sandal Kulit Handmade,Fashion & Pakaian,1,159100.0,0.0,0.0,159100.0,ShopeePay,delivered,Jakarta
ORD04297,2024-12-06,CST0184,STR029,PRD0053,Tas Anyaman Pandan,Kerajinan & Souvenir,4,101000.0,0.0,0.0,403800.0,OVO,cancelled,Bandung
ORD00681,2023-09-06,CST0439,STR046,PRD0028,Holder HP Mobil,Elektronik & Aksesori,3,58800.0,5.0,8800.0,167600.0,LinkAja,delivered,Medan
ORD00181,2024-02-20,CST0511,STR019,PRD0027,Earphone Bluetooth TWS,Elektronik & Aksesori,1,136700.0,15.0,20500.0,116200.0,Transfer BRI,delivered,Surabaya
ORD03319,2023-08-20,CST0929,STR044,PRD0016,Rendang Kemasan Vacuum,Makanan & Minuman,2,132300.0,10.0,26500.0,238200.0,Dana,delivered,Tangerang
ORD01850,2023-06-22,CST0675,STR040,PRD0042,Mainan Edukasi Kayu,Perlengkapan Bayi & Anak,1,80800.0,5.0,4000.0,76800.0,COD,delivered,Tangerang
ORD02900,2024-05-31,CST0358,STR015,PRD0048,Tali Skipping Premium,Olahraga & Outdoor,2,51000.0,10.0,10200.0,91800.0,Alfamart,delivered,Jakarta
ORD04784,2023-10-29,CST0376,STR030,PRD0026,Kabel Data Type-C 1m,Elektronik & Aksesori,2,39800.0,10.0,8000.0,71700.0,Indomaret,delivered,Surabaya
ORD00279,2023-09-11,CST0187,STR026,PRD0038,Talenan Kayu Jati,Rumah Tangga,1,89700.0,15.0,13500.0,76300.0,QRIS,delivered,Bandung
ORD01989,2024-10-25,CST0707,STR028,PRD0039,Keranjang Rotan Mini,Rumah Tangga,3,126900.0,0.0,0.0,380800.0,Transfer BRI,cancelled,Palembang
ORD03435,2024-02-12,CST0013,STR016,PRD0007,Sepatu Sneakers Lokal,Fashion & Pakaian,3,286400.0,10.0,85900.0,773300.0,OVO,returned,Medan
ORD01205,2024-03-16,CST0836,STR012,PRD0011,Kopi Arabika Toraja 250gr,Makanan & Minuman,2,84000.0,10.0,16800.0,151200.0,OVO,delivered,Depok
ORD04085,2024-10-26,CST0371,STR022,PRD0055,Gantungan Kunci Batik,Kerajinan & Souvenir,1,13400.0,10.0,1300.0,12000.0,COD,delivered,Jakarta
ORD00433,2023-08-18,CST0872,STR016,PRD0030,Mouse Wireless USB,Elektronik & Aksesori,1,85200.0,5.0,4300.0,81000.0,QRIS,processing,Medan
ORD00290,2024/11/21,CST0725,STR023,PRD0022,Body Lotion Bengkoang,Kecantikan & Perawatan,1,48400.0,0.0,0.0,48400.0,Transfer Mandiri,returned,Palembang
ORD01028,2024-03-22,CST0611,STR008,PRD0039,Keranjang Rotan Mini,Rumah Tangga,1,109300.0,10.0,10900.0,98400.0,Transfer BCA,returned,Palembang
ORD00536,2024-04-10,CST0173,STR016,PRD0043,Tas Sekolah Anak SD,Perlengkapan Bayi & Anak,1,118400.0,15.0,17800.0,100600.0,OVO,delivered,Medan
ORD03086,2024-06-01,CST0858,STR011,PRD0026,Kabel Data Type-C 1m,Elektronik & Aksesori,4,42600.0,5.0,8500.0,161800.0,OVO,delivered,Bogor
ORD00994,2024-11-06,CST0916,STR047,PRD0002,Kaos Polos Cotton Combed,Fashion & Pakaian,1,45500.0,0.0,0.0,45500.0,GoPay,processing,Makassar
ORD01188,2024-05-10,CST0066,STR004,PRD0016,Rendang Kemasan Vacuum,Makanan & Minuman,2,124900.0,5.0,12500.0,237400.0,QRIS,delivered,
ORD00189,2023-08-29,CST0448,STR009,PRD0008,Sandal Kulit Handmade,Fashion & Pakaian,2,156400.0,10.0,31300.0,281500.0,Alfamart,cancelled,Medan
ORD02715,2024-02-21,CST0181,STR043,PRD0052,Gelang Batok Kelapa,Kerajinan & Souvenir,1,23400.0,0.0,0.0,23400.0,Indomaret,cancelled,Surabaya
ORD05457,2023-01-13,CST0361,STR050,PRD0001,Batik Tulis Premium,Fashion & Pakaian,1,3059000.0,20.0,61200.0,244700.0,OVO,delivered,Medan
ORD03684,2023-04-29,CST0259,STR046,PRD0023,Shampo Kemiri Organik,Kecantikan & Perawatan,3,68600.0,15.0,30900.0,175000.0,QRIS,processing,Medan
ORD03840,2024-01-26,CST0589,STR023,PRD0009,Keripik Tempe Renceng,Makanan & Minuman,2,14900.0,15.0,4500.0,25400.0,GoPay,delivered,Palembang
ORD00707,2024-12-04,CST0037,STR034,PRD0001,Batik Tulis Premium,Fashion & Pakaian,3,298800.0,,134400.0,761900.0,COD,delivered,Depok
ORD02536,2024-08-06,CST0782,STR040,PRD0007,Sepatu Sneakers Lokal,Fashion & Pakaian,4,263500.0,10.0,105400.0,948500.0,Transfer BCA,delivered,Tangerang
ORD00271,2023-08-14,CST0397,STR029,PRD0053,Tas Anyaman Pandan,Kerajinan & Souvenir,1,100000.0,0.0,0.0,100000.0,,delivered,Bandung
ORD02285,2024-06-21,CST0325,STR011,PRD0046,Botol Susu Anti-Kolik,Perlengkapan Bayi & Anak,1,96600.0,0.0,0.0,96600.0,Indomaret,delivered,Bogor
ORD04811,2024-02-21,CST0653,STR022,PRD0003,Hijab Voal Motif,Fashion & Pakaian,1,63100.0,15.0,9500.0,53600.0,LinkAja,processing,Jakarta
ORD02378,2024-01-21,CST0769,STR022,PRD0003,Hijab Voal Motif,Fashion & Pakaian,5,63200.0,10.0,31600.0,284300.0,COD,returned,Jakarta
ORD02441,2024-11-06,CST0387,STR036,PRD0047,Kaos Olahraga Dryfit,Olahraga & Outdoor,2,72300.0,20.0,28900.0,115700.0,Dana,returned,Tangerang
ORD03617,2023-10-31,CST0069,STR020,PRD0044,Sepatu Anak Velcro,Perlengkapan Bayi & Anak,1,93500.0,20.0,18700.0,74800.0,ShopeePay,returned,Bandung
ORD02068,2023-05-14,CST0299,STR023,PRD0037,Botol Minum Tumbler,Rumah Tangga,1,88100.0,5.0,4400.0,83700.0,ShopeePay,delivered,Palembang
ORD04359,2023-09-20,CST0273,STR046,PRD0023,Shampo Kemiri Organik,Kecantikan & Perawatan,1,72200.0,0.0,0.0,72200.0,Dana,returned,
ORD00112,2023-02-20,CST0279,STR033,PRD0035,Lap Microfiber Set 3pcs,Rumah Tangga,1,31800.0,15.0,4800.0,27000.0,LinkAja,cancelled,Depok
ORD01171,2024-11-02,CST0183,STR048,PRD0005,Dress Casual Wanita,FASHION & PAKAIAN,1,158700.0,0.0,0.0,158700.0,Indomaret,returned,Surabaya
ORD01392,2023-09-26,CST0170,STR008,PRD0047,Kaos Olahraga Dryfit,Olahraga & Outdoor,3,80600.0,15.0,36300.0,205500.0,Alfamart,delivered,Palembang
ORD02448,2024-01-28,CST0904,STR023,PRD0008,Sandal Kulit Handmade,Fashion & Pakaian,3,147600.0,20.0,88500.0,354100.0,ShopeePay,returned,Palembang
ORD00221,2024-12-07,CST0335,STR016,PRD0002,Kaos Polos Cotton Combed,Fashion & Pakaian,10,47700.0,0.0,0.0,476500.0,GoPay,delivered,Medan
ORD05415,2024-08-12,CST0986,STR039,PRD0015,Dodol Garut Premium,Makanan & Minuman,1,44200.0,10.0,4400.0,39800.0,ShopeePay,processing,Bandung
ORD00628,2023-08-04,CST0091,STR038,PRD0024,Parfum Roll-On Halal,Kecantikan & Perawatan,1,39800.0,15.0,6000.0,33900.0,Indomaret,delivered,Semarang
ORD02987,2023-01-15,CST0250,STR001,PRD0025,Powerbank 10000mAh,Elektronik & Aksesori,1,127300.0,15.0,19100.0,108200.0,ShopeePay,delivered,Surabaya
ORD02844,2024-03-08,CST0187,STR029,PRD0015,Dodol Garut Premium,Makanan & Minuman,2,49000.0,15.0,14700.0,83300.0,Transfer BCA,delivered,Bandung
ORD00084,2023-03-10,CST0133,STR010,PRD0052,Gelang Batok Kelapa,Kerajinan & Souvenir,1,242000.0,15.0,3600.0,20500.0,Indomaret,delivered,Palembang
ORD04598,2024-10-30,CST0680,STR026,PRD0028,Holder HP Mobil,Elektronik & Aksesori,2,58700.0,0.0,0.0,117500.0,Transfer BCA,returned,Bandung
ORD00791,2023-11-30,CST0324,STR043,PRD0028,Holder HP Mobil,Elektronik & Aksesori,1,64200.0,15.0,9600.0,54500.0,Dana,cancelled,Surabaya
ORD02506,2024-02-20,CST0012,STR047,PRD0056,Topeng Kayu Dekorasi,Kerajinan & Souvenir,5,110700.0,0.0,0.0,553500.0,GoPay,cancelled,Makassar
ORD00462,2023-10-03,CST0043,STR031,PRD0055,Gantungan Kunci Batik,Kerajinan & Souvenir,2,11500.0,20.0,4600.0,18500.0,Indomaret,returned,Palembang
ORD04939,26/12/2023,CST0860,STR036,PRD0004,Celana Chino Pria,Fashion & Pakaian,3,173300.0,15.0,78000.0,441900.0,COD,delivered,Tangerang
ORD02433,2024-06-08,CST0578,STR050,PRD0040,Lilin Aromaterapi,Rumah Tangga,3,70100.0,10.0,21000.0,189200.0,QRIS,returned,Medan
ORD00552,2024-11-17,CST0808,STR049,PRD0041,Baju Bayi Newborn Set,Perlengkapan Bayi & Anak,4,140500.0,10.0,56200.0,505900.0,Dana,processing,Makassar
ORD02313,2023-01-18,CST0701,STR027,PRD0040,Lilin Aromaterapi,Rumah Tangga,2,61400.0,5.0,6100.0,116700.0,COD,processing,Depok
ORD04002,2023-06-22,CST0287,STR019,PRD0032,Charger Fast Charging,Elektronik & Aksesori,2,78800.0,0.0,0.0,157600.0,Transfer BCA,cancelled,Surabaya
ORD04400,2024-05-22,CST0053,STR019,PRD0042,Mainan Edukasi Kayu,Perlengkapan Bayi & Anak,1,86700.0,0.0,0.0,86700.0,Transfer Mandiri,delivered,Surabaya
ORD00199,2024-05-08,CST0970,STR006,PRD0026,Kabel Data Type-C 1m,Elektronik & Aksesori,5,38600.0,10.0,19300.0,173500.0,COD,delivered,Depok
ORD04148,2023-11-25,CST0376,STR019,PRD0022,Body Lotion Bengkoang,Kecantikan&Perawatan,1,49800.0,15.0,7500.0,42400.0,LinkAja,delivered,Surabaya
ORD03793,2024-07-03,CST0545,STR024,PRD0002,Kaos Polos Cotton Combed,Fashion & Pakaian,1,46500.0,0.0,0.0,46500.0,COD,delivered,Bogor
ORD00403,2024-12-02,CST0974,STR027,PRD0033,Tempat Makan Tupperware KW,Rumah Tangga,3,56600.0,,8500.0,161400.0,OVO,processing,Depok
ORD03827,2024-07-23,CST0704,STR046,PRD0034,Sapu Lantai Ijuk,Rumah Tangga,5,24300.0,0.0,0.0,121700.0,COD,returned,Medan
ORD03456,2023-11-02,CST0303,STR020,PRD0004,Celana Chino Pria,Fashion & Pakaian,4,157100.0,20.0,125600.0,502600.0,COD,processing,Bandung
ORD05345,2024-02-21,CST0066,STR012,PRD0014,Madu Hutan Asli 500ml,Makanan & Minuman,1,179100.0,0.0,0.0,179100.0,Dana,cancelled,Depok
ORD02535,2024-12-12,CST0598,STR040,PRD0044,Sepatu Anak Velcro,Perlengkapan Bayi & Anak,3,99100.0,20.0,59500.0,237800.0,Indomaret,delivered,Tangerang
ORD04841,2023-12-17,CST0197,STR011,PRD0022,Body Lotion Bengkoang,Kecantikan & Perawatan,1,54500.0,10.0,5400.0,49000.0,,delivered,Bogor
ORD05008,2024-06-28,CST0735,STR009,PRD0054,Lukisan Kanvas UMKM,Kerajinan & Souvenir,2,180700.0,5.0,18100.0,343300.0,Alfamart,returned,Medan
ORD00651,2023-08-22,CST0622,STR017,PRD0029,Lampu LED Ring Light,Elektronik & Aksesori,1,181800.0,5.0,9100.0,172700.0,COD,returned,Tangerang
ORD04490,2024-02-18,CST0924,STR023,PRD0023,Shampo Kemiri Organik,Kecantikan & Perawatan,1,69600.0,0.0,0.0,69600.0,Dana,delivered,Palembang
ORD00709,2023-02-23,CST0028,STR009,PRD0015,Dodol Garut Premium,Makanan & Minuman,2,42200.0,0.0,0.0,84400.0,OVO,delivered,Medan
ORD03335,2023-11-15,CST0478,STR045,PRD0033,Tempat Makan Tupperware KW,Rumah Tangga,1,51200.0,5.0,2600.0,48700.0,GoPay,delivered,Bogor
ORD05062,2023-01-18,CST0903,STR046,PRD0031,Casing HP Anti Crack,Elektronik & Aksesori,-2,34000.0,0.0,0.0,67900.0,Transfer BRI,delivered,Medan
ORD04953,2024-05-22,CST0413,STR015,PRD0027,Earphone Bluetooth TWS,Elektronik & Aksesori,2,135200.0,5.0,13500.0,256900.0,OVO,processing,Jakarta
ORD03616,2023-05-28,CST0131,STR023,PRD0019,Sabun Sirih Herbal,Kecantikan & Perawatan,3,29000.0,10.0,8700.0,78300.0,Transfer BRI,processing,Palembang
ORD02303,2023-05-21,CST0997,STR024,PRD0006,Jaket Bomber,Fashion & Pakaian,4,2899000.0,5.0,58000.0,1101500.0,OVO,delivered,Bogor
ORD01425,2024-10-15,CST0330,STR028,PRD0054,Lukisan Kanvas UMKM,Kerajinan & Souvenir,3,205800.0,0.0,0.0,617400.0,OVO,delivered,Palembang
ORD01217,2023-11-22,CST0766,STR016,PRD0002,Kaos Polos Cotton Combed,Fashion & Pakaian,1,50000.0,15.0,7500.0,42500.0,Indomaret,delivered,Medan
ORD02408,2024-03-11,CST0036,STR024,PRD0027,Earphone Bluetooth TWS,Elektronik & Aksesori,1,154200.0,20.0,30800.0,123300.0,GoPay,delivered,Bogor
ORD04945,2024-04-24,CST0583,STR010,PRD0014,Madu Hutan Asli 500ml,Makanan & Minuman,5,181700.0,5.0,45400.0,863100.0,QRIS,delivered,Palembang
ORD00315,2023-05-31,CST0358,STR050,PRD0015,Dodol Garut Premium,Makanan & Minuman,3,47300.0,20.0,28400.0,113500.0,Transfer BCA,processing,Medan
ORD02403,2024-06-30,CST0388,STR050,PRD0030,Mouse Wireless USB,Elektronik & Aksesori,3,96200.0,25.0,72200.0,216500.0,GoPay,returned,Medan
ORD02945,2024-10-20,CST0044,STR006,PRD0018,Masker Wajah Clay BPOM,Kecantikan & Perawatan,1,53900.0,10.0,5400.0,48500.0,LinkAja,delivered,Depok
ORD01428,2023-06-10,CST0843,STR001,PRD0023,Shampo Kemiri Organik,Kecantikan & Perawatan,1,72800.0,0.0,0.0,72800.0,Dana,returned,Surabaya
ORD03382,2024-01-19,CST0642,STR038,PRD0053,Tas Anyaman Pandan,Kerajinan & Souvenir,5,101800.0,0.0,0.0,509000.0,ShopeePay,processing,Semarang
ORD05021,2024-02-05,CST0461,STR014,PRD0022,Body Lotion Bengkoang,Kecantikan & Perawatan,1,48900.0,0.0,0.0,48900.0,QRIS,delivered,Makassar
ORD00114,19/04/2024,CST0017,STR020,PRD0021,Sunscreen SPF50 Lokal,Kecantikan & Perawatan,4,89400.0,10.0,35800.0,322000.0,OVO,delivered,Bandung
ORD00961,2023-12-17,CST0925,STR042,PRD0050,Botol Infuser Air,Olahraga & Outdoor,5,59900.0,0.0,0.0,299500.0,Transfer BRI,cancelled,Bogor
ORD03642,2024-11-01,CST0688,STR004,PRD0001,Batik Tulis Premium,Fashion & Pakaian,1,290900.0,0.0,0.0,290900.0,COD,cancelled,Jakarta
ORD03734,2024-10-13,CST0792,STR039,PRD0005,Dress Casual Wanita,Fashion & Pakaian,2,164200.0,5.0,16400.0,312000.0,Transfer BRI,delivered,Bandung
ORD01115,2023-06-28,CST0406,STR017,PRD0004,Celana Chino Pria,Fashion & Pakaian,3,160700.0,25.0,120500.0,361600.0,OVO,delivered,Tangerang
ORD04130,2024-12-17,CST0043,STR015,PRD0010,Sambal Bawang Homemade,makanan & minuman,3,33800.0,0.0,0.0,101500.0,Transfer Mandiri,cancelled,Jakarta
ORD01602,2023-10-07,CST0655,STR043,PRD0046,Botol Susu Anti-Kolik,Perlengkapan Bayi & Anak,2,90400.0,15.0,27100.0,153700.0,Transfer BRI,delivered,Surabaya
ORD02226,2023-05-02,CST0703,STR021,PRD0023,Shampo Kemiri Organik,Kecantikan & Perawatan,5,787000.0,5.0,19700.0,374000.0,Transfer BCA,delivered,Depok
ORD04075,2023-08-23,CST0969,STR021,PRD0054,Lukisan Kanvas UMKM,Kerajinan & Souvenir,2,186900.0,0.0,0.0,373800.0,,processing,Depok
ORD01832,2023-12-12,CST0346,STR013,PRD0010,Sambal Bawang Homemade,Makanan & Minuman,10,35900.0,0.0,0.0,358800.0,ShopeePay,delivered,Depok
ORD05206,2024-07-21,CST0004,STR009,PRD0036,Gantungan Baju Kayu,Rumah Tangga,4,18300.0,20.0,14600.0,58500.0,COD,delivered,Medan
ORD05081,2023-05-06,CST0553,STR024,PRD0016,Rendang Kemasan Vacuum,Makanan & Minuman,2,120700.0,0.0,0.0,241400.0,Alfamart,returned,Bogor
ORD02781,2023-05-02,CST0716,STR028,PRD0019,Sabun Sirih Herbal,Kecantikan & Perawatan,2,27700.0,0.0,0.0,55300.0,Indomaret,delivered,Palembang
ORD04582,2024-12-01,CST0400,STR025,PRD0013,Snack Box Mix,Makanan & Minuman,2,51800.0,0.0,0.0,103600.0,Alfamart,processing,Tangerang
ORD05411,2024-01-17,CST0405,STR023,PRD0006,Jaket Bomber,Fashion & Pakaian,1,308900.0,5.0,15400.0,293400.0,OVO,delivered,Palembang
ORD01635,2024-02-27,CST0556,STR023,PRD0048,Tali Skipping Premium,Olahraga & Outdoor,1,53100.0,5.0,2700.0,50400.0,Dana,processing,Palembang
ORD02657,2024-01-30,CST0110,STR005,PRD0031,Casing HP Anti Crack,Elektronik & Aksesori,1,32500.0,5.0,1600.0,30800.0,LinkAja,processing,Medan
ORD02032,2024-04-04,CST0892,STR034,PRD0042,Mainan Edukasi Kayu,Perlengkapan Bayi & Anak,2,81200.0,15.0,24400.0,138000.0,LinkAja,delivered,Depok
ORD04245,2024-04-24,CST0362,STR040,PRD0051,Topi Running,Olahraga & Outdoor,5,48100.0,0.0,0.0,240400.0,ShopeePay,delivered,Tangerang
ORD02463,2024-07-25,CST0780,STR016,PRD0035,Lap Microfiber Set 3pcs,Rumah Tangga,2,34600.0,5.0,3500.0,65700.0,Transfer Mandiri,returned,Medan
ORD01942,2023-12-03,CST0546,STR039,PRD0029,Lampu LED Ring Light,Elektronik & Aksesori,1,178700.0,0.0,0.0,178700.0,Transfer BRI,delivered,Bandung
ORD00327,2023-01-07,CST0323,STR021,PRD0055,Gantungan Kunci Batik,Kerajinan & Souvenir,2,13700.0,5.0,1400.0,26100.0,COD,cancelled,Depok
ORD00605,2023-02-27,CST0608,STR044,PRD0038,Talenan Kayu Jati,Rumah Tangga,2,84900.0,0.0,0.0,169900.0,OVO,returned,Tangerang
ORD04694,2024-05-26,CST0960,STR025,PRD0047,Kaos Olahraga Dryfit,Olahraga & Outdoor,2,83400.0,10.0,16700.0,150200.0,Indomaret,delivered,Tangerang
ORD04095,2024-03-31,CST0610,STR033,PRD0001,Batik Tulis Premium,Fashion & Pakaian,2,327300.0,5.0,32700.0,621800.0,COD,returned,Depok
ORD03782,2023-08-07,CST0742,STR033,PRD0033,Tempat Makan Tupperware KW,Rumah Tangga,4,50000.0,10.0,20000.0,180100.0,OVO,delivered,Depok
ORD03376,2024/02/12,CST0761,STR012,PRD0040,Lilin Aromaterapi,Rumah Tangga,10,61100.0,0.0,0.0,611400.0,Indomaret,delivered,Depok
ORD04357,2024-07-23,CST0576,STR031,PRD0030,Mouse Wireless USB,Elektronik & Aksesori,1,94300.0,10.0,9400.0,84900.0,Transfer BCA,delivered,Palembang
ORD04856,2023-12-29,CST0817,STR048,PRD0054,Lukisan Kanvas UMKM,Kerajinan & Souvenir,2,187100.0,5.0,18700.0,355500.0,Alfamart,delivered,Surabaya
ORD04967,2024-07-07,CST0706,STR012,PRD0012,Teh Herbal Jahe Merah,Makanan & Minuman,2,41200.0,10.0,8200.0,74200.0,QRIS,cancelled,Depok
ORD02590,2023-06-22,CST0605,STR023,PRD0004,Celana Chino Pria,Fashion & Pakaian,1,1623000.0,15.0,24300.0,137900.0,OVO,delivered,Palembang
ORD01289,2024-10-09,CST0633,STR007,PRD0032,Charger Fast Charging,Elektronik & Aksesori,2,67700.0,10.0,13500.0,121900.0,indomaret,returned,Bogor
ORD02025,2023-07-29,CST0703,STR017,PRD0043,Tas Sekolah Anak SD,Perlengkapan Bayi & Anak,1,119400.0,10.0,11900.0,107400.0,Indomaret,cancelled,Tangerang
ORD03579,20/01/2023,CST0149,STR023,PRD0046,Botol Susu Anti-Kolik,Perlengkapan Bayi & Anak,1,106500.0,5.0,5300.0,101200.0,ShopeePay,delivered,Palembang
ORD02955,2023-05-19,CST0314,STR016,PRD0053,Tas Anyaman Pandan,Kerajinan & Souvenir,1,95800.0,5.0,4800.0,91000.0,COD,returned,Medan
ORD04169,2024-12-24,CST0452,STR032,PRD0026,Kabel Data Type-C 1m,Elektronik & Aksesori,5,45200.0,20.0,45200.0,180800.0,Transfer BRI,delivered,Bogor
ORD03907,2024-11-04,CST0637,STR043,PRD0052,Gelang Batok Kelapa,Kerajinan & Souvenir,1,25600.0,0.0,0.0,25600.0,Transfer BCA,delivered,Surabaya
ORD00349,2023/05/26,CST0993,STR012,PRD0022,Body Lotion Bengkoang,Kecantikan & Perawatan,3,51000.0,0.0,0.0,153100.0,,cancelled,Depok
ORD05033,2024-03-23,CST0023,STR028,PRD0038,Talenan Kayu Jati,Rumah Tangga,1,96600.0,5.0,4800.0,91800.0,Transfer Mandiri,returned,Palembang
ORD02329,2023-10-27,CST0178,STR007,PRD0036,Gantungan Baju Kayu,Rumah Tangga,1,21600.0,20.0,4300.0,17300.0,Dana,delivered,Bogor
ORD02708,2023-12-31,CST0982,STR035,PRD0005,Dress Casual Wanita,Fashion & Pakaian,2,174300.0,0.0,0.0,348700.0,QRIS,delivered,Surabaya
ORD00790,2024-05-10,CST0792,STR050,PRD0011,Kopi Arabika Toraja 250gr,Makanan & Minuman,10,86000.0,0.0,0.0,860200.0,Dana,delivered,Medan
ORD01627,2023-01-22,CST0105,STR039,PRD0044,Sepatu Anak Velcro,Perlengkapan Bayi & Anak,2,91500.0,0.0,0.0,183100.0,Transfer BRI,processing,Bandung
ORD05205,2024-09-30,CST0831,STR019,PRD0036,Gantungan Baju Kayu,Rumah Tangga,1,21500.0,0.0,0.0,21500.0,Transfer BCA,delivered,Surabaya
ORD04740,2024-01-06,CST0142,STR034,PRD0023,Shampo Kemiri Organik,Kecantikan & Perawatan,1,69700.0,0.0,0.0,69700.0,Dana,delivered,Depok
ORD04073,2024-10-17,CST0061,STR050,PRD0033,Tempat Makan Tupperware KW,Rumah Tangga,10,53900.0,0.0,0.0,539200.0,LinkAja,delivered,Medan
ORD00322,2024-01-17,CST0758,STR048,PRD0016,Rendang Kemasan Vacuum,Makanan & Minuman,1,122400.0,0.0,0.0,122400.0,Transfer Mandiri,returned,Surabaya
ORD00872,2024-12-14,CST0519,STR010,PRD0047,Kaos Olahraga Dryfit,Olahraga & Outdoor,1,85900.0,5.0,4300.0,81600.0,COD,processing,Palembang
ORD00170,2023-04-10,CST0751,STR047,PRD0001,Batik Tulis Premium,Fashion & Pakaian,2,326500.0,10.0,65300.0,587800.0,Transfer Mandiri,cancelled,Makassar
ORD02064,2024-01-23,CST0062,STR034,PRD0056,Topeng Kayu Dekorasi,Kerajinan & Souvenir,3,103300.0,10.0,31000.0,279000.0,Transfer BRI,delivered,Depok
ORD05420,2023-09-17,CST0406,STR046,PRD0046,Botol Susu Anti-Kolik,Perlengkapan Bayi & Anak,2,92600.0,0.0,0.0,185100.0,Dana,cancelled,Medan
ORD05283,2023-06-22,CST0493,STR044,PRD0042,Mainan Edukasi Kayu,Perlengkapan Bayi & Anak,3,78500.0,0.0,0.0,235400.0,Alfamart,delivered,Tangerang
ORD02830,2024-07-23,CST0977,STR005,PRD0016,Rendang Kemasan Vacuum,Makanan & Minuman,4,127900.0,0.0,0.0,511600.0,,delivered,Medan
ORD03945,2023-03-19,CST0992,STR039,PRD0033,Tempat Makan Tupperware KW,Rumah Tangga,3,52600.0,10.0,15800.0,141900.0,Transfer BRI,cancelled,Bandung
ORD04401,2023-12-12,CST0900,STR043,PRD0040,Lilin Aromaterapi,Rumah Tangga,5,68600.0,15.0,51400.0,291400.0,ShopeePay,returned,Surabaya
ORD05103,2023-07-03,CST0014,STR050,PRD0033,Tempat Makan Tupperware KW,Rumah Tangga,5,51500.0,0.0,0.0,257700.0,Alfamart,cancelled,Medan
ORD00074,2024-01-10,CST0824,STR026,PRD0045,Buku Mewarnai + Crayon,Perlengkapan Bayi & Anak,1,30600.0,5.0,1500.0,29000.0,GoPay,delivered,Bandung
ORD00421,2023-05-05,CST0756,STR045,PRD0037,Botol Minum Tumbler,Rumah Tangga,2,80200.0,5.0,8000.0,152400.0,GoPay,cancelled,Bogor
ORD02120,2024-08-06,CST0850,STR021,PRD0055,Gantungan Kunci Batik,Kerajinan & Souvenir,2,13900.0,0.0,0.0,27800.0,Dana,delivered,Depok
ORD05369,2023-03-08,CST0387,STR010,PRD0040,Lilin Aromaterapi,Rumah Tangga,1,63000.0,5.0,3100.0,59800.0,Transfer BCA,delivered,Palembang
ORD03774,2023-10-14,CST0511,STR013,PRD0019,Sabun Sirih Herbal,Kecantikan & Perawatan,2,28200.0,0.0,0.0,56400.0,ShopeePay,delivered,Depok
ORD00093,2024-12-03,CST0359,STR041,PRD0022,Body Lotion Bengkoang,Kecantikan & Perawatan,1,50400.0,0.0,0.0,50400.0,,returned,Semarang
ORD05130,2023-05-13,CST0578,STR010,PRD0047,Kaos Olahraga Dryfit,Olahraga & Outdoor,1,79000.0,0.0,0.0,79000.0,Indomaret,delivered,Palembang
ORD01624,2024-05-17,CST0275,STR027,PRD0035,Lap Microfiber Set 3pcs,Rumah Tangga,2,31200.0,25.0,15600.0,46800.0,Transfer Mandiri,cancelled,Depok
ORD01894,2024-02-19,CST0144,STR024,PRD0032,Charger Fast Charging,Elektronik & Aksesori,1,73400.0,,11000.0,62400.0,LinkAja,delivered,Bogor
ORD04431,2024-10-06,CST0588,STR034,PRD0011,Kopi Arabika Toraja 250gr,Makanan & Minuman,4,85700.0,0.0,0.0,342600.0,ShopeePay,cancelled,Depok
ORD02941,2023-06-24,CST0383,STR044,PRD0032,Charger Fast Charging,Elektronik & Aksesori,4,68500.0,0.0,0.0,274000.0,GoPay,processing,Tangerang
ORD03609,2023-04-14,CST0838,STR044,PRD0014,Madu Hutan Asli 500ml,Makanan & Minuman,1,185300.0,10.0,18500.0,166700.0,Alfamart,cancelled,Tangerang
ORD02347,2024-01-25,CST0879,STR032,PRD0048,Tali Skipping Premium,Olahraga & Outdoor,2,54000.0,5.0,5400.0,102600.0,Indomaret,processing,Bogor
ORD02338,2023-08-29,CST0944,STR002,PRD0006,Jaket Bomber,Fashion & Pakaian,1,316000.0,10.0,31600.0,284400.0,COD,returned,Medan
ORD03946,2023-04-27,CST0728,STR034,PRD0025,Powerbank 10000mAh,Elektronik & Aksesori,3,128000.0,5.0,19200.0,364800.0,Indomaret,cancelled,Depok
ORD00495,2023-08-26,CST0726,STR016,PRD0032,Charger Fast Charging,Elektronik & Aksesori,3,72600.0,5.0,10900.0,206800.0,Transfer BCA,returned,Medan
ORD01376,2023-10-23,CST0178,STR007,PRD0052,Gelang Batok Kelapa,Kerajinan & Souvenir,1,26800.0,10.0,2700.0,24200.0,Indomaret,delivered,Bogor
ORD03919,2024-03-03,CST0201,STR016,PRD0005,Dress Casual Wanita,Fashion & Pakaian,1,161000.0,15.0,24200.0,136900.0,Transfer BRI,cancelled,Medan
ORD04288,2024-07-06,CST0769,STR049,PRD0045,Buku Mewarnai + Crayon,Perlengkapan Bayi & Anak,1,32200.0,5.0,1600.0,30600.0,Alfamart,cancelled,Makassar
ORD02975,2024-03-16,CST0122,STR034,PRD0022,Body Lotion Bengkoang,Kecantikan & Perawatan,2,52000.0,10.0,10400.0,93600.0,LinkAja,processing,Depok
ORD01165,2024-11-06,CST0682,STR050,PRD0010,Sambal Bawang Homemade,Makanan & Minuman,1,35400.0,10.0,3500.0,31900.0,GoPay,delivered,Medan
ORD04871,2023-04-07,CST0199,STR008,PRD0042,Mainan Edukasi Kayu,Perlengkapan Bayi & Anak,2,74200.0,10.0,14800.0,133600.0,Indomaret,cancelled,Palembang
ORD01271,2024-10-18,CST0928,STR035,PRD0038,Talenan Kayu Jati,Rumah Tangga,3,81300.0,0.0,0.0,243800.0,,delivered,Surabaya
ORD02340,2023-03-27,CST0333,STR016,PRD0048,Tali Skipping Premium,Olahraga & Outdoor,10,61100.0,10.0,61100.0,549600.0,COD,returned,Medan
ORD02317,2024-03-23,CST0968,STR044,PRD0056,Topeng Kayu Dekorasi,Kerajinan & Souvenir,4,108500.0,0.0,0.0,434100.0,Transfer BCA,returned,Tangerang
ORD04088,2023-05-31,CST0447,STR025,PRD0011,Kopi Arabika Toraja 250gr,Makanan & Minuman,1,78000.0,5.0,3900.0,74100.0,LinkAja,delivered,Tangerang
ORD02641,2024-06-07,CST0403,STR034,PRD0047,Kaos Olahraga Dryfit,Olahraga & Outdoor,1,81000.0,15.0,12200.0,68900.0,OVO,returned,Depok
ORD00619,2023-12-03,CST0433,STR006,PRD0023,Shampo Kemiri Organik,Kecantikan & Perawatan,1,73700.0,,11000.0,62600.0,GoPay,cancelled,Depok
ORD04806,2023-05-10,CST0773,STR027,PRD0013,Snack Box Mix,makanan & minuman,3,53400.0,10.0,16000.0,144100.0,cod,cancelled,Depok
ORD05187,2024-09-27,CST0282,STR043,PRD0017,Skincare Serum Vit C Lokal,Kecantikan & Perawatan,10,99600.0,15.0,149500.0,847000.0,Indomaret,delivered,Surabaya
ORD00125,2023-09-01,CST0839,STR043,PRD0010,Sambal Bawang Homemade,Makanan & Minuman,1,35500.0,5.0,1800.0,33700.0,Transfer Mandiri,delivered,Surabaya
ORD04378,2023-06-24,CST0610,STR008,PRD0012,Teh Herbal Jahe Merah,Makanan & Minuman,4,39800.0,10.0,15900.0,143200.0,GoPay,cancelled,Palembang
ORD02894,2024-05-29,CST0594,STR013,PRD0027,Earphone Bluetooth TWS,Elektronik & Aksesori,1,145800.0,5.0,7300.0,138500.0,OVO,returned,Depok
ORD03077,2024-06-19,CST0481,STR010,PRD0003,Hijab Voal Motif,Fashion & Pakaian,3,67300.0,0.0,0.0,201900.0,ShopeePay,processing,Palembang
ORD04654,2023-12-03,CST0472,STR039,PRD0007,Sepatu Sneakers Lokal,FASHION & PAKAIAN,3,296200.0,20.0,177700.0,710900.0,ShopeePay,delivered,Bandung
ORD02693,2023-08-15,CST0727,STR045,PRD0017,Skincare Serum Vit C Lokal,Kecantikan & Perawatan,1,102800.0,,0.0,102800.0,LinkAja,returned,Bogor
ORD01877,2024-05-05,CST0378,STR016,PRD0002,Kaos Polos Cotton Combed,Fashion & Pakaian,1,47800.0,0.0,0.0,47800.0,COD,delivered,Medan
ORD02586,2024-01-06,CST0614,STR003,PRD0031,Casing HP Anti Crack,Elektronik & Aksesori,1,32000.0,10.0,3200.0,28800.0,,delivered,Depok
ORD05477,2024-02-09,CST0268,STR046,PRD0056,Topeng Kayu Dekorasi,Kerajinan & Souvenir,1,107600.0,15.0,16100.0,91500.0,Indomaret,delivered,Medan
ORD00870,2023-03-18,CST0066,STR044,PRD0035,Lap Microfiber Set 3pcs,Rumah Tangga,1,33700.0,0.0,0.0,33700.0,Transfer BRI,cancelled,Tangerang
ORD03399,2023-05-17,CST0140,STR009,PRD0006,Jaket Bomber,Fashion & Pakaian,1,319600.0,15.0,47900.0,271600.0,Transfer Mandiri,cancelled,Medan
ORD01043,2023-04-23,CST0200,STR032,PRD0011,Kopi Arabika Toraja 250gr,Makanan & Minuman,1,89000.0,0.0,0.0,89000.0,GoPay,cancelled,Bogor
ORD04111,2024-01-06,CST0136,STR022,PRD0045,Buku Mewarnai + Crayon,Perlengkapan Bayi & Anak,4,29100.0,10.0,11600.0,104800.0,QRIS,returned,Jakarta
ORD03708,2024-03-29,CST0168,STR003,PRD0018,Masker Wajah Clay BPOM,Kecantikan & Perawatan,1,52500.0,20.0,10500.0,42000.0,QRIS,delivered,Depok
ORD00357,2023-08-11,CST0916,STR016,PRD0039,Keranjang Rotan Mini,Rumah Tangga,3,129100.0,0.0,0.0,387200.0,COD,delivered,Medan
ORD01163,2023-01-16,CST0707,STR019,PRD0008,Sandal Kulit Handmade,Fashion & Pakaian,1,159100.0,0.0,0.0,159100.0,ShopeePay,returned,Surabaya
ORD03971,2024-09-12,CST0060,STR009,PRD0026,Kabel Data Type-C 1m,Elektronik & Aksesori,2,42800.0,0.0,0.0,85700.0,Transfer BRI,delivered,Medan
ORD03459,2023-03-12,CST0417,STR007,PRD0018,Masker Wajah Clay BPOM,Kecantikan & Perawatan,1,54400.0,0.0,0.0,54400.0,Transfer BRI,processing,Bogor
ORD03605,2024-02-25,CST0979,STR017,PRD0039,Keranjang Rotan Mini,Rumah Tangga,2,118600.0,5.0,11900.0,225300.0,Indomaret,returned,Tangerang
ORD02821,2024-08-07,CST0486,STR036,PRD0032,Charger Fast Charging,Elektronik & Aksesori,1,69100.0,20.0,13800.0,55300.0,ShopeePay,returned,Tangerang
ORD02005,2024-03-05,CST0457,STR010,PRD0034,Sapu Lantai Ijuk,Rumah Tangga,2,23400.0,0.0,0.0,46700.0,OVO,processing,Palembang
ORD03410,2023-08-07,CST0845,STR047,PRD0032,Charger Fast Charging,Elektronik & Aksesori,3,67800.0,10.0,20400.0,183200.0,Indomaret,processing,Makassar
ORD05196,2023-10-06,CST0682,STR035,PRD0017,Skincare Serum Vit C Lokal,Kecantikan & Perawatan,4,98600.0,0.0,0.0,394300.0,Dana,cancelled,Surabaya
ORD00323,31/03/2023,CST0703,STR045,PRD0030,Mouse Wireless USB,Elektronik & Aksesori,1,100700.0,10.0,10100.0,90600.0,Transfer BRI,cancelled,Bogor
ORD00580,2023-06-27,CST0113,STR045,PRD0008,Sandal Kulit Handmade,Fashion & Pakaian,2,165300.0,10.0,33100.0,297600.0,Transfer BRI,returned,Bogor
ORD05061,2023-06-16,CST0098,STR010,PRD0032,Charger Fast Charging,Elektronik & Aksesori,3,78300.0,15.0,35300.0,199800.0,Alfamart,delivered,Palembang
ORD02806,2024-03-08,CST0110,STR004,PRD0046,Botol Susu Anti-Kolik,Perlengkapan Bayi & Anak,3,1040000.0,15.0,46800.0,265100.0,Dana,delivered,Jakarta
ORD02252,2024-08-22,CST0822,STR038,PRD0056,Topeng Kayu Dekorasi,Kerajinan & Souvenir,1,105700.0,,5300.0,100400.0,Dana,delivered,Semarang
ORD02700,2023-04-13,CST0210,STR003,PRD0021,Sunscreen SPF50 Lokal,Kecantikan & Perawatan,1,83500.0,0.0,0.0,83500.0,,cancelled,Depok
ORD01692,2023-08-10,CST0275,STR022,PRD0037,Botol Minum Tumbler,Rumah Tangga,2,76600.0,0.0,0.0,153200.0,Dana,delivered,Jakarta
ORD05013,2023-12-11,CST0195,STR049,PRD0034,Sapu Lantai Ijuk,Rumah Tangga,5,24800.0,0.0,0.0,123900.0,QRIS,delivered,Makassar
ORD03537,2023-01-27,CST0542,STR017,PRD0015,Dodol Garut Premium,Makanan & Minuman,3,42100.0,15.0,18900.0,107400.0,Dana,returned,Tangerang
ORD04300,2023-02-15,CST0367,STR042,PRD0006,Jaket Bomber,Fashion & Pakaian,1,323300.0,0.0,0.0,323300.0,LinkAja,processing,Bogor
ORD00333,2023-09-08,CST0408,STR044,PRD0021,Sunscreen SPF50 Lokal,Kecantikan & Perawatan,1,94800.0,5.0,4700.0,90100.0,OVO,returned,Tangerang
ORD01974,2023-04-07,CST0899,STR037,PRD0047,Kaos Olahraga Dryfit,Olahraga & Outdoor,5,80700.0,0.0,0.0,403600.0,Transfer Mandiri,delivered,Depok
ORD02930,2023-11-24,CST0121,STR045,PRD0040,Lilin Aromaterapi,Rumah Tangga,3,63500.0,15.0,28600.0,162000.0,ShopeePay,delivered,Bogor
ORD01745,2023-06-28,CST0692,STR034,PRD0034,Sapu Lantai Ijuk,Rumah Tangga,1,23800.0,0.0,0.0,23800.0,QRIS,processing,Depok
ORD05340,2024-12-28,CST0702,STR015,PRD0007,Sepatu Sneakers Lokal,Fashion & Pakaian,10,257200.0,5.0,128600.0,2443400.0,QRIS,processing,Jakarta
ORD03837,2023-01-25,CST0179,STR046,PRD0031,Casing HP Anti Crack,Elektronik & Aksesori,2,30500.0,0.0,0.0,61000.0,Dana,cancelled,Medan
ORD01259,2023/05/05,CST0463,STR004,PRD0056,Topeng Kayu Dekorasi,Kerajinan & Souvenir,1,108500.0,25.0,27100.0,81400.0,GoPay,cancelled,Jakarta
ORD04374,2023-11-01,CST0527,STR047,PRD0051,Topi Running,Olahraga & Outdoor,1,47500.0,0.0,0.0,47500.0,COD,cancelled,Makassar
ORD01452,2024-06-28,CST0233,STR012,PRD0038,Talenan Kayu Jati,Rumah Tangga,1,88600.0,15.0,13300.0,75300.0,QRIS,cancelled,Depok
ORD05144,2024-01-11,CST0866,STR032,PRD0049,Matras Yoga 6mm,Olahraga & Outdoor,2,150000.0,10.0,30000.0,270000.0,ShopeePay,cancelled,Bogor
ORD01117,2024-09-13,CST0926,STR011,PRD0033,Tempat Makan Tupperware KW,Rumah Tangga,2,48400.0,0.0,0.0,96800.0,OVO,processing,Bogor
ORD01542,2024-10-19,CST0486,STR021,PRD0026,Kabel Data Type-C 1m,Elektronik & Aksesori,2,44000.0,5.0,4400.0,83500.0,Transfer BRI,returned,Depok
ORD02419,2024-11-11,CST0520,STR047,PRD0048,Tali Skipping Premium,Olahraga & Outdoor,1,57600.0,10.0,5800.0,51900.0,Transfer Mandiri,delivered,Makassar
ORD04353,2023-09-22,CST0735,STR045,PRD0033,Tempat Makan Tupperware KW,Rumah Tangga,3,55000.0,0.0,0.0,164900.0,QRIS,delivered,Bogor
ORD02003,2024-09-20,CST0039,STR013,PRD0047,Kaos Olahraga Dryfit,Olahraga & Outdoor,2,85800.0,20.0,34300.0,137300.0,Indomaret,cancelled,Depok
ORD05115,2024-12-06,CST0508,STR030,PRD0019,Sabun Sirih Herbal,Kecantikan & Perawatan,4,24200.0,0.0,0.0,96900.0,ovo,cancelled,Surabaya
ORD03083,2024-02-18,CST0325,STR020,PRD0030,Mouse Wireless USB,Elektronik & Aksesori,3,89200.0,10.0,26800.0,240800.0,QRIS,delivered,Bandung
ORD04087,2024-01-21,CST0393,STR048,PRD0008,Sandal Kulit Handmade,Fashion & Pakaian,3,140500.0,0.0,0.0,421600.0,Transfer BCA,cancelled,Surabaya
ORD03706,2024-06-21,CST0847,STR005,PRD0042,Mainan Edukasi Kayu,Perlengkapan Bayi & Anak,1,72600.0,0.0,0.0,72600.0,Dana,returned,Medan
ORD02684,2024-12-16,CST0183,STR012,PRD0019,Sabun Sirih Herbal,Kecantikan & Perawatan,1,25000.0,5.0,1300.0,23800.0,Transfer BRI,delivered,Depok
ORD00446,2024-01-15,CST0205,STR050,PRD0045,Buku Mewarnai + Crayon,Perlengkapan Bayi & Anak,1,34000.0,0.0,0.0,34000.0,Dana,delivered,Medan
ORD02813,2024-01-29,CST0585,STR017,PRD0041,Baju Bayi Newborn Set,Perlengkapan Bayi & Anak,3,137300.0,0.0,0.0,412000.0,OVO,delivered,Tangerang
ORD03257,2024-04-27,CST0808,STR007,PRD0027,Earphone Bluetooth TWS,Elektronik & Aksesori,2,159700.0,0.0,0.0,319400.0,Transfer BRI,processing,Bogor
ORD05106,2023-12-14,CST0264,STR035,PRD0045,Buku Mewarnai + Crayon,Perlengkapan Bayi & Anak,3,28700.0,0.0,0.0,86100.0,Alfamart,delivered,Surabaya
ORD01414,2024-06-19,CST0277,STR019,PRD0021,Sunscreen SPF50 Lokal,Kecantikan&Perawatan,1,85200.0,0.0,0.0,85200.0,QRIS,cancelled,Surabaya
ORD00453,2023-06-02,CST0015,STR006,PRD0006,Jaket Bomber,Fashion & Pakaian,1,285900.0,,14300.0,271600.0,Dana,processing,Depok
ORD04963,2024-06-08,CST0526,STR036,PRD0043,Tas Sekolah Anak SD,Perlengkapan Bayi & Anak,3,112000.0,10.0,33600.0,302400.0,Transfer BRI,returned,Tangerang
ORD02269,2024-08-09,CST0044,STR012,PRD0009,Keripik Tempe Renceng,Makanan & Minuman,4,14400.0,0.0,0.0,57700.0,OVO,delivered,Depok
ORD05370,2023-02-21,CST0702,STR011,PRD0047,Kaos Olahraga Dryfit,Olahraga & Outdoor,2,74700.0,0.0,0.0,149400.0,Transfer BCA,processing,Bogor
ORD02916,2023-09-03,CST0471,STR014,PRD0002,Kaos Polos Cotton Combed,Fashion & Pakaian,2,46400.0,0.0,0.0,92800.0,Dana,returned,Makassar
ORD04503,2023-09-27,CST0676,STR001,PRD0056,Topeng Kayu Dekorasi,Kerajinan & Souvenir,3,112000.0,0.0,0.0,336100.0,QRIS,cancelled,Surabaya
ORD00015,2023-10-06,CST0123,STR026,PRD0038,Talenan Kayu Jati,Rumah Tangga,3,88200.0,0.0,0.0,264700.0,Dana,delivered,Bandung
ORD04788,2023-08-26,CST0953,STR004,PRD0048,Tali Skipping Premium,Olahraga & Outdoor,1,51200.0,10.0,5100.0,46000.0,Transfer Mandiri,processing,Jakarta
ORD02424,2024-07-12,CST0941,STR048,PRD0048,Tali Skipping Premium,Olahraga & Outdoor,2,52300.0,10.0,10500.0,94200.0,ShopeePay,delivered,Surabaya
ORD00946,2024-08-05,CST0748,STR015,PRD0055,Gantungan Kunci Batik,Kerajinan & Souvenir,2,12400.0,0.0,0.0,24800.0,Transfer BRI,returned,Jakarta
ORD05356,2023-12-13,CST0299,STR012,PRD0044,Sepatu Anak Velcro,Perlengkapan Bayi & Anak,1,94400.0,0.0,0.0,94400.0,GoPay,processing,Depok
ORD02276,2023/06/05,CST0227,STR013,PRD0008,Sandal Kulit Handmade,Fashion & Pakaian,1,143700.0,15.0,21600.0,122200.0,Alfamart,cancelled,Depok
ORD00248,2023-02-07,CST0626,STR049,PRD0021,Sunscreen SPF50 Lokal,Kecantikan & Perawatan,3,90100.0,0.0,0.0,270200.0,QRIS,delivered,Makassar
ORD04031,2023-11-09,CST0679,STR026,PRD0055,Gantungan Kunci Batik,Kerajinan & Souvenir,1,11900.0,0.0,0.0,11900.0,LinkAja,delivered,Bandung
ORD00361,2024-04-22,CST0448,STR014,PRD0044,Sepatu Anak Velcro,Perlengkapan Bayi & Anak,1,88600.0,10.0,8900.0,79700.0,Alfamart,delivered,Makassar
ORD05384,2023-10-22,CST0863,STR031,PRD0054,Lukisan Kanvas UMKM,Kerajinan & Souvenir,2,176400.0,10.0,35300.0,317600.0,LinkAja,processing,Palembang
ORD04837,2023-05-13,CST0369,STR007,PRD0008,Sandal Kulit Handmade,Fashion & Pakaian,2,152300.0,0.0,0.0,304500.0,Transfer Mandiri,delivered,Bogor
ORD05224,2023-10-04,CST0293,STR016,PRD0046,Botol Susu Anti-Kolik,Perlengkapan Bayi & Anak,3,99200.0,5.0,14900.0,282700.0,Transfer BCA,delivered,Medan
ORD01777,2023-01-28,CST0796,STR020,PRD0052,Gelang Batok Kelapa,Kerajinan & Souvenir,1,27500.0,10.0,2700.0,24700.0,OVO,cancelled,Bandung
ORD03923,2024-06-10,CST0639,STR038,PRD0029,Lampu LED Ring Light,Elektronik & Aksesori,1,160900.0,25.0,40200.0,120700.0,Indomaret,cancelled,Semarang
ORD04195,2024-03-13,CST0371,STR016,PRD0038,Talenan Kayu Jati,Rumah Tangga,2,85000.0,20.0,34000.0,136000.0,Transfer BRI,cancelled,Medan
ORD02882,2023-04-08,CST0375,STR049,PRD0029,Lampu LED Ring Light,Elektronik & Aksesori,3,174900.0,5.0,26200.0,498400.0,COD,delivered,Makassar
ORD05381,2023-09-02,CST0616,STR011,PRD0009,Keripik Tempe Renceng,Makanan & Minuman,1,14800.0,25.0,3700.0,11100.0,,delivered,Bogor
ORD03967,2023-01-10,CST0218,STR034,PRD0038,Talenan Kayu Jati,Rumah Tangga,2,87300.0,0.0,0.0,174500.0,Transfer BCA,delivered,Depok
ORD02729,2024-09-16,CST0775,STR033,PRD0025,Powerbank 10000mAh,Elektronik & Aksesori,2,137800.0,0.0,0.0,275700.0,Alfamart,delivered,Depok
ORD01593,2023-02-18,CST0434,STR018,PRD0043,Tas Sekolah Anak SD,Perlengkapan Bayi & Anak,5,111300.0,0.0,0.0,556600.0,COD,delivered,Makassar
ORD01724,2024-05-27,CST0014,STR037,PRD0020,Lip Cream Matte Halal,Kecantikan & Perawatan,1,46500.0,10.0,4600.0,41800.0,Transfer BRI,delivered,Depok
ORD04051,2024-11-20,CST0996,STR036,PRD0008,Sandal Kulit Handmade,Fashion & Pakaian,1,160900.0,0.0,0.0,160900.0,ShopeePay,delivered,Tangerang
ORD04391,2023-11-27,CST0735,STR020,PRD0055,Gantungan Kunci Batik,Kerajinan & Souvenir,4,11700.0,15.0,7000.0,39800.0,,processing,Bandung
ORD02046,2023-03-25,CST0322,STR021,PRD0019,Sabun Sirih Herbal,Kecantikan & Perawatan,1,25000.0,20.0,5000.0,20000.0,OVO,cancelled,Depok
ORD05479,2023-09-05,CST0875,STR004,PRD0022,Body Lotion Bengkoang,Kecantikan & Perawatan,2,52400.0,0.0,0.0,104800.0,Transfer Mandiri,cancelled,Jakarta
ORD02188,2023-03-07,CST0034,STR024,PRD0028,Holder HP Mobil,Elektronik & Aksesori,3,61400.0,5.0,9200.0,174900.0,QRIS,returned,Bogor
ORD04547,2024-05-05,CST0839,STR047,PRD0007,Sepatu Sneakers Lokal,Fashion & Pakaian,3,267700.0,5.0,40200.0,763000.0,,delivered,
ORD02612,2024-08-25,CST0311,STR044,PRD0002,Kaos Polos Cotton Combed,Fashion & Pakaian,10,47200.0,0.0,0.0,472100.0,LinkAja,delivered,Tangerang
ORD00491,2023-01-21,CST0417,STR044,PRD0017,Skincare Serum Vit C Lokal,Kecantikan & Perawatan,4,109500.0,0.0,0.0,438100.0,QRIS,cancelled,Tangerang
ORD04202,2023-03-07,CST0193,STR048,PRD0020,Lip Cream Matte Halal,Kecantikan & Perawatan,3,45600.0,5.0,6800.0,129900.0,Indomaret,delivered,Surabaya
ORD00863,15/07/2023,CST0331,STR026,PRD0023,Shampo Kemiri Organik,Kecantikan & Perawatan,1,73500.0,0.0,0.0,73500.0,COD,returned,Bandung
ORD01007,2023-09-14,CST0568,STR034,PRD0048,Tali Skipping Premium,Olahraga & Outdoor,1,58100.0,15.0,8700.0,49400.0,LinkAja,cancelled,Depok
ORD02772,2024-07-01,CST0500,STR017,PRD0004,Celana Chino Pria,Fashion & Pakaian,4,155700.0,15.0,93400.0,529400.0,OVO,processing,Tangerang
ORD01384,2024-04-15,CST0362,STR023,PRD0006,Jaket Bomber,Fashion & Pakaian,1,3103000.0,25.0,77600.0,232700.0,Dana,cancelled,Palembang
ORD02722,2023-06-17,CST0113,STR039,PRD0012,Teh Herbal Jahe Merah,Makanan & Minuman,1,42400.0,20.0,8500.0,33900.0,,cancelled,Bandung
ORD02007,2023-07-24,CST0686,STR016,PRD0036,Gantungan Baju Kayu,Rumah Tangga,2,20700.0,20.0,8300.0,33200.0,QRIS,returned,Medan
ORD03604,2024-10-02,CST0353,STR017,PRD0019,Sabun Sirih Herbal,Kecantikan & Perawatan,2,25100.0,0.0,0.0,50300.0,Indomaret,delivered,Tangerang
ORD05322,2023-09-30,CST0584,STR034,PRD0026,Kabel Data Type-C 1m,Elektronik & Aksesori,1,418000.0,0.0,0.0,41800.0,GoPay,delivered,Depok
ORD01363,2023-12-15,CST0766,STR017,PRD0004,Celana Chino Pria,Fashion & Pakaian,1,174400.0,0.0,0.0,174400.0,Alfamart,cancelled,Tangerang
ORD04792,2023-07-12,CST0871,STR018,PRD0002,Kaos Polos Cotton Combed,Fashion & Pakaian,4,52200.0,0.0,0.0,208900.0,Indomaret,delivered,Makassar
ORD00507,2023-09-22,CST0311,STR008,PRD0046,Botol Susu Anti-Kolik,Perlengkapan Bayi & Anak,10,105100.0,10.0,105100.0,946100.0,COD,delivered,Palembang
ORD01418,2023-04-25,CST0252,STR033,PRD0040,Lilin Aromaterapi,Rumah Tangga,3,64700.0,10.0,19400.0,174700.0,QRIS,processing,Depok
ORD05215,2024-03-13,CST0759,STR021,PRD0005,Dress Casual Wanita,Fashion & Pakaian,1,187000.0,15.0,28100.0,159000.0,Transfer BRI,cancelled,Depok
ORD00026,2023-08-12,CST0371,STR023,PRD0051,Topi Running,Olahraga & Outdoor,10,47100.0,5.0,23600.0,447700.0,GoPay,delivered,Palembang
ORD04467,2023-10-18,CST0343,STR039,PRD0006,Jaket Bomber,Fashion & Pakaian,2,287200.0,,28700.0,545600.0,OVO,delivered,Bandung
ORD04555,2023-10-31,CST0756,STR022,PRD0021,Sunscreen SPF50 Lokal,Kecantikan & Perawatan,3,92500.0,0.0,0.0,277400.0,Transfer Mandiri,delivered,Jakarta
ORD01223,2023-08-29,CST0389,STR033,PRD0003,Hijab Voal Motif,Fashion & Pakaian,2,62400.0,10.0,12500.0,112400.0,Dana,delivered,Depok
ORD02498,2023-07-27,CST0008,STR003,PRD0054,Lukisan Kanvas UMKM,Kerajinan & Souvenir,4,205400.0,0.0,0.0,821500.0,Alfamart,delivered,Depok
ORD01114,2023-08-26,CST0164,STR026,PRD0036,Gantungan Baju Kayu,Rumah Tangga,10,21300.0,10.0,21300.0,191300.0,,delivered,Bandung
ORD02688,2023-07-03,CST0914,STR007,PRD0009,Keripik Tempe Renceng,Makanan & Minuman,1,13200.0,5.0,700.0,12500.0,Transfer Mandiri,cancelled,Bogor
ORD01553,2024-01-15,CST0750,STR025,PRD0039,Keranjang Rotan Mini,Rumah Tangga,1,128200.0,0.0,0.0,128200.0,COD,delivered,Tangerang
ORD03885,2023-12-01,CST0156,STR028,PRD0010,Sambal Bawang Homemade,Makanan & Minuman,2,36300.0,0.0,0.0,72600.0,Indomaret,delivered,Palembang
ORD04197,2023-11-28,CST0195,STR005,PRD0019,Sabun Sirih Herbal,Kecantikan & Perawatan,4,25100.0,25.0,25100.0,75300.0,Alfamart,delivered,Medan
ORD04834,2024-03-10,CST0048,STR031,PRD0039,Keranjang Rotan Mini,Rumah Tangga,2,108500.0,15.0,32500.0,184400.0,COD,delivered,Palembang
ORD02367,2024-02-22,CST0373,STR020,PRD0012,Teh Herbal Jahe Merah,Makanan & Minuman,1,39700.0,10.0,4000.0,35700.0,GoPay,delivered,
ORD05245,2024-04-17,CST0412,STR007,PRD0005,Dress Casual Wanita,Fashion & Pakaian,2,167100.0,0.0,0.0,334100.0,Alfamart,delivered,Bogor
ORD03712,2023-12-30,CST0545,STR012,PRD0039,Keranjang Rotan Mini,Rumah Tangga,3,129200.0,0.0,0.0,387700.0,ShopeePay,returned,Depok
ORD00434,2023-08-23,CST0017,STR049,PRD0052,Gelang Batok Kelapa,Kerajinan & Souvenir,5,27500.0,0.0,0.0,137700.0,Alfamart,delivered,Makassar
ORD02578,24-01-2023,CST0865,STR009,PRD0052,Gelang Batok Kelapa,Kerajinan & Souvenir,3,27600.0,0.0,0.0,82900.0,Indomaret,processing,Medan
ORD03951,2024-09-19,CST0593,STR027,PRD0026,Kabel Data Type-C 1m,Elektronik & Aksesori,1,39600.0,20.0,7900.0,31700.0,Indomaret,delivered,Depok
ORD04103,2023-08-01,CST0808,STR013,PRD0040,Lilin Aromaterapi,Rumah Tangga,3,61800.0,10.0,18500.0,166800.0,GoPay,delivered,Depok
ORD04527,2023-10-15,CST0667,STR043,PRD0037,Botol Minum Tumbler,Rumah Tangga,2,91700.0,5.0,9200.0,174200.0,QRIS,delivered,Surabaya
ORD03546,2024-07-21,CST0256,STR029,PRD0055,Gantungan Kunci Batik,Kerajinan & Souvenir,1,12500.0,0.0,0.0,12500.0,Alfamart,delivered,Bandung
ORD04351,2023-05-27,CST0355,STR042,PRD0025,Powerbank 10000mAh,Elektronik & Aksesori,1,133800.0,0.0,0.0,133800.0,,cancelled,Bogor
ORD03385,2023-09-19,CST0705,STR049,PRD0033,Tempat Makan Tupperware KW,Rumah Tangga,1,50200.0,5.0,2500.0,47700.0,LinkAja,cancelled,Makassar
ORD03868,2023-01-26,CST0575,STR034,PRD0050,Botol Infuser Air,Olahraga & Outdoor,1,67300.0,20.0,13500.0,53900.0,,delivered,Depok
ORD03961,2023-03-20,CST0971,STR005,PRD0042,Mainan Edukasi Kayu,Perlengkapan Bayi & Anak,4,82100.0,5.0,16400.0,312100.0,Alfamart,processing,Medan
ORD04790,2024-10-28,CST0487,STR022,PRD0055,Gantungan Kunci Batik,Kerajinan & Souvenir,3,13700.0,0.0,0.0,41200.0,Transfer BRI,processing,Jakarta
ORD02111,2023-05-08,CST0134,STR038,PRD0033,Tempat Makan Tupperware KW,Rumah Tangga,1,54800.0,5.0,2700.0,52100.0,Alfamart,delivered,Semarang
ORD03648,2023-06-05,CST0028,STR036,PRD0046,Botol Susu Anti-Kolik,Perlengkapan Bayi & Anak,1,95600.0,0.0,0.0,95600.0,Alfamart,delivered,Tangerang
ORD01103,2023-01-29,CST0908,STR029,PRD0053,Tas Anyaman Pandan,Kerajinan & Souvenir,1,91300.0,0.0,0.0,91300.0,QRIS,delivered,Bandung
ORD04517,2024-04-28,CST0424,STR042,PRD0026,Kabel Data Type-C 1m,Elektronik & Aksesori,2,44200.0,5.0,4400.0,84000.0,LinkAja,delivered,Bogor
ORD00412,2024-11-11,CST0822,STR045,PRD0042,Mainan Edukasi Kayu,Perlengkapan Bayi & Anak,4,86300.0,20.0,69100.0,276300.0,LinkAja,cancelled,Bogor
ORD04223,2023-06-07,CST0802,STR029,PRD0015,Dodol Garut Premium,Makanan & Minuman,4,44100.0,0.0,0.0,176500.0,OVO,delivered,Bandung
ORD04451,2024-10-29,CST0428,STR028,PRD0039,Keranjang Rotan Mini,Rumah Tangga,2,117400.0,15.0,35200.0,199500.0,LinkAja,delivered,Palembang
ORD00157,2024-11-23,CST0105,STR045,PRD0015,Dodol Garut Premium,Makanan & Minuman,10,42800.0,0.0,0.0,427600.0,Transfer BRI,processing,Bogor
ORD03730,2023-03-03,CST0525,STR049,PRD0046,Botol Susu Anti-Kolik,Perlengkapan Bayi & Anak,1,94900.0,10.0,9500.0,85400.0,Transfer BRI,cancelled,Makassar
ORD04280,2023-03-19,CST0717,STR036,PRD0030,Mouse Wireless USB,Elektronik & Aksesori,1,96500.0,0.0,0.0,96500.0,Dana,cancelled,Tangerang
ORD00195,2024-03-11,CST0874,STR034,PRD0056,Topeng Kayu Dekorasi,Kerajinan & Souvenir,2,108900.0,5.0,10900.0,206900.0,,cancelled,Depok
ORD00616,2023-12-19,CST0380,STR007,PRD0056,Topeng Kayu Dekorasi,Kerajinan & Souvenir,1,103600.0,20.0,20700.0,82900.0,OVO,delivered,Bogor
ORD00644,2023-03-19,CST0787,STR005,PRD0001,Batik Tulis Premium,Fashion & Pakaian,1,290400.0,15.0,43600.0,246800.0,COD,returned,Medan
ORD03820,2024-12-12,CST0345,STR038,PRD0026,Kabel Data Type-C 1m,Elektronik & Aksesori,1,44600.0,5.0,2200.0,42400.0,LinkAja,delivered,Semarang
ORD04619,2024-01-30,CST0325,STR006,PRD0007,Sepatu Sneakers Lokal,Fashion & Pakaian,4,272100.0,10.0,108800.0,979400.0,GoPay,delivered,Depok
ORD01069,2024-03-03,CST0026,STR029,PRD0034,Sapu Lantai Ijuk,Rumah Tangga,5,24700.0,0.0,0.0,123500.0,QRIS,returned,Bandung
ORD04942,2024-11-06,CST0144,STR026,PRD0038,Talenan Kayu Jati,Rumah Tangga,1,95400.0,5.0,4800.0,90700.0,Transfer BCA,cancelled,Bandung
ORD05329,2023-03-10,CST0334,STR043,PRD0042,Mainan Edukasi Kayu,Perlengkapan Bayi & Anak,4,73900.0,0.0,0.0,295800.0,Alfamart,cancelled,Surabaya
ORD04105,2024-01-17,CST0680,STR031,PRD0027,Earphone Bluetooth TWS,Elektronik & Aksesori,1,154000.0,,0.0,154000.0,Alfamart,delivered,Palembang
ORD03300,2024-02-17,CST0358,STR005,PRD0032,Charger Fast Charging,Elektronik & Aksesori,1,65400.0,0.0,0.0,65400.0,LinkAja,delivered,Medan
ORD04748,2023-02-27,CST0703,STR032,PRD0043,Tas Sekolah Anak SD,Perlengkapan Bayi & Anak,1,111700.0,0.0,0.0,111700.0,Alfamart,delivered,Bogor
ORD00497,2024-09-29,CST0299,STR010,PRD0015,Dodol Garut Premium,Makanan & Minuman,5,44000.0,10.0,22000.0,197900.0,GoPay,delivered,Palembang
ORD00331,2023-09-26,CST0465,STR031,PRD0022,Body Lotion Bengkoang,Kecantikan & Perawatan,1,54400.0,10.0,5400.0,49000.0,OVO,processing,Palembang
ORD03549,2023-06-18,CST0902,STR047,PRD0046,Botol Susu Anti-Kolik,Perlengkapan Bayi & Anak,1,105000.0,0.0,0.0,105000.0,Transfer Mandiri,delivered,Makassar
ORD04520,2023-08-24,CST0779,STR003,PRD0001,Batik Tulis Premium,Fashion & Pakaian,1,291800.0,0.0,0.0,291800.0,Alfamart,returned,Depok
ORD04336,21-04-2023,CST0531,STR009,PRD0012,Teh Herbal Jahe Merah,makanan & minuman,1,45600.0,5.0,2300.0,43300.0,Transfer BRI,delivered,Medan
ORD00623,2023-03-17,CST0016,STR028,PRD0032,Charger Fast Charging,Elektronik & Aksesori,1,72900.0,0.0,0.0,72900.0,Transfer Mandiri,delivered,Palembang
ORD04267,2024-02-22,CST0212,STR049,PRD0045,Buku Mewarnai + Crayon,Perlengkapan Bayi & Anak,1,29000.0,0.0,0.0,29000.0,COD,returned,Makassar
ORD01671,2024-04-25,CST0372,STR035,PRD0050,Botol Infuser Air,Olahraga & Outdoor,1,64400.0,15.0,9700.0,54700.0,GoPay,cancelled,Surabaya
ORD05386,2023-12-30,CST0296,STR015,PRD0008,Sandal Kulit Handmade,Fashion & Pakaian,4,167800.0,0.0,0.0,671100.0,ShopeePay,delivered,Jakarta
ORD00484,2024-05-03,CST0453,STR022,PRD0048,Tali Skipping Premium,Olahraga & Outdoor,2,551000.0,10.0,11000.0,99200.0,Alfamart,returned,Jakarta
ORD03632,2023-06-15,CST0530,STR046,PRD0008,Sandal Kulit Handmade,Fashion & Pakaian,4,140200.0,5.0,28000.0,532900.0,Transfer BRI,cancelled,Medan
ORD02464,2024-11-29,CST0375,STR021,PRD0003,Hijab Voal Motif,Fashion & Pakaian,3,62400.0,10.0,18700.0,168600.0,Transfer BCA,delivered,Depok
ORD03571,2024-04-10,CST0819,STR004,PRD0002,Kaos Polos Cotton Combed,Fashion & Pakaian,4,48500.0,5.0,9700.0,184400.0,GoPay,delivered,Jakarta
ORD03040,2023-10-11,CST0351,STR043,PRD0036,Gantungan Baju Kayu,Rumah Tangga,-4,20600.0,0.0,0.0,82500.0,OVO,delivered,Surabaya
ORD03389,2024-10-20,CST0995,STR027,PRD0004,Celana Chino Pria,Fashion & Pakaian,5,168600.0,5.0,42200.0,800900.0,Transfer BRI,processing,Depok
ORD05337,2023-04-14,CST0022,STR034,PRD0026,Kabel Data Type-C 1m,Elektronik & Aksesori,1,40400.0,15.0,6100.0,34400.0,Transfer BCA,delivered,Depok
ORD04905,2024-12-24,CST0536,STR048,PRD0010,Sambal Bawang Homemade,Makanan & Minuman,1,32600.0,0.0,0.0,32600.0,OVO,delivered,Surabaya
ORD00756,2024-04-01,CST0811,STR005,PRD0004,Celana Chino Pria,Fashion & Pakaian,5,163800.0,5.0,40900.0,777900.0,ShopeePay,delivered,Medan
ORD00519,2024-06-13,CST0772,STR037,PRD0010,Sambal Bawang Homemade,Makanan & Minuman,5,31700.0,0.0,0.0,158600.0,Dana,cancelled,Depok
ORD04123,2023-06-28,CST0164,STR050,PRD0024,Parfum Roll-On Halal,Kecantikan & Perawatan,5,38500.0,0.0,0.0,192300.0,OVO,delivered,
ORD04530,2024-02-20,CST0246,STR007,PRD0037,Botol Minum Tumbler,Rumah Tangga,4,76800.0,0.0,0.0,307200.0,Transfer Mandiri,cancelled,Bogor
ORD00033,2024-05-11,CST0598,STR009,PRD0040,Lilin Aromaterapi,Rumah Tangga,3,66100.0,5.0,9900.0,188500.0,Transfer Mandiri,delivered,Medan
ORD05195,2023-08-06,CST0134,STR027,PRD0036,Gantungan Baju Kayu,Rumah Tangga,5,21700.0,25.0,27100.0,81300.0,Transfer BRI,delivered,Depok
ORD04418,2023-06-17,CST0845,STR031,PRD0003,Hijab Voal Motif,Fashion & Pakaian,3,62200.0,10.0,18700.0,168000.0,Transfer BRI,delivered,Palembang
ORD03078,2024-12-12,CST0097,STR012,PRD0033,Tempat Makan Tupperware KW,Rumah Tangga,1,53500.0,0.0,0.0,53500.0,Dana,delivered,Depok
ORD03162,2023-04-16,CST0134,STR020,PRD0047,Kaos Olahraga Dryfit,Olahraga & Outdoor,4,74000.0,0.0,0.0,295900.0,QRIS,cancelled,Bandung
ORD01158,2023-12-11,CST0419,STR049,PRD0018,Masker Wajah Clay BPOM,Kecantikan & Perawatan,5,56800.0,15.0,42600.0,241200.0,QRIS,delivered,Makassar
ORD01445,29/12/2024,CST0473,STR005,PRD0056,Topeng Kayu Dekorasi,Kerajinan & Souvenir,3,119400.0,0.0,0.0,358300.0,Transfer Mandiri,processing,Medan
ORD02118,2023-05-29,CST0941,STR010,PRD0056,Topeng Kayu Dekorasi,Kerajinan & Souvenir,2,107100.0,0.0,0.0,214100.0,QRIS,delivered,Palembang
ORD00745,2023-02-28,CST0787,STR034,PRD0037,Botol Minum Tumbler,Rumah Tangga,10,90400.0,15.0,135700.0,768700.0,GoPay,cancelled,Depok
ORD05166,2024-07-19,CST0021,STR042,PRD0053,Tas Anyaman Pandan,Kerajinan & Souvenir,4,102300.0,5.0,20500.0,388900.0,LinkAja,delivered,Bogor
ORD00175,2023-04-20,CST0058,STR014,PRD0037,Botol Minum Tumbler,Rumah Tangga,1,86800.0,15.0,13000.0,73800.0,COD,cancelled,Makassar
ORD05470,2024-09-06,CST0510,STR007,PRD0027,Earphone Bluetooth TWS,Elektronik & Aksesori,1,152200.0,5.0,7600.0,144600.0,Indomaret,delivered,Bogor
ORD01706,2023-07-12,CST0917,STR036,PRD0006,Jaket Bomber,Fashion & Pakaian,5,310000.0,0.0,0.0,1549800.0,Alfamart,delivered,Tangerang
ORD03120,2023-10-23,CST0339,STR043,PRD0010,Sambal Bawang Homemade,Makanan & Minuman,1,34800.0,5.0,1700.0,33000.0,ShopeePay,delivered,Surabaya
ORD04460,2024-07-03,CST0584,STR048,PRD0048,Tali Skipping Premium,Olahraga & Outdoor,3,54800.0,0.0,0.0,164500.0,,delivered,Surabaya
ORD01819,2023-05-23,CST0380,STR002,PRD0006,Jaket Bomber,Fashion & Pakaian,4,315200.0,0.0,0.0,1260900.0,Indomaret,delivered,Medan
ORD04296,28-05-2023,CST0560,STR033,PRD0019,Sabun Sirih Herbal,Kecantikan & Perawatan,3,25900.0,5.0,3900.0,73800.0,Indomaret,cancelled,Depok
ORD03188,2024-12-20,CST0003,STR039,PRD0018,Masker Wajah Clay BPOM,Kecantikan & Perawatan,3,51600.0,15.0,23200.0,131600.0,Transfer Mandiri,delivered,Bandung
ORD02388,2023-01-08,CST0440,STR024,PRD0016,Rendang Kemasan Vacuum,Makanan & Minuman,1,128400.0,10.0,12800.0,115600.0,LinkAja,delivered,Bogor
ORD00104,2024-04-30,CST0205,STR046,PRD0020,Lip Cream Matte Halal,Kecantikan & Perawatan,1,44700.0,0.0,0.0,44700.0,GoPay,delivered,Medan
ORD05049,2024-10-16,CST0981,STR037,PRD0015,Dodol Garut Premium,Makanan & Minuman,1,47800.0,0.0,0.0,47800.0,,returned,Depok
ORD02232,2023-10-18,CST0309,STR021,PRD0040,Lilin Aromaterapi,Rumah Tangga,1,69800.0,5.0,3500.0,66300.0,Transfer BRI,cancelled,Depok
ORD00784,2023-02-04,CST0997,STR036,PRD0001,Batik Tulis Premium,Fashion & Pakaian,1,309200.0,0.0,0.0,309200.0,QRIS,delivered,Tangerang
ORD00299,2023-06-18,CST0464,STR013,PRD0054,Lukisan Kanvas UMKM,Kerajinan & Souvenir,1,201200.0,5.0,10100.0,191100.0,ShopeePay,returned,Depok
ORD04360,2023-01-07,CST0346,STR023,PRD0019,Sabun Sirih Herbal,Kecantikan & Perawatan,1,28900.0,5.0,1400.0,27500.0,LinkAja,delivered,Palembang
ORD03122,2023-08-01,CST0423,STR010,PRD0051,Topi Running,Olahraga & Outdoor,2,52500.0,,0.0,105000.0,Dana,processing,Palembang
ORD05048,2024-02-23,CST0032,STR004,PRD0012,Teh Herbal Jahe Merah,Makanan & Minuman,3,43600.0,10.0,13100.0,117800.0,Indomaret,returned,Jakarta
ORD00230,2024-03-27,CST0967,STR010,PRD0021,Sunscreen SPF50 Lokal,Kecantikan & Perawatan,1,98500.0,0.0,0.0,98500.0,Transfer BRI,delivered,Palembang
ORD00858,2024-04-28,CST0497,STR031,PRD0008,Sandal Kulit Handmade,Fashion & Pakaian,1,156900.0,5.0,7800.0,149000.0,LinkAja,cancelled,Palembang
ORD01212,2024-12-24,CST0065,STR014,PRD0012,Teh Herbal Jahe Merah,Makanan & Minuman,5,38900.0,15.0,29200.0,165400.0,,delivered,Makassar
ORD01402,2024-06-04,CST0488,STR035,PRD0046,Botol Susu Anti-Kolik,Perlengkapan Bayi & Anak,3,109100.0,5.0,16400.0,311000.0,QRIS,delivered,Surabaya
ORD02953,2024-10-30,CST0828,STR049,PRD0015,Dodol Garut Premium,Makanan & Minuman,1,49100.0,0.0,0.0,49100.0,GoPay,delivered,Makassar
ORD00409,2023-01-21,CST0961,STR030,PRD0031,Casing HP Anti Crack,Elektronik & Aksesori,1,33900.0,0.0,0.0,33900.0,LinkAja,delivered,Surabaya
ORD00171,2023-08-26,CST0113,STR029,PRD0055,Gantungan Kunci Batik,Kerajinan & Souvenir,5,11900.0,15.0,8900.0,50400.0,LinkAja,delivered,Bandung
ORD00541,2023-05-13,CST0843,STR037,PRD0018,Masker Wajah Clay BPOM,Kecantikan & Perawatan,5,52800.0,5.0,13200.0,250800.0,Alfamart,delivered,Depok
ORD01560,2024-10-27,CST0825,STR041,PRD0016,Rendang Kemasan Vacuum,Makanan & Minuman,1,122500.0,15.0,18400.0,104100.0,Dana,delivered,Semarang
ORD04348,2024-01-02,CST0732,STR016,PRD0054,Lukisan Kanvas UMKM,Kerajinan & Souvenir,1,195900.0,5.0,9800.0,186100.0,Dana,processing,Medan
ORD02883,2023-10-22,CST0843,STR041,PRD0037,Botol Minum Tumbler,Rumah Tangga,1,81100.0,0.0,0.0,81100.0,COD,returned,Semarang
ORD01804,2024-10-02,CST0545,STR001,PRD0055,Gantungan Kunci Batik,Kerajinan & Souvenir,1,12100.0,0.0,0.0,12100.0,GoPay,cancelled,Surabaya
ORD03209,2023-07-13,CST0136,STR039,PRD0010,Sambal Bawang Homemade,Makanan & Minuman,1,35700.0,0.0,0.0,35700.0,Dana,delivered,Bandung
ORD00614,2023-12-18,CST0011,STR043,PRD0034,Sapu Lantai Ijuk,Rumah Tangga,1,28100.0,5.0,1400.0,26700.0,Indomaret,processing,Surabaya
ORD04035,2023-10-25,CST0039,STR010,PRD0038,Talenan Kayu Jati,Rumah Tangga,1,85000.0,25.0,21200.0,63700.0,LinkAja,delivered,Palembang
ORD04846,2023-03-18,CST0884,STR036,PRD0017,Skincare Serum Vit C Lokal,Kecantikan & Perawatan,1,103900.0,15.0,15600.0,88400.0,QRIS,processing,Tangerang
ORD02620,2023-06-30,CST0475,STR027,PRD0002,Kaos Polos Cotton Combed,Fashion & Pakaian,2,53200.0,15.0,16000.0,90500.0,LinkAja,delivered,Depok
ORD00675,2023-08-11,CST0367,STR031,PRD0052,Gelang Batok Kelapa,Kerajinan & Souvenir,5,24800.0,10.0,12400.0,111700.0,OVO,delivered,Palembang
ORD01162,2023-06-16,CST0968,STR006,PRD0008,Sandal Kulit Handmade,Fashion & Pakaian,5,152800.0,25.0,191000.0,572900.0,ShopeePay,delivered,Depok
ORD02571,2023-05-11,CST0224,STR016,PRD0026,Kabel Data Type-C 1m,Elektronik & Aksesori,1,39600.0,0.0,0.0,39600.0,Alfamart,processing,
ORD02956,2023-02-01,CST0318,STR014,PRD0034,Sapu Lantai Ijuk,Rumah Tangga,1,25600.0,10.0,2600.0,23100.0,GoPay,delivered,Makassar
ORD01873,2024-05-13,CST0034,STR006,PRD0022,Body Lotion Bengkoang,Kecantikan & Perawatan,1,55100.0,0.0,0.0,55100.0,ShopeePay,cancelled,Depok
ORD02795,2023-03-05,CST0262,STR018,PRD0038,Talenan Kayu Jati,Rumah Tangga,1,86700.0,10.0,8700.0,78000.0,Dana,cancelled,Makassar
ORD02410,2024-03-16,CST0147,STR030,PRD0031,Casing HP Anti Crack,Elektronik & Aksesori,1,32000.0,0.0,0.0,32000.0,COD,delivered,Surabaya
ORD01816,2024-06-09,CST0676,STR022,PRD0045,Buku Mewarnai + Crayon,Perlengkapan Bayi & Anak,1,34200.0,,0.0,34200.0,ShopeePay,returned,Jakarta
ORD05491,2024-07-22,CST0481,STR037,PRD0039,Keranjang Rotan Mini,Rumah Tangga,3,125500.0,0.0,0.0,376400.0,COD,returned,Depok
ORD01701,2024/09/30,CST0142,STR017,PRD0003,Hijab Voal Motif,Fashion & Pakaian,1,63000.0,,3100.0,59800.0,Alfamart,delivered,Tangerang
ORD02053,2023-02-20,CST0632,STR026,PRD0002,Kaos Polos Cotton Combed,Fashion & Pakaian,1,47200.0,0.0,0.0,47200.0,Transfer BCA,processing,
ORD04334,2023-06-16,CST0231,STR029,PRD0015,Dodol Garut Premium,Makanan & Minuman,2,44900.0,10.0,9000.0,80800.0,QRIS,delivered,Bandung
ORD02752,2023-10-24,CST0078,STR031,PRD0011,Kopi Arabika Toraja 250gr,Makanan & Minuman,1,76700.0,0.0,0.0,76700.0,Indomaret,delivered,Palembang
ORD04732,2024-09-23,CST0760,STR025,PRD0034,Sapu Lantai Ijuk,Rumah Tangga,2,24600.0,,0.0,49300.0,Transfer Mandiri,delivered,Tangerang
ORD04757,2023-06-25,CST0587,STR008,PRD0044,Sepatu Anak Velcro,Perlengkapan Bayi & Anak,1,86900.0,0.0,0.0,86900.0,LinkAja,delivered,Palembang
ORD01549,2023-01-13,CST0645,STR049,PRD0046,Botol Susu Anti-Kolik,Perlengkapan Bayi & Anak,1,108500.0,15.0,16300.0,92300.0,Transfer Mandiri,cancelled,Makassar
ORD02105,2023-02-23,CST0258,STR002,PRD0018,Masker Wajah Clay BPOM,Kecantikan & Perawatan,4,52800.0,0.0,0.0,211000.0,QRIS,delivered,Medan
ORD00356,2024-06-01,CST0904,STR021,PRD0036,Gantungan Baju Kayu,Rumah Tangga,2,18500.0,5.0,1900.0,35200.0,GoPay,returned,Depok
ORD02202,2023-12-12,CST0479,STR034,PRD0022,Body Lotion Bengkoang,Kecantikan & Perawatan,3,57300.0,0.0,0.0,172000.0,Transfer BCA,cancelled,Depok
ORD02974,2023-04-24,CST0688,STR026,PRD0051,Topi Running,Olahraga & Outdoor,1,53700.0,5.0,2700.0,51000.0,OVO,delivered,Bandung
ORD03586,2023-06-12,CST0387,STR027,PRD0006,Jaket Bomber,Fashion & Pakaian,1,310000.0,0.0,0.0,310000.0,,processing,Depok
ORD04973,2023-07-03,CST0840,STR006,PRD0018,Masker Wajah Clay BPOM,Kecantikan & Perawatan,1,57600.0,0.0,0.0,57600.0,ShopeePay,delivered,Depok
ORD03916,2024-03-17,CST0229,STR038,PRD0042,Mainan Edukasi Kayu,Perlengkapan Bayi & Anak,10,84000.0,,126100.0,714300.0,Indomaret,delivered,Semarang
ORD01052,2024-05-22,CST0257,STR024,PRD0036,Gantungan Baju Kayu,Rumah Tangga,1,21200.0,0.0,0.0,21200.0,LinkAja,processing,Bogor
ORD04548,2024-12-19,CST0142,STR001,PRD0002,Kaos Polos Cotton Combed,Fashion & Pakaian,1,53400.0,0.0,0.0,53400.0,qris,delivered,Surabaya
ORD03853,2023-10-25,CST0190,STR020,PRD0013,Snack Box Mix,Makanan & Minuman,10,45500.0,5.0,22800.0,432500.0,OVO,processing,Bandung
ORD01752,2024-07-26,CST0786,STR001,PRD0017,Skincare Serum Vit C Lokal,Kecantikan & Perawatan,5,107500.0,0.0,0.0,537700.0,Alfamart,delivered,Surabaya
ORD02174,2024-11-26,CST0942,STR014,PRD0054,Lukisan Kanvas UMKM,Kerajinan & Souvenir,4,188900.0,10.0,75600.0,680200.0,COD,cancelled,Makassar
ORD01773,2024-03-14,CST0291,STR004,PRD0018,Masker Wajah Clay BPOM,Kecantikan & Perawatan,2,56900.0,10.0,11400.0,102400.0,QRIS,delivered,Jakarta
ORD01197,2023-04-21,CST0725,STR031,PRD0011,Kopi Arabika Toraja 250gr,Makanan & Minuman,10,75600.0,10.0,75600.0,680800.0,Transfer BCA,cancelled,Palembang
ORD01879,2023-01-26,CST0727,STR030,PRD0005,Dress Casual Wanita,Fashion & Pakaian,2,175500.0,0.0,0.0,351000.0,Transfer Mandiri,cancelled,Surabaya
ORD02017,2023-02-15,CST0858,STR014,PRD0012,Teh Herbal Jahe Merah,Makanan & Minuman,2,40200.0,0.0,0.0,80300.0,Alfamart,processing,Makassar
ORD02006,2023-11-10,CST0318,STR042,PRD0054,Lukisan Kanvas UMKM,Kerajinan & Souvenir,3,191100.0,10.0,57300.0,516000.0,LinkAja,returned,Bogor
ORD04579,2024-04-10,CST0155,STR022,PRD0004,Celana Chino Pria,Fashion & Pakaian,5,154100.0,15.0,115600.0,655100.0,ShopeePay,cancelled,Jakarta
ORD01483,2024-03-26,CST0669,STR001,PRD0052,Gelang Batok Kelapa,Kerajinan & Souvenir,1,25800.0,10.0,2600.0,23200.0,LinkAja,cancelled,Surabaya
ORD00329,2024-07-21,CST0126,STR013,PRD0005,Dress Casual Wanita,Fashion & Pakaian,2,181800.0,0.0,0.0,363500.0,QRIS,delivered,Depok
ORD00649,2023-09-25,CST0274,STR028,PRD0003,Hijab Voal Motif,Fashion & Pakaian,1,60200.0,15.0,9000.0,51200.0,Transfer BRI,cancelled,Palembang
ORD01124,2023-08-01,CST0774,STR017,PRD0002,Kaos Polos Cotton Combed,Fashion & Pakaian,2,49200.0,0.0,0.0,98300.0,QRIS,returned,Tangerang
ORD05238,2023-12-03,CST0285,STR049,PRD0043,Tas Sekolah Anak SD,Perlengkapan Bayi & Anak,3,117900.0,0.0,0.0,353800.0,LinkAja,delivered,Makassar
ORD02171,2024-05-23,CST0503,STR010,PRD0056,Topeng Kayu Dekorasi,Kerajinan & Souvenir,1,107900.0,10.0,10800.0,97100.0,Dana,delivered,Palembang
ORD02504,2023-09-15,CST0142,STR034,PRD0022,Body Lotion Bengkoang,Kecantikan & Perawatan,4,57300.0,5.0,11500.0,217800.0,COD,delivered,Depok
ORD04770,2023-03-07,CST0257,STR015,PRD0014,Madu Hutan Asli 500ml,Makanan & Minuman,4,186000.0,5.0,37200.0,706900.0,Indomaret,delivered,Jakarta
ORD04701,2023-02-08,CST0667,STR029,PRD0024,Parfum Roll-On Halal,Kecantikan & Perawatan,2,45400.0,5.0,4500.0,86300.0,alfamart,delivered,Bandung
ORD01260,2024-05-22,CST0707,STR045,PRD0056,Topeng Kayu Dekorasi,Kerajinan & Souvenir,1,116200.0,5.0,5800.0,110400.0,Alfamart,returned,Bogor
ORD04485,2023-08-17,CST0267,STR009,PRD0026,Kabel Data Type-C 1m,Elektronik & Aksesori,1,42800.0,10.0,4300.0,38500.0,ShopeePay,delivered,Medan
ORD03012,2023-01-18,CST0157,STR045,PRD0032,Charger Fast Charging,Elektronik & Aksesori,1,66500.0,10.0,6700.0,59900.0,COD,delivered,Bogor
ORD02373,2024-05-10,CST0787,STR047,PRD0021,Sunscreen SPF50 Lokal,Kecantikan & Perawatan,4,97700.0,0.0,0.0,390700.0,COD,delivered,Makassar
ORD01520,2023-10-26,CST0141,STR036,PRD0030,Mouse Wireless USB,Elektronik & Aksesori,1,86600.0,25.0,21700.0,65000.0,QRIS,returned,Tangerang
ORD01379,2023-03-24,CST0487,STR050,PRD0045,Buku Mewarnai + Crayon,Perlengkapan Bayi & Anak,2,33100.0,20.0,13200.0,52900.0,Transfer BCA,returned,Medan
ORD04099,2023-09-17,CST0651,STR027,PRD0029,Lampu LED Ring Light,Elektronik & Aksesori,4,185800.0,20.0,148600.0,594400.0,ShopeePay,cancelled,Depok
ORD01024,05-11-2023,CST0524,STR031,PRD0025,Powerbank 10000mAh,Elektronik & Aksesori,1,137900.0,5.0,6900.0,131000.0,COD,delivered,Palembang
ORD03821,2024-09-30,CST0899,STR003,PRD0036,Gantungan Baju Kayu,Rumah Tangga,3,19900.0,0.0,0.0,59800.0,linkaja,cancelled,Depok
ORD03906,2024-11-23,CST0722,STR033,PRD0035,Lap Microfiber Set 3pcs,Rumah Tangga,1,33400.0,0.0,0.0,33400.0,,delivered,Depok
ORD02104,2023-04-13,CST0877,STR045,PRD0050,Botol Infuser Air,Olahraga & Outdoor,5,65500.0,0.0,0.0,327400.0,Transfer BCA,delivered,Bogor
ORD00913,2024-04-16,CST0549,STR014,PRD0052,Gelang Batok Kelapa,Kerajinan & Souvenir,1,27000.0,25.0,6700.0,20200.0,Transfer BRI,delivered,Makassar
ORD04394,2023-11-03,CST0319,STR013,PRD0036,Gantungan Baju Kayu,Rumah Tangga,2,20000.0,0.0,0.0,39900.0,Transfer BRI,delivered,Depok
ORD01676,2023-09-14,CST0361,STR017,PRD0024,Parfum Roll-On Halal,Kecantikan & Perawatan,4,43800.0,5.0,8800.0,166400.0,Indomaret,processing,Tangerang
ORD01747,2024-12-09,CST0154,STR004,PRD0049,Matras Yoga 6mm,Olahraga & Outdoor,1,147300.0,10.0,14700.0,132600.0,GoPay,delivered,Jakarta
ORD02616,2023-04-17,CST0715,STR030,PRD0030,Mouse Wireless USB,Elektronik & Aksesori,5,97000.0,0.0,0.0,484800.0,COD,processing,Surabaya
ORD01737,2024-05-26,CST0794,STR044,PRD0035,Lap Microfiber Set 3pcs,Rumah Tangga,5,31500.0,0.0,0.0,157400.0,Transfer BRI,returned,Tangerang
ORD01630,2024-03-30,CST0204,STR005,PRD0008,Sandal Kulit Handmade,Fashion & Pakaian,5,152700.0,0.0,0.0,763400.0,Indomaret,cancelled,Medan
ORD03361,2023-01-07,CST0390,STR027,PRD0056,Topeng Kayu Dekorasi,Kerajinan & Souvenir,1,107500.0,5.0,5400.0,102100.0,Transfer BCA,delivered,Depok
ORD00431,2024-05-04,CST0574,STR037,PRD0024,Parfum Roll-On Halal,Kecantikan & Perawatan,4,39000.0,0.0,0.0,156000.0,QRIS,delivered,Depok
ORD01809,2024-09-06,CST0201,STR036,PRD0044,Sepatu Anak Velcro,Perlengkapan Bayi & Anak,1,87300.0,0.0,0.0,87300.0,Dana,processing,Tangerang
ORD03114,2024-12-22,CST0003,STR043,PRD0034,Sapu Lantai Ijuk,Rumah Tangga,4,24500.0,15.0,14700.0,83400.0,LinkAja,delivered,Surabaya
ORD04309,10-03-2023,CST0803,STR046,PRD0022,Body Lotion Bengkoang,Kecantikan & Perawatan,2,54400.0,0.0,0.0,108700.0,Dana,delivered,Medan
ORD04398,2023-06-25,CST0196,STR005,PRD0021,Sunscreen SPF50 Lokal,Kecantikan & Perawatan,4,86100.0,0.0,0.0,344400.0,LinkAja,delivered,Medan
ORD03752,2023-02-25,CST0350,STR021,PRD0051,Topi Running,Olahraga & Outdoor,4,52100.0,10.0,20900.0,187700.0,Transfer BRI,processing,Depok
ORD03049,2024-06-24,CST0222,STR024,PRD0016,Rendang Kemasan Vacuum,Makanan & Minuman,2,133900.0,0.0,0.0,267900.0,Dana,delivered,Bogor
ORD02863,2023-08-08,CST0560,STR049,PRD0006,Jaket Bomber,Fashion & Pakaian,1,283500.0,5.0,14200.0,269300.0,COD,processing,Makassar
ORD02846,2023-11-28,CST0217,STR014,PRD0020,Lip Cream Matte Halal,Kecantikan & Perawatan,5,48500.0,5.0,12100.0,230300.0,Transfer Mandiri,delivered,Makassar
ORD05007,2024-03-03,CST0720,STR030,PRD0005,Dress Casual Wanita,Fashion & Pakaian,2,183300.0,15.0,55000.0,311700.0,QRIS,processing,Surabaya
ORD05434,2024-02-14,CST0706,STR016,PRD0036,Gantungan Baju Kayu,Rumah Tangga,2,19200.0,10.0,3800.0,34600.0,QRIS,processing,Medan
ORD04985,2023-08-27,CST0728,STR027,PRD0034,Sapu Lantai Ijuk,Rumah Tangga,4,26900.0,15.0,16100.0,91400.0,Alfamart,processing,Depok
ORD01996,2024-08-23,CST0127,STR005,PRD0051,Topi Running,Olahraga & Outdoor,2,47800.0,0.0,0.0,95500.0,ShopeePay,processing,Medan
ORD05004,2023-03-24,CST0988,STR033,PRD0049,Matras Yoga 6mm,Olahraga & Outdoor,3,167500.0,0.0,0.0,502600.0,GoPay,cancelled,Depok
ORD01107,2024-02-04,CST0838,STR008,PRD0024,Parfum Roll-On Halal,Kecantikan & Perawatan,2,39300.0,0.0,0.0,78600.0,Indomaret,processing,Palembang
ORD00819,2024-03-25,CST0519,STR042,PRD0037,Botol Minum Tumbler,Rumah Tangga,10,89200.0,5.0,44600.0,847700.0,LinkAja,cancelled,Bogor
ORD04687,2024-07-18,CST0401,STR041,PRD0022,Body Lotion Bengkoang,Kecantikan & Perawatan,2,57300.0,5.0,5700.0,108800.0,Indomaret,delivered,Semarang
ORD04059,2023-01-09,CST0354,STR030,PRD0016,Rendang Kemasan Vacuum,Makanan & Minuman,1,124400.0,20.0,24900.0,99500.0,,delivered,Surabaya
ORD01698,2023-07-19,CST0023,STR002,PRD0051,Topi Running,Olahraga & Outdoor,5,54000.0,15.0,40500.0,229600.0,QRIS,delivered,Medan
ORD03210,2024-07-27,CST0788,STR045,PRD0030,Mouse Wireless USB,Elektronik & Aksesori,1,90300.0,10.0,9000.0,81300.0,OVO,cancelled,Bogor
ORD00137,2023-11-21,CST0935,STR040,PRD0030,Mouse Wireless USB,Elektronik & Aksesori,1,95100.0,10.0,9500.0,85600.0,Dana,returned,Tangerang
ORD03542,2024-01-22,CST0161,STR043,PRD0017,Skincare Serum Vit C Lokal,Kecantikan & Perawatan,10,106000.0,20.0,212000.0,848100.0,GoPay,delivered,Surabaya
ORD04478,2023-04-16,CST0624,STR030,PRD0006,Jaket Bomber,Fashion & Pakaian,1,313900.0,0.0,0.0,313900.0,Transfer BCA,delivered,Surabaya
ORD04979,2024-10-10,CST0231,STR049,PRD0026,Kabel Data Type-C 1m,Elektronik & Aksesori,2,45800.0,0.0,0.0,91500.0,Transfer BCA,delivered,Makassar
ORD01181,2023-02-03,CST0401,STR018,PRD0034,Sapu Lantai Ijuk,Rumah Tangga,3,24100.0,10.0,7200.0,65000.0,Indomaret,delivered,Makassar
ORD04875,2023-02-06,CST0679,STR019,PRD0037,Botol Minum Tumbler,Rumah Tangga,1,90300.0,0.0,0.0,90300.0,Alfamart,delivered,Surabaya
ORD00889,2023-04-13,CST0055,STR017,PRD0017,Skincare Serum Vit C Lokal,Kecantikan & Perawatan,1,97900.0,15.0,14700.0,83200.0,Indomaret,delivered,Tangerang
ORD02255,2024-10-22,CST0230,STR009,PRD0042,Mainan Edukasi Kayu,Perlengkapan Bayi & Anak,2,83200.0,5.0,8300.0,158100.0,Dana,cancelled,Medan
ORD02551,2023-01-09,CST0915,STR017,PRD0044,Sepatu Anak Velcro,Perlengkapan Bayi & Anak,4,88700.0,0.0,0.0,354700.0,COD,delivered,Tangerang
ORD00818,25-12-2024,CST0178,STR047,PRD0016,Rendang Kemasan Vacuum,Makanan & Minuman,3,130400.0,5.0,19600.0,371700.0,Transfer Mandiri,delivered,Makassar
ORD01112,21/08/2024,CST0747,STR049,PRD0010,Sambal Bawang Homemade,Makanan & Minuman,2,33800.0,0.0,0.0,67600.0,Alfamart,delivered,Makassar
ORD04142,2024-01-30,CST0391,STR037,PRD0032,Charger Fast Charging,Elektronik & Aksesori,1,67100.0,10.0,6700.0,60400.0,Dana,delivered,Depok
ORD03321,2023-03-14,CST0916,STR033,PRD0045,Buku Mewarnai + Crayon,Perlengkapan Bayi & Anak,2,31700.0,0.0,0.0,63500.0,Transfer Mandiri,delivered,Depok
ORD01265,2023-05-19,CST0011,STR047,PRD0047,Kaos Olahraga Dryfit,Olahraga & Outdoor,1,82600.0,5.0,4100.0,78500.0,Transfer BCA,cancelled,Makassar
ORD00991,2023-03-22,CST0253,STR045,PRD0033,Tempat Makan Tupperware KW,Rumah Tangga,2,48300.0,10.0,9700.0,87000.0,Transfer Mandiri,processing,Bogor
ORD03753,2024-05-19,CST0998,STR019,PRD0030,Mouse Wireless USB,Elektronik & Aksesori,1,101700.0,10.0,10200.0,91500.0,Alfamart,delivered,Surabaya
ORD01740,2023-01-12,CST0843,STR020,PRD0006,Jaket Bomber,Fashion & Pakaian,5,329200.0,0.0,0.0,1646200.0,Transfer BRI,processing,Bandung
ORD05109,2023-10-23,CST0060,STR047,PRD0052,Gelang Batok Kelapa,Kerajinan & Souvenir,3,24000.0,0.0,0.0,72000.0,Alfamart,processing,Makassar
ORD00354,2024-11-17,CST0595,STR017,PRD0024,Parfum Roll-On Halal,Kecantikan & Perawatan,1,38600.0,15.0,5800.0,32900.0,LinkAja,returned,Tangerang
ORD04281,2023-03-26,CST0635,STR018,PRD0019,Sabun Sirih Herbal,Kecantikan & Perawatan,5,27000.0,15.0,20200.0,114600.0,COD,returned,Makassar
ORD02169,2024-05-19,CST0521,STR017,PRD0016,Rendang Kemasan Vacuum,Makanan & Minuman,3,128300.0,10.0,38500.0,346400.0,Transfer BRI,cancelled,Tangerang
ORD03814,2023-05-04,CST0998,STR023,PRD0024,Parfum Roll-On Halal,Kecantikan & Perawatan,3,42600.0,5.0,6400.0,121300.0,transfer bri,delivered,Palembang
ORD01490,2023-12-02,CST0994,STR041,PRD0049,Matras Yoga 6mm,Olahraga & Outdoor,2,165500.0,5.0,16600.0,314500.0,GoPay,processing,Semarang
ORD03469,2024-06-17,CST0158,STR046,PRD0015,Dodol Garut Premium,Makanan & Minuman,1,48300.0,0.0,0.0,48300.0,ShopeePay,delivered,Medan
ORD01229,2024-02-26,CST0993,STR046,PRD0039,Keranjang Rotan Mini,Rumah Tangga,3,107900.0,0.0,0.0,323800.0,ShopeePay,cancelled,Medan
ORD03866,2023-06-05,CST0008,STR040,PRD0002,Kaos Polos Cotton Combed,Fashion & Pakaian,2,53900.0,15.0,16200.0,91600.0,Transfer BRI,delivered,Tangerang
ORD05318,2024-08-20,CST0343,STR024,PRD0017,Skincare Serum Vit C Lokal,Kecantikan & Perawatan,3,114900.0,20.0,68900.0,275800.0,Transfer BRI,delivered,
ORD00053,2024-02-27,CST0675,STR022,PRD0032,Charger Fast Charging,Elektronik & Aksesori,3,71200.0,10.0,21400.0,192300.0,QRIS,delivered,Jakarta
ORD02750,2024-05-20,CST0232,STR024,PRD0027,Earphone Bluetooth TWS,Elektronik & Aksesori,1,138600.0,20.0,27700.0,110800.0,Transfer BRI,processing,Bogor
ORD03488,2024-08-17,CST0385,STR044,PRD0032,Charger Fast Charging,Elektronik & Aksesori,1,68900.0,10.0,6900.0,62000.0,Transfer Mandiri,cancelled,Tangerang
ORD04369,2024-11-13,CST0095,STR049,PRD0041,Baju Bayi Newborn Set,Perlengkapan Bayi & Anak,2,129600.0,,0.0,259200.0,GoPay,delivered,Makassar
ORD05071,2023-04-23,CST0251,STR048,PRD0007,Sepatu Sneakers Lokal,Fashion & Pakaian,1,270000.0,15.0,40500.0,229500.0,OVO,returned,Surabaya
ORD01590,2023-11-10,CST0115,STR026,PRD0036,Gantungan Baju Kayu,Rumah Tangga,2,21200.0,0.0,0.0,42300.0,Indomaret,processing,Bandung
ORD01480,2023-05-28,CST0639,STR009,PRD0054,Lukisan Kanvas UMKM,Kerajinan & Souvenir,5,177100.0,0.0,0.0,885700.0,QRIS,processing,Medan
ORD01470,2024-03-06,CST0181,STR039,PRD0024,Parfum Roll-On Halal,Kecantikan & Perawatan,2,44800.0,0.0,0.0,89500.0,LinkAja,delivered,Bandung
ORD04337,2024-04-05,CST0174,STR031,PRD0053,Tas Anyaman Pandan,Kerajinan & Souvenir,1,101700.0,0.0,0.0,101700.0,Transfer BCA,cancelled,Palembang
ORD02079,2024-06-22,CST0443,STR017,PRD0028,Holder HP Mobil,Elektronik & Aksesori,1,57400.0,10.0,5700.0,51700.0,Transfer BRI,processing,Tangerang
ORD03044,2023-07-03,CST0237,STR016,PRD0025,Powerbank 10000mAh,Elektronik & Aksesori,3,132300.0,0.0,0.0,396800.0,Transfer BRI,returned,Medan
ORD04435,2023-02-19,CST0417,STR013,PRD0022,Body Lotion Bengkoang,Kecantikan & Perawatan,1,56200.0,0.0,0.0,56200.0,GoPay,cancelled,Depok
ORD02289,2023-12-20,CST0435,STR044,PRD0001,Batik Tulis Premium,Fashion & Pakaian,1,327100.0,5.0,16400.0,310800.0,GoPay,delivered,Tangerang
ORD00437,2024-11-20,CST0279,STR010,PRD0025,Powerbank 10000mAh,Elektronik & Aksesori,2,124600.0,0.0,0.0,249300.0,LinkAja,delivered,Palembang
ORD03800,2023-06-05,CST0130,STR026,PRD0030,Mouse Wireless USB,Elektronik & Aksesori,3,90900.0,0.0,0.0,272700.0,Transfer Mandiri,delivered,Bandung
ORD01589,2024-05-17,CST0473,STR023,PRD0012,Teh Herbal Jahe Merah,Makanan & Minuman,1,38800.0,5.0,1900.0,36800.0,QRIS,cancelled,Palembang
ORD05099,2024-02-14,CST0256,STR037,PRD0044,Sepatu Anak Velcro,Perlengkapan Bayi & Anak,4,96900.0,10.0,38800.0,348800.0,Indomaret,cancelled,Depok
ORD01591,2023-02-26,CST0985,STR044,PRD0018,Masker Wajah Clay BPOM,Kecantikan & Perawatan,2,48100.0,20.0,19200.0,76900.0,LinkAja,returned,Tangerang
ORD03680,2024-07-23,CST0680,STR046,PRD0011,Kopi Arabika Toraja 250gr,Makanan & Minuman,-2,82100.0,10.0,16400.0,147800.0,Indomaret,delivered,Medan
ORD00974,2024-03-22,CST0538,STR003,PRD0036,Gantungan Baju Kayu,Rumah Tangga,1,21400.0,10.0,2100.0,19300.0,Transfer BRI,processing,Depok
ORD01239,2024-06-23,CST0423,STR016,PRD0028,Holder HP Mobil,Elektronik & Aksesori,1,58400.0,5.0,2900.0,55400.0,Dana,delivered,Medan
ORD02182,2024-12-09,CST0898,STR029,PRD0024,Parfum Roll-On Halal,Kecantikan & Perawatan,1,45700.0,10.0,4600.0,41100.0,LinkAja,returned,Bandung
ORD03168,2024-06-13,CST0051,STR018,PRD0007,Sepatu Sneakers Lokal,Fashion & Pakaian,4,272800.0,5.0,54600.0,1036500.0,,delivered,Makassar
ORD04796,2024-06-09,CST0808,STR021,PRD0014,Madu Hutan Asli 500ml,Makanan & Minuman,2,166900.0,5.0,16700.0,317000.0,Alfamart,delivered,Depok
ORD02577,21-08-2024,CST0801,STR049,PRD0003,Hijab Voal Motif,Fashion & Pakaian,1,63100.0,0.0,0.0,63100.0,OVO,processing,Makassar
ORD01498,2024-10-19,CST0405,STR038,PRD0043,Tas Sekolah Anak SD,Perlengkapan Bayi & Anak,1,114700.0,0.0,0.0,114700.0,Transfer Mandiri,delivered,Semarang
ORD00450,2023-10-17,CST0652,STR004,PRD0021,Sunscreen SPF50 Lokal,Kecantikan & Perawatan,5,86200.0,15.0,64600.0,366300.0,LinkAja,returned,Jakarta
ORD03981,2023-03-15,CST0600,STR041,PRD0024,Parfum Roll-On Halal,Kecantikan & Perawatan,4,41200.0,0.0,0.0,165000.0,LinkAja,delivered,Semarang
ORD05042,2023-03-07,CST0961,STR031,PRD0013,Snack Box Mix,Makanan & Minuman,1,498000.0,0.0,0.0,49800.0,LinkAja,cancelled,Palembang
ORD02639,2023-08-19,CST0263,STR029,PRD0053,Tas Anyaman Pandan,Kerajinan & Souvenir,1,97000.0,0.0,0.0,97000.0,Transfer BCA,delivered,Bandung
ORD01552,2023-09-25,CST0716,STR035,PRD0043,Tas Sekolah Anak SD,Perlengkapan Bayi & Anak,3,124300.0,15.0,55900.0,316800.0,LinkAja,cancelled,Surabaya
ORD05076,2023-04-28,CST0272,STR032,PRD0039,Keranjang Rotan Mini,Rumah Tangga,3,125700.0,0.0,0.0,377200.0,Transfer BRI,returned,Bogor
ORD01147,2024-05-21,CST0462,STR041,PRD0020,Lip Cream Matte Halal,Kecantikan & Perawatan,3,50300.0,15.0,22600.0,128300.0,ShopeePay,cancelled,Semarang
ORD03299,2024-06-24,CST0450,STR032,PRD0049,Matras Yoga 6mm,Olahraga & Outdoor,3,175100.0,5.0,26300.0,499200.0,Dana,delivered,Bogor
ORD02093,2024-10-16,CST0435,STR026,PRD0002,Kaos Polos Cotton Combed,Fashion & Pakaian,3,47400.0,5.0,7100.0,135100.0,ShopeePay,delivered,
ORD01314,2024-12-19,CST0019,STR031,PRD0014,Madu Hutan Asli 500ml,Makanan & Minuman,1,171100.0,20.0,34200.0,136900.0,Dana,cancelled,Palembang
ORD02016,2023-04-06,CST0065,STR046,PRD0046,Botol Susu Anti-Kolik,Perlengkapan Bayi & Anak,4,105200.0,5.0,21000.0,399900.0,Indomaret,delivered,Medan
ORD02880,2023-02-19,CST0377,STR024,PRD0046,Botol Susu Anti-Kolik,Perlengkapan Bayi & Anak,2,100700.0,5.0,10100.0,191400.0,QRIS,delivered,Bogor
ORD03470,2023-06-07,CST0768,STR045,PRD0020,Lip Cream Matte Halal,Kecantikan & Perawatan,1,43800.0,10.0,4400.0,39400.0,Indomaret,cancelled,Bogor
ORD05181,2024-08-07,CST0997,STR024,PRD0016,Rendang Kemasan Vacuum,Makanan & Minuman,5,122400.0,20.0,122400.0,489500.0,ShopeePay,returned,Bogor
ORD04439,2024-02-07,CST0540,STR013,PRD0012,Teh Herbal Jahe Merah,Makanan & Minuman,1,38600.0,10.0,3900.0,34700.0,Transfer BCA,delivered,Depok
ORD04603,2023-02-10,CST0558,STR014,PRD0009,Keripik Tempe Renceng,Makanan & Minuman,4,14700.0,5.0,2900.0,56000.0,ShopeePay,delivered,Makassar
ORD00414,2024-02-04,CST0011,STR035,PRD0047,Kaos Olahraga Dryfit,Olahraga & Outdoor,4,83100.0,20.0,66500.0,265900.0,ShopeePay,delivered,Surabaya
ORD00942,2023-05-27,CST0119,STR029,PRD0029,Lampu LED Ring Light,Elektronik & Aksesori,3,167300.0,15.0,75300.0,426500.0,OVO,cancelled,Bandung
ORD00802,2024-07-19,CST0988,STR029,PRD0052,Gelang Batok Kelapa,Kerajinan & Souvenir,1,24600.0,0.0,0.0,24600.0,QRIS,cancelled,Bandung
ORD04488,2024-06-08,CST0517,STR039,PRD0028,Holder HP Mobil,Elektronik & Aksesori,2,61700.0,0.0,0.0,123400.0,COD,returned,Bandung
ORD00257,2024-05-13,CST0950,STR019,PRD0008,Sandal Kulit Handmade,Fashion & Pakaian,1,139300.0,20.0,27900.0,111400.0,Alfamart,processing,Surabaya
ORD01518,2023-10-06,CST0536,STR034,PRD0049,Matras Yoga 6mm,Olahraga & Outdoor,5,146500.0,15.0,109900.0,622800.0,LinkAja,delivered,Depok
ORD00648,2024-09-10,CST0011,STR038,PRD0042,Mainan Edukasi Kayu,Perlengkapan Bayi & Anak,10,87100.0,10.0,87100.0,783600.0,Alfamart,returned,Semarang
ORD01768,2023-03-15,CST0362,STR038,PRD0056,Topeng Kayu Dekorasi,Kerajinan & Souvenir,3,105800.0,10.0,31700.0,285700.0,LinkAja,delivered,Semarang
ORD03640,2023-04-11,CST0322,STR019,PRD0021,Sunscreen SPF50 Lokal,Kecantikan & Perawatan,2,87000.0,15.0,26100.0,147900.0,GoPay,delivered,Surabaya
ORD03572,2024-03-14,CST0429,STR028,PRD0025,Powerbank 10000mAh,Elektronik & Aksesori,4,135500.0,,0.0,541900.0,,delivered,Palembang
ORD02628,2024-11-05,CST0539,STR005,PRD0014,Madu Hutan Asli 500ml,Makanan & Minuman,10,160300.0,20.0,320600.0,1282500.0,Transfer Mandiri,processing,Medan
ORD03631,2024-08-27,CST0458,STR041,PRD0034,Sapu Lantai Ijuk,Rumah Tangga,3,23800.0,0.0,0.0,71300.0,LinkAja,processing,Semarang
ORD00025,2023-09-17,CST0960,STR023,PRD0042,Mainan Edukasi Kayu,Perlengkapan Bayi & Anak,2,76500.0,0.0,0.0,152900.0,GoPay,processing,Palembang
ORD01089,2024-06-14,CST0653,STR018,PRD0045,Buku Mewarnai + Crayon,Perlengkapan Bayi & Anak,2,29000.0,0.0,0.0,57900.0,Indomaret,delivered,Makassar
ORD02499,2023-02-06,CST0768,STR036,PRD0002,Kaos Polos Cotton Combed,Fashion & Pakaian,1,45100.0,0.0,0.0,45100.0,COD,processing,Tangerang
ORD02319,2023-02-02,CST0129,STR027,PRD0012,Teh Herbal Jahe Merah,Makanan & Minuman,1,40100.0,5.0,2000.0,38100.0,OVO,delivered,Depok
ORD00113,2023-06-20,CST0333,STR006,PRD0008,Sandal Kulit Handmade,Fashion & Pakaian,2,157100.0,0.0,0.0,314100.0,COD,delivered,Depok
ORD01328,2023-05-12,CST0702,STR019,PRD0020,Lip Cream Matte Halal,Kecantikan & Perawatan,1,51400.0,0.0,0.0,51400.0,Transfer BCA,delivered,
ORD00057,2023-11-04,CST0029,STR023,PRD0008,Sandal Kulit Handmade,Fashion & Pakaian,10,145400.0,0.0,0.0,1453900.0,Alfamart,delivered,Palembang
ORD01310,2023-08-01,CST0335,STR003,PRD0009,Keripik Tempe Renceng,Makanan & Minuman,1,15500.0,5.0,800.0,14700.0,Alfamart,delivered,Depok
ORD00696,2024-08-05,CST0410,STR013,PRD0001,Batik Tulis Premium,Fashion & Pakaian,1,343000.0,5.0,17200.0,325900.0,Indomaret,processing,Depok
ORD01228,2023-05-12,CST0999,STR037,PRD0014,Madu Hutan Asli 500ml,Makanan & Minuman,3,175300.0,15.0,78900.0,447000.0,Transfer Mandiri,returned,Depok
ORD05443,2024-02-10,CST0085,STR032,PRD0038,Talenan Kayu Jati,Rumah Tangga,1,81500.0,25.0,20400.0,61100.0,Transfer BRI,delivered,Bogor
ORD00277,2023-03-30,CST0856,STR008,PRD0031,Casing HP Anti Crack,Elektronik & Aksesori,2,31600.0,15.0,9500.0,53800.0,ShopeePay,returned,Palembang
ORD02345,2024-07-06,CST0971,STR050,PRD0019,Sabun Sirih Herbal,Kecantikan & Perawatan,1,28100.0,0.0,0.0,28100.0,GoPay,cancelled,Medan
ORD01834,2023-08-31,CST0799,STR006,PRD0049,Matras Yoga 6mm,Olahraga & Outdoor,1,162200.0,0.0,0.0,162200.0,ShopeePay,delivered,Depok
ORD00683,2024-02-05,CST0272,STR030,PRD0050,Botol Infuser Air,Olahraga & Outdoor,1,64300.0,0.0,0.0,64300.0,LinkAja,delivered,Surabaya
ORD02764,2023-05-18,CST0237,STR013,PRD0026,Kabel Data Type-C 1m,Elektronik & Aksesori,1,40900.0,10.0,4100.0,36800.0,Dana,delivered,Depok
ORD04025,2024-04-20,CST0625,STR003,PRD0008,Sandal Kulit Handmade,Fashion & Pakaian,1,147200.0,10.0,14700.0,132500.0,COD,processing,Depok
ORD01138,2023-07-20,CST0642,STR037,PRD0049,Matras Yoga 6mm,Olahraga & Outdoor,2,171600.0,10.0,34300.0,308900.0,Alfamart,delivered,Depok
ORD03633,2023-05-02,CST0146,STR008,PRD0051,Topi Running,Olahraga & Outdoor,2,50000.0,0.0,0.0,100100.0,OVO,returned,Palembang
ORD04961,2024-04-28,CST0066,STR047,PRD0029,Lampu LED Ring Light,Elektronik & Aksesori,1,182000.0,5.0,9100.0,172900.0,GoPay,cancelled,Makassar
ORD03687,2024-05-19,CST0385,STR041,PRD0049,Matras Yoga 6mm,Olahraga & Outdoor,3,163400.0,0.0,0.0,490200.0,GoPay,returned,Semarang
ORD01347,2024-10-13,CST0894,STR042,PRD0040,Lilin Aromaterapi,Rumah Tangga,1,60600.0,10.0,6100.0,54500.0,COD,processing,Bogor
ORD02989,2024-02-17,CST0495,STR036,PRD0032,Charger Fast Charging,Elektronik & Aksesori,2,73500.0,10.0,14700.0,132200.0,GoPay,returned,Tangerang
ORD04764,2024-02-26,CST0030,STR024,PRD0050,Botol Infuser Air,Olahraga & Outdoor,1,64300.0,0.0,0.0,64300.0,Indomaret,cancelled,Bogor
ORD03541,2024-07-25,CST0992,STR049,PRD0005,Dress Casual Wanita,Fashion & Pakaian,4,168500.0,5.0,33700.0,640200.0,OVO,returned,Makassar
ORD04615,2024-11-16,CST0984,STR014,PRD0014,Madu Hutan Asli 500ml,Makanan & Minuman,1,163900.0,15.0,24600.0,139300.0,LinkAja,delivered,Makassar
ORD04644,2024-03-28,CST0774,STR040,PRD0034,Sapu Lantai Ijuk,Rumah Tangga,4,24900.0,15.0,15000.0,84800.0,,delivered,Tangerang
ORD04438,2023-06-05,CST0596,STR005,PRD0024,Parfum Roll-On Halal,Kecantikan & Perawatan,1,43100.0,10.0,4300.0,38800.0,LinkAja,delivered,Medan
ORD02300,2024-07-31,CST0882,STR045,PRD0048,Tali Skipping Premium,Olahraga & Outdoor,5,57600.0,0.0,0.0,288100.0,LinkAja,returned,Bogor
ORD02868,2023-07-25,CST0237,STR042,PRD0011,Kopi Arabika Toraja 250gr,Makanan & Minuman,1,85100.0,20.0,17000.0,68100.0,Dana,cancelled,Bogor
ORD02603,2024-02-16,CST0456,STR016,PRD0005,Dress Casual Wanita,Fashion & Pakaian,2,184100.0,15.0,55200.0,313000.0,LinkAja,processing,Medan
ORD02423,2023-12-03,CST0250,STR038,PRD0013,Snack Box Mix,Makanan & Minuman,3,46500.0,,0.0,139400.0,ShopeePay,delivered,Semarang
ORD04685,2024-03-04,CST0871,STR008,PRD0050,Botol Infuser Air,Olahraga & Outdoor,10,59500.0,,119000.0,476200.0,Transfer BCA,returned,Palembang
ORD04611,2024-06-09,CST0297,STR025,PRD0056,Topeng Kayu Dekorasi,Kerajinan & Souvenir,1,105700.0,5.0,5300.0,100500.0,LinkAja,processing,Tangerang
ORD00082,2024-08-19,CST0241,STR009,PRD0041,Baju Bayi Newborn Set,Perlengkapan Bayi & Anak,5,135200.0,0.0,0.0,675900.0,GoPay,delivered,Medan
ORD01973,2024-03-06,CST0156,STR028,PRD0032,Charger Fast Charging,Elektronik & Aksesori,1,69900.0,10.0,7000.0,62900.0,Dana,delivered,Palembang
ORD01715,2024-09-19,CST0744,STR032,PRD0024,Parfum Roll-On Halal,Kecantikan & Perawatan,4,38200.0,0.0,0.0,152800.0,QRIS,returned,Bogor
ORD02457,2024-12-26,CST0570,STR039,PRD0014,Madu Hutan Asli 500ml,Makanan & Minuman,1,187300.0,25.0,46800.0,140400.0,ShopeePay,delivered,Bandung
ORD03196,2023-04-24,CST0425,STR001,PRD0026,Kabel Data Type-C 1m,Elektronik & Aksesori,5,43900.0,15.0,32900.0,186500.0,GoPay,cancelled,Surabaya
ORD01947,2023-01-04,CST0026,STR049,PRD0031,Casing HP Anti Crack,Elektronik & Aksesori,5,28900.0,10.0,14400.0,130000.0,linkaja,delivered,Makassar
ORD02927,2023-02-15,CST0595,STR041,PRD0033,Tempat Makan Tupperware KW,Rumah Tangga,2,52200.0,10.0,10400.0,93900.0,Indomaret,returned,Semarang
ORD04461,2024-05-05,CST0082,STR015,PRD0016,Rendang Kemasan Vacuum,Makanan & Minuman,5,131300.0,0.0,0.0,656500.0,GoPay,processing,Jakarta
ORD01611,2024-12-11,CST0124,STR019,PRD0004,Celana Chino Pria,Fashion & Pakaian,4,156200.0,10.0,62500.0,562500.0,,processing,Surabaya
ORD04712,2023-03-05,CST0208,STR022,PRD0047,Kaos Olahraga Dryfit,Olahraga & Outdoor,2,74100.0,10.0,14800.0,133400.0,COD,processing,Jakarta
ORD04274,2024-11-11,CST0835,STR027,PRD0017,Skincare Serum Vit C Lokal,Kecantikan & Perawatan,1,106900.0,10.0,10700.0,96200.0,Transfer BCA,processing,Depok
ORD02859,2024-12-30,CST0667,STR029,PRD0006,Jaket Bomber,Fashion & Pakaian,4,281200.0,0.0,0.0,1124800.0,COD,delivered,Bandung
ORD05481,2024-10-29,CST0366,STR007,PRD0028,Holder HP Mobil,Elektronik & Aksesori,10,64400.0,10.0,64400.0,580000.0,COD,cancelled,Bogor
ORD04329,2024-04-28,CST0905,STR014,PRD0049,Matras Yoga 6mm,Olahraga & Outdoor,3,146700.0,,0.0,440000.0,LinkAja,returned,Makassar
ORD00666,2023-05-14,CST0783,STR035,PRD0031,Casing HP Anti Crack,Elektronik & Aksesori,4,30400.0,15.0,18200.0,103200.0,Indomaret,cancelled,Surabaya
ORD02195,2023-02-01,CST0119,STR002,PRD0033,Tempat Makan Tupperware KW,Rumah Tangga,3,49800.0,15.0,22400.0,127000.0,Dana,processing,Medan
ORD03675,2023-05-01,CST0534,STR009,PRD0012,Teh Herbal Jahe Merah,Makanan & Minuman,2,45400.0,0.0,0.0,90900.0,Transfer Mandiri,returned,Medan
ORD04776,2024-04-01,CST0595,STR039,PRD0026,Kabel Data Type-C 1m,Elektronik & Aksesori,4,44600.0,,17800.0,160600.0,COD,returned,Bandung
ORD01018,2024-08-10,CST0807,STR027,PRD0031,Casing HP Anti Crack,Elektronik & Aksesori,4,31000.0,10.0,12400.0,111700.0,Transfer BCA,delivered,Depok
ORD00558,2024-09-13,CST0363,STR013,PRD0056,Topeng Kayu Dekorasi,Kerajinan & Souvenir,1,111700.0,5.0,5600.0,106100.0,,delivered,Depok
ORD04814,2023-05-13,CST0367,STR005,PRD0051,Topi Running,Olahraga & Outdoor,4,52900.0,5.0,10600.0,201200.0,Indomaret,processing,Medan
ORD05425,2024-10-21,CST0591,STR012,PRD0030,Mouse Wireless USB,Elektronik & Aksesori,2,90500.0,20.0,36200.0,144700.0,Alfamart,processing,Depok
ORD01208,2024-11-13,CST0217,STR041,PRD0030,Mouse Wireless USB,Elektronik & Aksesori,1,865000.0,5.0,4300.0,82200.0,,delivered,Semarang
ORD02526,2023-05-02,CST0511,STR010,PRD0030,Mouse Wireless USB,Elektronik & Aksesori,1,91000.0,20.0,18200.0,72800.0,ShopeePay,cancelled,Palembang
ORD02665,2023-01-19,CST0559,STR011,PRD0012,Teh Herbal Jahe Merah,Makanan & Minuman,1,41400.0,0.0,0.0,41400.0,GoPay,delivered,Bogor
ORD01511,2023-06-14,CST0795,STR016,PRD0002,Kaos Polos Cotton Combed,Fashion & Pakaian,3,523000.0,20.0,31400.0,125500.0,ShopeePay,cancelled,Medan
ORD03922,2023-06-20,CST0726,STR003,PRD0007,Sepatu Sneakers Lokal,Fashion & Pakaian,3,260900.0,0.0,0.0,782700.0,Transfer BRI,delivered,Depok
ORD04011,2023-02-07,CST0658,STR044,PRD0011,Kopi Arabika Toraja 250gr,Makanan & Minuman,3,75700.0,10.0,22700.0,204300.0,GoPay,delivered,Tangerang
ORD00267,2023-04-17,CST0620,STR045,PRD0029,Lampu LED Ring Light,Elektronik & Aksesori,3,187600.0,0.0,0.0,562800.0,GoPay,cancelled,Bogor
ORD05298,2024-07-13,CST0977,STR041,PRD0012,Teh Herbal Jahe Merah,Makanan & Minuman,1,43400.0,25.0,10800.0,32500.0,GoPay,delivered,Semarang
ORD03608,2023-03-21,CST0629,STR016,PRD0005,Dress Casual Wanita,Fashion & Pakaian,2,166500.0,0.0,0.0,333000.0,COD,delivered,Medan
ORD02112,2024-09-12,CST0108,STR028,PRD0011,Kopi Arabika Toraja 250gr,Makanan & Minuman,4,82900.0,25.0,82900.0,248800.0,QRIS,processing,Palembang
ORD02593,2024-06-11,CST0360,STR006,PRD0012,Teh Herbal Jahe Merah,Makanan & Minuman,4,43000.0,20.0,34400.0,137700.0,COD,processing,Depok
ORD01910,2024-09-19,CST0252,STR014,PRD0008,Sandal Kulit Handmade,Fashion & Pakaian,1,141000.0,10.0,14100.0,126900.0,LinkAja,delivered,Makassar
ORD02733,2024-07-07,CST0501,STR022,PRD0048,Tali Skipping Premium,Olahraga & Outdoor,1,51500.0,25.0,12900.0,38600.0,QRIS,processing,Jakarta
ORD04782,2023-03-07,CST0968,STR019,PRD0052,Gelang Batok Kelapa,Kerajinan & Souvenir,10,25600.0,0.0,0.0,256500.0,,returned,Surabaya
ORD04372,2023-12-13,CST0739,STR022,PRD0055,Gantungan Kunci Batik,Kerajinan & Souvenir,3,11900.0,0.0,0.0,35700.0,Indomaret,delivered,Jakarta
ORD03519,2024-08-11,CST0770,STR033,PRD0046,Botol Susu Anti-Kolik,Perlengkapan Bayi & Anak,4,90700.0,10.0,36300.0,326500.0,ShopeePay,cancelled,Depok
ORD04774,2023-09-26,CST0667,STR043,PRD0021,Sunscreen SPF50 Lokal,Kecantikan & Perawatan,2,89500.0,5.0,9000.0,170100.0,COD,delivered,Surabaya
ORD01785,2023-02-10,CST0395,STR027,PRD0021,Sunscreen SPF50 Lokal,Kecantikan & Perawatan,1,87400.0,0.0,0.0,87400.0,Dana,delivered,Depok
ORD01238,2024-02-28,CST0602,STR024,PRD0056,Topeng Kayu Dekorasi,Kerajinan & Souvenir,1,114700.0,20.0,22900.0,91800.0,,delivered,Bogor
ORD04898,2023-09-04,CST0567,STR044,PRD0016,Rendang Kemasan Vacuum,Makanan & Minuman,2,114900.0,,23000.0,206900.0,,delivered,Tangerang
ORD03000,2024-09-10,CST0835,STR005,PRD0018,Masker Wajah Clay BPOM,Kecantikan & Perawatan,2,51400.0,0.0,0.0,102700.0,COD,delivered,Medan
ORD02187,2023-01-27,CST0844,STR044,PRD0004,Celana Chino Pria,Fashion & Pakaian,5,162800.0,0.0,0.0,814100.0,OVO,returned,Tangerang
ORD03236,2024-09-04,CST0578,STR001,PRD0036,Gantungan Baju Kayu,Rumah Tangga,4,18300.0,5.0,3700.0,69700.0,ShopeePay,returned,Surabaya
ORD00909,2024-07-03,CST0920,STR020,PRD0030,Mouse Wireless USB,Elektronik & Aksesori,4,91700.0,5.0,18300.0,348300.0,Transfer BRI,returned,Bandung
ORD01304,2023-11-14,CST0514,STR009,PRD0025,Powerbank 10000mAh,Elektronik & Aksesori,1,136700.0,0.0,0.0,136700.0,Dana,returned,Medan
ORD05119,2024-04-19,CST0989,STR003,PRD0037,Botol Minum Tumbler,Rumah Tangga,2,86300.0,15.0,25900.0,146700.0,ShopeePay,processing,Depok
ORD01628,2024-07-08,CST0770,STR027,PRD0002,Kaos Polos Cotton Combed,Fashion & Pakaian,4,54000.0,0.0,0.0,216000.0,Indomaret,delivered,Depok
ORD01523,2023-10-10,CST0514,STR041,PRD0010,Sambal Bawang Homemade,Makanan & Minuman,5,354000.0,0.0,0.0,176800.0,Indomaret,delivered,Semarang
ORD00836,2024-03-17,CST0750,STR011,PRD0012,Teh Herbal Jahe Merah,Makanan & Minuman,2,38600.0,5.0,3900.0,73400.0,Dana,cancelled,Bogor
ORD00359,2024-12-15,CST0878,STR023,PRD0010,Sambal Bawang Homemade,Makanan & Minuman,2,34000.0,20.0,13600.0,54500.0,Dana,delivered,Palembang
ORD00139,2023-08-27,CST0430,STR021,PRD0053,Tas Anyaman Pandan,Kerajinan & Souvenir,3,107400.0,0.0,0.0,322200.0,GoPay,cancelled,Depok
ORD00300,2024-10-04,CST0751,STR045,PRD0050,Botol Infuser Air,Olahraga & Outdoor,1,61300.0,10.0,6100.0,55200.0,Dana,cancelled,Bogor
ORD01557,2023-12-23,CST0324,STR004,PRD0041,Baju Bayi Newborn Set,Perlengkapan Bayi & Anak,3,138200.0,5.0,20700.0,393900.0,ShopeePay,cancelled,Jakarta
ORD01004,2023-12-02,CST0530,STR007,PRD0051,Topi Running,Olahraga & Outdoor,1,45700.0,10.0,4600.0,41100.0,Dana,delivered,Bogor
ORD00383,2024-01-22,CST0760,STR025,PRD0032,Charger Fast Charging,Elektronik & Aksesori,2,702000.0,25.0,35100.0,105200.0,Transfer BCA,delivered,Tangerang
ORD02459,2023-10-03,CST0542,STR007,PRD0052,Gelang Batok Kelapa,Kerajinan & Souvenir,3,25100.0,5.0,3800.0,71600.0,gopay,delivered,Bogor
ORD00762,2024-01-26,CST0920,STR029,PRD0030,Mouse Wireless USB,Elektronik & Aksesori,3,98800.0,20.0,59300.0,237200.0,Transfer BRI,delivered,Bandung
ORD05347,2023-10-24,CST0035,STR044,PRD0015,Dodol Garut Premium,Makanan & Minuman,1,48800.0,5.0,2400.0,46300.0,ShopeePay,delivered,Tangerang
ORD04477,2024-03-01,CST0307,STR041,PRD0037,Botol Minum Tumbler,Rumah Tangga,1,80900.0,5.0,4000.0,76900.0,Dana,delivered,Semarang
ORD02751,2023-09-18,CST0799,STR033,PRD0024,Parfum Roll-On Halal,Kecantikan & Perawatan,1,42400.0,0.0,0.0,42400.0,GoPay,delivered,Depok
ORD04537,2023-08-27,CST0095,STR034,PRD0039,Keranjang Rotan Mini,Rumah Tangga,3,119000.0,10.0,35700.0,321300.0,Alfamart,cancelled,Depok
ORD01403,2023-12-19,CST0938,STR017,PRD0022,Body Lotion Bengkoang,Kecantikan & Perawatan,2,53900.0,5.0,5400.0,102300.0,COD,delivered,Tangerang
ORD03830,2023-09-06,CST0597,STR049,PRD0038,Talenan Kayu Jati,Rumah Tangga,10,91900.0,20.0,183900.0,735400.0,Indomaret,cancelled,Makassar
ORD04820,2024-12-18,CST0363,STR019,PRD0008,Sandal Kulit Handmade,Fashion & Pakaian,3,167800.0,15.0,75500.0,428000.0,Transfer Mandiri,processing,Surabaya
ORD01933,2023-12-07,CST0724,STR012,PRD0049,Matras Yoga 6mm,Olahraga & Outdoor,1,163300.0,20.0,32700.0,130700.0,OVO,cancelled,Depok
ORD02553,2023-05-10,CST0028,STR023,PRD0015,Dodol Garut Premium,Makanan & Minuman,1,44800.0,0.0,0.0,44800.0,,delivered,Palembang
ORD04472,2023-09-12,CST0228,STR039,PRD0037,Botol Minum Tumbler,Rumah Tangga,5,77800.0,0.0,0.0,389200.0,Indomaret,processing,Bandung
ORD04798,2024-06-18,CST0887,STR006,PRD0022,Body Lotion Bengkoang,Kecantikan & Perawatan,1,49300.0,,9900.0,39500.0,Indomaret,returned,Depok
ORD02489,2024-04-19,CST0212,STR025,PRD0018,Masker Wajah Clay BPOM,Kecantikan & Perawatan,4,48700.0,15.0,29200.0,165700.0,OVO,delivered,Tangerang
ORD04920,2024-01-05,CST0455,STR040,PRD0044,Sepatu Anak Velcro,Perlengkapan Bayi & Anak,1,88200.0,0.0,0.0,88200.0,Alfamart,delivered,Tangerang
ORD00059,2024-04-16,CST0410,STR033,PRD0028,Holder HP Mobil,Elektronik & Aksesori,1,55400.0,0.0,0.0,55400.0,QRIS,delivered,Depok
ORD00077,2023-06-09,CST0621,STR023,PRD0017,Skincare Serum Vit C Lokal,Kecantikan & Perawatan,3,115000.0,0.0,0.0,345100.0,GoPay,delivered,Palembang
ORD00797,2023-05-08,CST0396,STR036,PRD0043,Tas Sekolah Anak SD,Perlengkapan Bayi & Anak,2,110800.0,5.0,11100.0,210600.0,Transfer BRI,processing,Tangerang
ORD02982,2023-07-26,CST0510,STR004,PRD0017,Skincare Serum Vit C Lokal,Kecantikan & Perawatan,1,117300.0,10.0,11700.0,105500.0,ShopeePay,delivered,Jakarta
ORD04083,2024-06-08,CST0279,STR012,PRD0030,Mouse Wireless USB,Elektronik & Aksesori,1,85100.0,15.0,12800.0,72400.0,gopay,delivered,Depok
ORD00786,2023-04-02,CST0967,STR031,PRD0047,Kaos Olahraga Dryfit,Olahraga & Outdoor,3,84900.0,10.0,25500.0,229300.0,LinkAja,processing,Palembang
ORD04293,2023-07-20,CST0266,STR028,PRD0031,Casing HP Anti Crack,Elektronik & Aksesori,1,31400.0,10.0,3100.0,28200.0,LinkAja,cancelled,Palembang
ORD03185,2023-06-26,CST0581,STR028,PRD0034,Sapu Lantai Ijuk,Rumah Tangga,2,24300.0,10.0,4900.0,43700.0,Dana,processing,Palembang
ORD02218,2024-08-28,CST0265,STR048,PRD0022,Body Lotion Bengkoang,Kecantikan & Perawatan,2,53600.0,10.0,10700.0,96500.0,Dana,cancelled,Surabaya
ORD04691,2023-10-31,CST0496,STR047,PRD0046,Botol Susu Anti-Kolik,Perlengkapan Bayi & Anak,1,100800.0,0.0,0.0,100800.0,Indomaret,delivered,Makassar
ORD02322,2023-01-21,CST0940,STR011,PRD0007,Sepatu Sneakers Lokal,Fashion & Pakaian,3,261200.0,0.0,0.0,783600.0,COD,delivered,Bogor
ORD03095,2024-01-06,CST0775,STR039,PRD0042,Mainan Edukasi Kayu,Perlengkapan Bayi & Anak,1,759000.0,10.0,7600.0,68300.0,COD,processing,Bandung
ORD03451,2023-11-29,CST0563,STR019,PRD0041,Baju Bayi Newborn Set,Perlengkapan Bayi & Anak,1,126200.0,0.0,0.0,126200.0,LinkAja,delivered,Surabaya
ORD04332,2024-08-23,CST0720,STR040,PRD0013,Snack Box Mix,Makanan & Minuman,1,52800.0,5.0,2600.0,50200.0,ShopeePay,delivered,Tangerang
ORD00911,2024-01-06,CST0982,STR014,PRD0040,Lilin Aromaterapi,Rumah Tangga,1,71600.0,0.0,0.0,71600.0,COD,cancelled,Makassar
ORD02173,2023-07-04,CST0199,STR036,PRD0039,Keranjang Rotan Mini,Rumah Tangga,1,115200.0,10.0,11500.0,103700.0,,cancelled,Tangerang
ORD03106,2024-09-13,CST0404,STR041,PRD0051,Topi Running,Olahraga & Outdoor,1,53400.0,10.0,5300.0,48000.0,LinkAja,returned,Semarang
ORD02310,2024-04-08,CST0687,STR028,PRD0018,Masker Wajah Clay BPOM,Kecantikan & Perawatan,1,48200.0,10.0,4800.0,43400.0,Transfer BCA,delivered,Palembang
ORD05258,2023-10-22,CST0648,STR050,PRD0006,Jaket Bomber,Fashion & Pakaian,3,287900.0,5.0,43200.0,820600.0,Transfer Mandiri,cancelled,Medan
ORD01258,17/12/2024,CST0665,STR043,PRD0026,Kabel Data Type-C 1m,Elektronik & Aksesori,1,38900.0,0.0,0.0,38900.0,COD,processing,Surabaya
ORD04232,2023-06-19,CST0867,STR044,PRD0038,Talenan Kayu Jati,Rumah Tangga,1,91300.0,5.0,4600.0,86700.0,LinkAja,returned,Tangerang
ORD03154,2024-02-07,CST0327,STR003,PRD0043,Tas Sekolah Anak SD,Perlengkapan Bayi & Anak,1,121900.0,10.0,12200.0,109700.0,Dana,delivered,Depok
ORD01179,2023-01-27,CST0986,STR025,PRD0052,Gelang Batok Kelapa,Kerajinan & Souvenir,1,23900.0,0.0,0.0,23900.0,Alfamart,processing,Tangerang
ORD04410,2023-04-13,CST0511,STR022,PRD0055,Gantungan Kunci Batik,Kerajinan & Souvenir,3,11900.0,0.0,0.0,35600.0,,delivered,Jakarta
ORD04923,2024-12-08,CST0938,STR003,PRD0029,Lampu LED Ring Light,Elektronik & Aksesori,2,183800.0,20.0,73500.0,294100.0,Transfer BCA,processing,Depok
ORD00443,2023-09-20,CST0460,STR008,PRD0027,Earphone Bluetooth TWS,Elektronik & Aksesori,1,149300.0,0.0,0.0,149300.0,,cancelled,Palembang
ORD03593,2024-02-19,CST0423,STR036,PRD0018,Masker Wajah Clay BPOM,Kecantikan & Perawatan,4,48600.0,10.0,19400.0,174900.0,Transfer BRI,cancelled,Tangerang
ORD04519,2024-10-04,CST0837,STR025,PRD0025,Powerbank 10000mAh,Elektronik & Aksesori,2,142100.0,5.0,14200.0,270000.0,GoPay,returned,Tangerang
ORD02906,2023-05-06,CST0298,STR039,PRD0008,Sandal Kulit Handmade,Fashion & Pakaian,1,148700.0,15.0,22300.0,126400.0,,delivered,Bandung
ORD05352,2023-10-18,CST0745,STR049,PRD0016,Rendang Kemasan Vacuum,Makanan & Minuman,1,128800.0,5.0,6400.0,122300.0,ShopeePay,delivered,Makassar
ORD01055,2024-11-28,CST0313,STR027,PRD0049,Matras Yoga 6mm,Olahraga & Outdoor,1,151000.0,15.0,22700.0,128400.0,Dana,delivered,Depok
ORD02352,2023-09-22,CST0715,STR005,PRD0001,Batik Tulis Premium,Fashion & Pakaian,5,290700.0,5.0,72700.0,1380900.0,OVO,delivered,Medan
ORD04305,2023-05-14,CST0733,STR013,PRD0017,Skincare Serum Vit C Lokal,Kecantikan & Perawatan,1,111100.0,0.0,0.0,111100.0,QRIS,cancelled,Depok
ORD02681,2024-02-15,CST0890,STR018,PRD0016,Rendang Kemasan Vacuum,Makanan & Minuman,1,124900.0,5.0,6200.0,118700.0,LinkAja,delivered,Makassar
ORD01416,2023-07-21,CST0481,STR044,PRD0035,Lap Microfiber Set 3pcs,Rumah Tangga,2,31800.0,5.0,3200.0,60400.0,OVO,returned,Tangerang
ORD03857,2024-11-04,CST0839,STR017,PRD0042,Mainan Edukasi Kayu,Perlengkapan Bayi & Anak,2,84200.0,0.0,0.0,168400.0,,cancelled,Tangerang
ORD02618,2023-05-26,CST0250,STR032,PRD0032,Charger Fast Charging,Elektronik & Aksesori,5,66400.0,10.0,33200.0,298800.0,Transfer Mandiri,delivered,Bogor
ORD03856,2024-05-05,CST0371,STR003,PRD0014,Madu Hutan Asli 500ml,Makanan & Minuman,3,162400.0,5.0,24400.0,462800.0,Transfer BRI,delivered,Depok
ORD03807,2024-05-10,CST0520,STR021,PRD0017,Skincare Serum Vit C Lokal,Kecantikan & Perawatan,3,107100.0,20.0,64300.0,257200.0,OVO,delivered,Depok
ORD01503,2023-06-05,CST0285,STR023,PRD0027,Earphone Bluetooth TWS,Elektronik & Aksesori,2,148500.0,0.0,0.0,297100.0,COD,delivered,Palembang
ORD02742,2024-01-30,CST0714,STR048,PRD0021,Sunscreen SPF50 Lokal,Kecantikan & Perawatan,1,90800.0,10.0,9100.0,81800.0,COD,processing,Surabaya
ORD03397,2024-12-24,CST0080,STR025,PRD0037,Botol Minum Tumbler,Rumah Tangga,2,84100.0,15.0,25200.0,143000.0,Dana,delivered,Tangerang
ORD02012,2024-02-27,CST0102,STR007,PRD0034,Sapu Lantai Ijuk,Rumah Tangga,2,27000.0,0.0,0.0,54000.0,COD,cancelled,Bogor
ORD04255,2023-04-09,CST0755,STR004,PRD0005,Dress Casual Wanita,Fashion & Pakaian,1,186900.0,10.0,18700.0,168200.0,Transfer Mandiri,processing,Jakarta
ORD04986,2023-02-24,CST0959,STR024,PRD0055,Gantungan Kunci Batik,Kerajinan & Souvenir,1,13200.0,0.0,0.0,13200.0,Indomaret,delivered,Bogor
ORD04526,2023-11-26,CST0887,STR014,PRD0012,Teh Herbal Jahe Merah,Makanan & Minuman,1,38200.0,20.0,7600.0,30600.0,GoPay,delivered,Makassar
ORD04242,2023-02-18,CST0030,STR022,PRD0004,Celana Chino Pria,Fashion & Pakaian,1,178400.0,10.0,17800.0,160600.0,,cancelled,Jakarta
ORD00007,2023-11-07,CST0925,STR045,PRD0010,Sambal Bawang Homemade,Makanan & Minuman,1,34600.0,10.0,3500.0,31100.0,Dana,delivered,Bogor
ORD00679,2024-02-11,CST0370,STR014,PRD0056,Topeng Kayu Dekorasi,Kerajinan & Souvenir,1,104600.0,10.0,10500.0,94200.0,,delivered,Makassar
ORD01944,2023-09-22,CST0990,STR049,PRD0009,Keripik Tempe Renceng,Makanan & Minuman,1,13700.0,0.0,0.0,13700.0,Dana,cancelled,Makassar
ORD04479,2023-12-12,CST0250,STR030,PRD0027,Earphone Bluetooth TWS,Elektronik & Aksesori,1,152100.0,25.0,38000.0,114100.0,LinkAja,returned,Surabaya
ORD05167,2023-03-17,CST0105,STR021,PRD0053,Tas Anyaman Pandan,Kerajinan & Souvenir,2,98400.0,10.0,19700.0,177100.0,OVO,delivered,Depok
ORD04097,2023-10-07,CST0881,STR002,PRD0022,Body Lotion Bengkoang,Kecantikan & Perawatan,3,54500.0,20.0,32700.0,130800.0,COD,processing,Medan
ORD04311,2023-01-26,CST0487,STR002,PRD0049,Matras Yoga 6mm,Olahraga & Outdoor,2,160900.0,0.0,0.0,321800.0,linkaja,returned,Medan
ORD03146,2024-01-19,CST0227,STR027,PRD0003,Hijab Voal Motif,Fashion & Pakaian,5,66300.0,0.0,0.0,331300.0,GoPay,delivered,Depok
ORD05164,2023-08-19,CST0247,STR035,PRD0024,Parfum Roll-On Halal,Kecantikan & Perawatan,3,39900.0,20.0,24000.0,95900.0,OVO,delivered,Surabaya
ORD01065,2024-05-24,CST0195,STR019,PRD0056,Topeng Kayu Dekorasi,Kerajinan & Souvenir,1,111500.0,10.0,11100.0,100300.0,Transfer BRI,delivered,Surabaya
ORD05218,2024-12-26,CST0624,STR027,PRD0011,Kopi Arabika Toraja 250gr,Makanan & Minuman,5,84000.0,15.0,63000.0,357100.0,OVO,delivered,Depok
ORD02243,2024-05-06,CST0731,STR020,PRD0013,Snack Box Mix,Makanan & Minuman,2,47100.0,25.0,23500.0,70600.0,COD,processing,Bandung
ORD01475,2024-09-02,CST0424,STR016,PRD0050,Botol Infuser Air,Olahraga & Outdoor,4,66700.0,10.0,26700.0,240000.0,Transfer BCA,returned,Medan
ORD04164,2023-02-20,CST0460,STR023,PRD0046,Botol Susu Anti-Kolik,Perlengkapan Bayi & Anak,3,93200.0,0.0,0.0,279600.0,Indomaret,processing,Palembang
ORD01890,2024-01-17,CST0900,STR041,PRD0004,Celana Chino Pria,Fashion & Pakaian,4,178600.0,0.0,0.0,714300.0,COD,returned,Semarang
ORD04544,2023-11-07,CST0121,STR007,PRD0041,Baju Bayi Newborn Set,Perlengkapan Bayi & Anak,3,139500.0,0.0,0.0,418400.0,COD,cancelled,Bogor
ORD02022,2023-10-09,CST0445,STR047,PRD0032,Charger Fast Charging,Elektronik & Aksesori,-1,76600.0,0.0,0.0,76600.0,GoPay,processing,Makassar
ORD04417,2023-12-28,CST0596,STR040,PRD0002,Kaos Polos Cotton Combed,Fashion & Pakaian,1,50300.0,15.0,7500.0,42800.0,Dana,cancelled,Tangerang
ORD03786,2023-09-26,CST0381,STR045,PRD0037,Botol Minum Tumbler,Rumah Tangga,1,91900.0,10.0,9200.0,82700.0,Dana,cancelled,Bogor
ORD02421,2023-03-16,CST0628,STR001,PRD0009,Keripik Tempe Renceng,Makanan & Minuman,4,13800.0,0.0,0.0,55400.0,COD,delivered,Surabaya
ORD01131,2023-09-27,CST0556,STR050,PRD0052,Gelang Batok Kelapa,Kerajinan & Souvenir,3,23000.0,5.0,3500.0,65600.0,ShopeePay,delivered,Medan
ORD01462,2023-08-02,CST0583,STR022,PRD0024,Parfum Roll-On Halal,Kecantikan & Perawatan,1,39200.0,25.0,9800.0,29400.0,ShopeePay,delivered,Jakarta
ORD02776,2024-02-16,CST0594,STR005,PRD0032,Charger Fast Charging,Elektronik & Aksesori,1,65400.0,10.0,6500.0,58900.0,OVO,returned,Medan
ORD05082,2023-01-14,CST0705,STR024,PRD0015,Dodol Garut Premium,Makanan & Minuman,1,47400.0,15.0,7100.0,40300.0,GoPay,returned,Bogor
ORD02918,2023-09-13,CST0023,STR017,PRD0035,Lap Microfiber Set 3pcs,Rumah Tangga,1,32300.0,0.0,0.0,32300.0,LinkAja,delivered,Tangerang
ORD02874,2024-08-01,CST0695,STR039,PRD0027,Earphone Bluetooth TWS,Elektronik & Aksesori,4,143600.0,10.0,57500.0,517100.0,ShopeePay,delivered,Bandung
ORD00223,2023-10-18,CST0780,STR021,PRD0054,Lukisan Kanvas UMKM,Kerajinan & Souvenir,1,176700.0,,17700.0,159000.0,GoPay,returned,Depok
ORD05204,2024-11-26,CST0586,STR020,PRD0055,Gantungan Kunci Batik,Kerajinan & Souvenir,4,12800.0,0.0,0.0,51200.0,ShopeePay,processing,Bandung
ORD00049,2023-07-03,CST0617,STR015,PRD0013,Snack Box Mix,Makanan & Minuman,2,49900.0,10.0,10000.0,89800.0,Indomaret,returned,Jakarta
ORD00574,2023-06-15,CST0445,STR012,PRD0038,Talenan Kayu Jati,Rumah Tangga,3,89400.0,0.0,0.0,268300.0,,processing,Depok
ORD01237,2024-02-10,CST0063,STR030,PRD0020,Lip Cream Matte Halal,Kecantikan & Perawatan,4,45000.0,15.0,27000.0,153100.0,Transfer BCA,delivered,Surabaya
ORD04271,2024-02-19,CST0853,STR007,PRD0050,Botol Infuser Air,Olahraga & Outdoor,4,67300.0,0.0,0.0,269300.0,Alfamart,processing,Bogor
ORD05439,2024-03-01,CST0111,STR009,PRD0002,Kaos Polos Cotton Combed,Fashion & Pakaian,2,53500.0,10.0,10700.0,96400.0,ShopeePay,delivered,Medan
ORD05045,2024-08-19,CST0160,STR022,PRD0028,Holder HP Mobil,Elektronik & Aksesori,1,62300.0,0.0,0.0,62300.0,OVO,delivered,Jakarta
ORD02283,2024-11-12,CST0298,STR035,PRD0016,Rendang Kemasan Vacuum,Makanan & Minuman,4,132800.0,0.0,0.0,531200.0,LinkAja,delivered,Surabaya
ORD00268,2024/06/11,CST0996,STR021,PRD0037,Botol Minum Tumbler,Rumah Tangga,1,90800.0,10.0,9100.0,81700.0,QRIS,returned,Depok
ORD01105,2023-05-23,CST0421,STR049,PRD0049,Matras Yoga 6mm,Olahraga & Outdoor,2,167400.0,0.0,0.0,334800.0,,delivered,Makassar
ORD02306,2023-04-13,CST0699,STR039,PRD0030,Mouse Wireless USB,Elektronik & Aksesori,2,89700.0,20.0,35900.0,143600.0,Transfer Mandiri,delivered,Bandung
ORD04743,2024-09-26,CST0988,STR020,PRD0038,Talenan Kayu Jati,Rumah Tangga,5,87900.0,,87900.0,351500.0,QRIS,cancelled,Bandung
ORD01936,2024-11-15,CST0998,STR006,PRD0017,Skincare Serum Vit C Lokal,Kecantikan & Perawatan,5,102700.0,0.0,0.0,513700.0,COD,delivered,Depok
ORD00387,2023-11-16,CST0123,STR046,PRD0051,Topi Running,Olahraga & Outdoor,2,53500.0,0.0,0.0,107000.0,LinkAja,delivered,Medan
ORD01702,10/03/2023,CST0423,STR017,PRD0016,Rendang Kemasan Vacuum,Makanan & Minuman,2,132800.0,15.0,39800.0,225800.0,LinkAja,processing,Tangerang
ORD03870,2024-08-19,CST0247,STR005,PRD0020,Lip Cream Matte Halal,Kecantikan & Perawatan,1,43600.0,15.0,6500.0,37000.0,QRIS,delivered,Medan
ORD05158,2024-02-11,CST0771,STR020,PRD0026,Kabel Data Type-C 1m,Elektronik & Aksesori,1,40100.0,0.0,0.0,40100.0,ShopeePay,delivered,Bandung
ORD04914,2023-04-05,CST0421,STR044,PRD0044,Sepatu Anak Velcro,Perlengkapan Bayi & Anak,2,93600.0,25.0,46800.0,140400.0,Dana,cancelled,Tangerang
ORD01564,2023-08-27,CST0979,STR039,PRD0044,Sepatu Anak Velcro,Perlengkapan Bayi & Anak,2,102000.0,20.0,40800.0,163200.0,dana,returned,Bandung
ORD03159,2024-02-10,CST0023,STR014,PRD0026,Kabel Data Type-C 1m,Elektronik & Aksesori,2,43500.0,0.0,0.0,87000.0,Transfer BCA,delivered,Makassar
ORD00210,2023-09-25,CST0220,STR020,PRD0029,Lampu LED Ring Light,Elektronik & Aksesori,3,164800.0,0.0,0.0,494500.0,COD,delivered,Bandung
ORD00910,2024-08-14,CST0693,STR028,PRD0041,Baju Bayi Newborn Set,Perlengkapan Bayi & Anak,3,142500.0,0.0,0.0,427400.0,OVO,delivered,Palembang
ORD01290,2023-04-17,CST0204,STR050,PRD0017,Skincare Serum Vit C Lokal,Kecantikan & Perawatan,1,98100.0,15.0,14700.0,83400.0,Dana,processing,Medan
ORD04239,2023-05-25,CST0186,STR001,PRD0050,Botol Infuser Air,Olahraga & Outdoor,3,66200.0,0.0,0.0,198700.0,QRIS,delivered,
ORD03405,2023-11-01,CST0003,STR032,PRD0015,Dodol Garut Premium,Makanan & Minuman,2,41600.0,5.0,4200.0,79000.0,Dana,returned,Bogor
ORD01843,2024-09-13,CST0896,STR037,PRD0017,Skincare Serum Vit C Lokal,Kecantikan & Perawatan,1,100500.0,0.0,0.0,100500.0,Alfamart,processing,Depok
ORD04590,2024-04-24,CST0753,STR011,PRD0053,Tas Anyaman Pandan,Kerajinan & Souvenir,1,96800.0,15.0,14500.0,82200.0,Transfer BRI,cancelled,Bogor
ORD03211,2023-06-22,CST0664,STR048,PRD0055,Gantungan Kunci Batik,Kerajinan & Souvenir,1,12400.0,15.0,1900.0,10500.0,ShopeePay,returned,Surabaya
ORD00959,2023-10-08,CST0523,STR032,PRD0034,Sapu Lantai Ijuk,Rumah Tangga,2,24800.0,10.0,5000.0,44700.0,Transfer BRI,returned,Bogor
ORD01794,2023-05-21,CST0730,STR045,PRD0018,Masker Wajah Clay BPOM,Kecantikan & Perawatan,1,49300.0,5.0,2500.0,46800.0,,delivered,Bogor
ORD02089,2023-01-14,CST0962,STR043,PRD0044,Sepatu Anak Velcro,Perlengkapan Bayi & Anak,1,92900.0,5.0,4600.0,88300.0,,cancelled,
ORD00332,2024-11-12,CST0594,STR005,PRD0040,Lilin Aromaterapi,Rumah Tangga,4,64400.0,5.0,12900.0,244600.0,Alfamart,processing,Medan
ORD02944,2023-04-13,CST0194,STR047,PRD0031,Casing HP Anti Crack,Elektronik & Aksesori,2,29500.0,0.0,0.0,58900.0,ShopeePay,returned,Makassar
ORD03430,2024-06-30,CST0177,STR028,PRD0051,Topi Running,Olahraga & Outdoor,4,45600.0,15.0,27400.0,155000.0,OVO,delivered,Palembang
ORD03618,2023-04-22,CST0123,STR025,PRD0008,Sandal Kulit Handmade,Fashion & Pakaian,2,161000.0,5.0,16100.0,305900.0,QRIS,processing,Tangerang
ORD01775,2024-12-18,CST0683,STR011,PRD0018,Masker Wajah Clay BPOM,Kecantikan & Perawatan,2,55700.0,10.0,11100.0,100200.0,OVO,cancelled,Bogor
ORD02971,2024-10-29,CST0945,STR003,PRD0009,Keripik Tempe Renceng,Makanan & Minuman,2,15100.0,10.0,3000.0,27200.0,GoPay,processing,Depok
ORD03367,2023-12-14,CST0980,STR043,PRD0035,Lap Microfiber Set 3pcs,Rumah Tangga,1,30300.0,20.0,6100.0,24300.0,Transfer BCA,returned,Surabaya
ORD04557,2023-04-12,CST0555,STR037,PRD0053,Tas Anyaman Pandan,Kerajinan & Souvenir,3,107500.0,0.0,0.0,322500.0,Alfamart,returned,Depok
ORD02528,2024-07-09,CST0387,STR010,PRD0042,Mainan Edukasi Kayu,Perlengkapan Bayi & Anak,1,81200.0,0.0,0.0,81200.0,ShopeePay,processing,Palembang
ORD03327,2023-02-04,CST0996,STR026,PRD0033,Tempat Makan Tupperware KW,Rumah Tangga,10,55100.0,15.0,82600.0,468000.0,Transfer BCA,delivered,Bandung
ORD02474,2024-09-15,CST0098,STR030,PRD0034,Sapu Lantai Ijuk,Rumah Tangga,3,25300.0,0.0,0.0,76000.0,LinkAja,delivered,Surabaya
ORD01711,2023-04-21,CST0142,STR006,PRD0015,Dodol Garut Premium,Makanan & Minuman,5,44900.0,0.0,0.0,224600.0,QRIS,cancelled,Depok
ORD04289,2024-06-09,CST0939,STR047,PRD0026,Kabel Data Type-C 1m,Elektronik & Aksesori,1,38700.0,10.0,3900.0,34800.0,LinkAja,cancelled,Makassar
ORD01367,2024-04-07,CST0784,STR001,PRD0047,Kaos Olahraga Dryfit,Olahraga & Outdoor,3,72300.0,10.0,21700.0,195100.0,Dana,returned,Surabaya
ORD00174,2023-10-17,CST0894,STR029,PRD0009,Keripik Tempe Renceng,Makanan & Minuman,3,14500.0,0.0,0.0,43600.0,OVO,cancelled,Bandung
ORD03568,2023-08-23,CST0780,STR006,PRD0055,Gantungan Kunci Batik,Kerajinan & Souvenir,2,12800.0,0.0,0.0,25600.0,OVO,delivered,Depok
ORD05028,2024-11-03,CST0804,STR037,PRD0009,Keripik Tempe Renceng,Makanan & Minuman,3,14600.0,5.0,2200.0,41600.0,GoPay,delivered,Depok
ORD03816,2023-10-31,CST0812,STR044,PRD0045,Buku Mewarnai + Crayon,Perlengkapan Bayi & Anak,1,32300.0,10.0,3200.0,29100.0,COD,delivered,Tangerang
ORD04895,2024-03-06,CST0529,STR039,PRD0026,Kabel Data Type-C 1m,Elektronik & Aksesori,3,45600.0,20.0,27400.0,109500.0,,delivered,Bandung
ORD01953,2024-05-05,CST0053,STR045,PRD0016,Rendang Kemasan Vacuum,Makanan & Minuman,10,132300.0,0.0,0.0,1323400.0,Transfer BCA,cancelled,Bogor
ORD03990,2024-10-21,CST0171,STR017,PRD0049,Matras Yoga 6mm,Olahraga & Outdoor,1,173900.0,0.0,0.0,173900.0,QRIS,delivered,Tangerang
ORD02037,2024-12-30,CST0035,STR007,PRD0046,Botol Susu Anti-Kolik,Perlengkapan Bayi & Anak,3,92800.0,5.0,13900.0,264400.0,COD,delivered,Bogor
ORD03427,2023-10-16,CST0292,STR018,PRD0051,Topi Running,Olahraga & Outdoor,2,52500.0,0.0,0.0,104900.0,Transfer BRI,cancelled,Makassar
ORD05251,28/12/2023,CST0138,STR015,PRD0015,Dodol Garut Premium,Makanan & Minuman,1,47800.0,0.0,0.0,47800.0,Dana,processing,Jakarta
ORD03721,2023-01-01,CST0586,STR049,PRD0025,Powerbank 10000mAh,Elektronik & Aksesori,1,138600.0,10.0,13900.0,124700.0,ShopeePay,delivered,Makassar
ORD00001,2023-10-18,CST0395,STR047,PRD0001,Batik Tulis Premium,Fashion & Pakaian,2,293000.0,5.0,29300.0,556700.0,Dana,delivered,Makassar
ORD02175,2023-04-18,CST0211,STR033,PRD0027,Earphone Bluetooth TWS,Elektronik & Aksesori,3,145000.0,0.0,0.0,435000.0,OVO,returned,Depok
ORD01357,2024-12-06,CST0657,STR012,PRD0028,Holder HP Mobil,Elektronik & Aksesori,3,57000.0,10.0,17100.0,153900.0,QRIS,cancelled,Depok
ORD04180,2023-07-18,CST0315,STR033,PRD0004,Celana Chino Pria,Fashion & Pakaian,2,149000.0,0.0,0.0,297900.0,QRIS,delivered,Depok
ORD03920,2023-07-24,CST0533,STR008,PRD0006,Jaket Bomber,Fashion & Pakaian,1,289800.0,0.0,0.0,289800.0,Dana,delivered,Palembang
ORD05080,2023-05-25,CST0674,STR047,PRD0015,Dodol Garut Premium,Makanan & Minuman,3,48300.0,15.0,21700.0,123100.0,GoPay,returned,Makassar
ORD00397,2023-11-06,CST0263,STR043,PRD0045,Buku Mewarnai + Crayon,Perlengkapan Bayi & Anak,2,30400.0,10.0,6100.0,54800.0,Transfer BCA,delivered,Surabaya
ORD04221,2023-11-03,CST0328,STR049,PRD0028,Holder HP Mobil,Elektronik & Aksesori,2,54600.0,5.0,5500.0,103700.0,Dana,processing,Makassar
ORD05254,2023-10-27,CST0986,STR014,PRD0006,Jaket Bomber,Fashion & Pakaian,1,279900.0,20.0,56000.0,223900.0,Dana,processing,Makassar
ORD01813,2024-11-29,CST0936,STR015,PRD0001,Batik Tulis Premium,Fashion & Pakaian,2,325100.0,5.0,32500.0,617700.0,Transfer Mandiri,delivered,Jakarta
ORD04480,2023-02-02,CST0279,STR009,PRD0016,Rendang Kemasan Vacuum,Makanan & Minuman,2,132000.0,0.0,0.0,264100.0,QRIS,returned,Medan
ORD03908,2023-03-08,CST0487,STR004,PRD0043,Tas Sekolah Anak SD,Perlengkapan Bayi & Anak,1,113000.0,0.0,0.0,113000.0,,processing,Jakarta
ORD00817,2024-01-23,CST0498,STR043,PRD0055,Gantungan Kunci Batik,Kerajinan & Souvenir,2,12200.0,20.0,4900.0,19500.0,Indomaret,delivered,Surabaya
ORD01573,2023-12-14,CST0488,STR047,PRD0003,Hijab Voal Motif,Fashion & Pakaian,2,57800.0,0.0,0.0,115600.0,QRIS,delivered,Makassar
ORD03711,2023-08-03,CST0428,STR026,PRD0005,Dress Casual Wanita,Fashion & Pakaian,2,187200.0,0.0,0.0,374500.0,,delivered,Bandung
ORD01801,2024-02-02,CST0080,STR046,PRD0006,Jaket Bomber,Fashion & Pakaian,2,311700.0,15.0,93500.0,529800.0,OVO,delivered,Medan
ORD02281,29-09-2024,CST0287,STR050,PRD0051,Topi Running,Olahraga & Outdoor,3,46900.0,0.0,0.0,140700.0,ShopeePay,cancelled,Medan
ORD03307,2023-10-31,CST0330,STR043,PRD0042,Mainan Edukasi Kayu,Perlengkapan Bayi & Anak,5,76900.0,20.0,76900.0,307700.0,indomaret,delivered,Surabaya
ORD04440,2023-03-31,CST0087,STR018,PRD0005,Dress Casual Wanita,Fashion & Pakaian,1,162500.0,15.0,24400.0,138100.0,GoPay,cancelled,Makassar
ORD04246,2023-10-04,CST0925,STR004,PRD0021,Sunscreen SPF50 Lokal,Kecantikan & Perawatan,2,94200.0,5.0,9400.0,179100.0,OVO,cancelled,Jakarta
ORD02895,2023-09-09,CST0933,STR030,PRD0029,Lampu LED Ring Light,Elektronik & Aksesori,2,189600.0,15.0,56900.0,322300.0,OVO,delivered,Surabaya
ORD04843,2023-10-21,CST0861,STR042,PRD0030,Mouse Wireless USB,Elektronik & Aksesori,4,94800.0,10.0,37900.0,341200.0,Dana,processing,Bogor
ORD03411,2023-06-04,CST0183,STR048,PRD0012,Teh Herbal Jahe Merah,Makanan & Minuman,5,41900.0,5.0,10500.0,199000.0,ShopeePay,delivered,Surabaya
ORD03046,2023-04-11,CST0627,STR036,PRD0034,Sapu Lantai Ijuk,Rumah Tangga,4,28200.0,0.0,0.0,112900.0,Dana,delivered,Tangerang
ORD04634,2024-06-02,CST0595,STR026,PRD0037,Botol Minum Tumbler,Rumah Tangga,3,89800.0,5.0,13500.0,256000.0,Alfamart,returned,Bandung
ORD03787,03-11-2024,CST0471,STR038,PRD0008,Sandal Kulit Handmade,Fashion & Pakaian,1,165400.0,5.0,8300.0,157100.0,COD,processing,Semarang
ORD04913,2024-11-21,CST0016,STR005,PRD0006,Jaket Bomber,Fashion & Pakaian,2,299900.0,0.0,0.0,599800.0,GoPay,delivered,Medan
ORD00555,2023-02-24,CST0832,STR013,PRD0046,Botol Susu Anti-Kolik,Perlengkapan Bayi & Anak,5,100100.0,10.0,50100.0,450600.0,COD,delivered,Depok
ORD01160,2023-02-28,CST0269,STR010,PRD0016,Rendang Kemasan Vacuum,Makanan & Minuman,4,127400.0,,101900.0,407800.0,Indomaret,delivered,Palembang
ORD01214,2023-03-22,CST0878,STR018,PRD0005,Dress Casual Wanita,Fashion & Pakaian,3,162200.0,0.0,0.0,486500.0,Dana,returned,Makassar
ORD03917,2024-08-21,CST0941,STR013,PRD0041,Baju Bayi Newborn Set,Perlengkapan Bayi & Anak,1,124100.0,5.0,6200.0,117900.0,LinkAja,delivered,Depok
ORD01326,2023-06-13,CST0945,STR015,PRD0015,Dodol Garut Premium,Makanan & Minuman,1,45100.0,,4500.0,40500.0,Alfamart,delivered,Jakarta
ORD02896,2023-12-11,CST0971,STR045,PRD0022,Body Lotion Bengkoang,Kecantikan & Perawatan,2,56900.0,0.0,0.0,113800.0,QRIS,processing,Bogor
ORD02958,2023-01-27,CST0625,STR012,PRD0044,Sepatu Anak Velcro,Perlengkapan Bayi & Anak,3,90000.0,5.0,13500.0,256600.0,ShopeePay,delivered,Depok
ORD00701,2023-01-22,CST0696,STR011,PRD0039,Keranjang Rotan Mini,Rumah Tangga,2,127500.0,0.0,0.0,255100.0,Alfamart,cancelled,Bogor
ORD05092,2024-06-30,CST0483,STR003,PRD0032,Charger Fast Charging,Elektronik & Aksesori,1,70900.0,0.0,0.0,70900.0,OVO,returned,Depok
ORD03842,2023-08-29,CST0658,STR001,PRD0029,Lampu LED Ring Light,Elektronik & Aksesori,1,171700.0,0.0,0.0,171700.0,GoPay,delivered,Surabaya
ORD04122,2023-11-20,CST0534,STR004,PRD0014,Madu Hutan Asli 500ml,makanan & minuman,1,175200.0,0.0,0.0,175200.0,COD,cancelled,Jakarta
ORD01456,2024-03-18,CST0215,STR030,PRD0043,Tas Sekolah Anak SD,Perlengkapan Bayi & Anak,4,111700.0,0.0,0.0,446700.0,QRIS,cancelled,Surabaya
ORD04699,2023-01-18,CST0774,STR001,PRD0021,Sunscreen SPF50 Lokal,Kecantikan & Perawatan,1,93500.0,0.0,0.0,93500.0,QRIS,cancelled,Surabaya
ORD02599,2023-09-09,CST0491,STR011,PRD0038,Talenan Kayu Jati,Rumah Tangga,1,83400.0,15.0,12500.0,70900.0,Alfamart,delivered,Bogor
ORD03266,2023-06-28,CST0401,STR014,PRD0031,Casing HP Anti Crack,Elektronik & Aksesori,3,33100.0,15.0,14900.0,84500.0,COD,delivered,
ORD00867,2024-05-09,CST0980,STR015,PRD0048,Tali Skipping Premium,Olahraga & Outdoor,2,60700.0,5.0,6100.0,115400.0,GoPay,delivered,Jakarta
ORD01645,2023-06-05,CST0009,STR041,PRD0054,Lukisan Kanvas UMKM,Kerajinan & Souvenir,1,179800.0,20.0,36000.0,143800.0,Transfer BRI,delivered,Semarang
ORD03976,2023-01-26,CST0103,STR045,PRD0044,Sepatu Anak Velcro,Perlengkapan Bayi & Anak,1,95100.0,5.0,4800.0,90300.0,ShopeePay,returned,Bogor
ORD03613,2023-01-20,CST0886,STR019,PRD0035,Lap Microfiber Set 3pcs,Rumah Tangga,2,30000.0,10.0,6000.0,53900.0,QRIS,delivered,Surabaya
ORD03556,2023-01-03,CST0043,STR008,PRD0004,Celana Chino Pria,Fashion & Pakaian,10,171900.0,0.0,0.0,1719300.0,OVO,processing,Palembang
ORD01491,2024-01-30,CST0316,STR033,PRD0002,Kaos Polos Cotton Combed,Fashion & Pakaian,2,52200.0,25.0,26100.0,78300.0,GoPay,delivered,Depok
ORD03958,2023-09-07,CST0714,STR043,PRD0054,Lukisan Kanvas UMKM,Kerajinan & Souvenir,1,189300.0,0.0,0.0,189300.0,LinkAja,delivered,Surabaya
ORD00730,2024-05-27,CST0897,STR035,PRD0045,Buku Mewarnai + Crayon,Perlengkapan Bayi & Anak,5,32600.0,0.0,0.0,163000.0,LinkAja,processing,Surabaya
ORD05395,2023-07-21,CST0418,STR017,PRD0053,Tas Anyaman Pandan,Kerajinan & Souvenir,10,98400.0,5.0,49200.0,934700.0,Dana,returned,Tangerang
ORD03090,2023-12-16,CST0456,STR012,PRD0039,Keranjang Rotan Mini,Rumah Tangga,1,110800.0,15.0,16600.0,94200.0,Indomaret,delivered,Depok
ORD01937,2023-02-11,CST0281,STR003,PRD0011,Kopi Arabika Toraja 250gr,Makanan & Minuman,1,87900.0,0.0,0.0,87900.0,GoPay,cancelled,Depok
ORD04113,2024-07-14,CST0163,STR009,PRD0024,Parfum Roll-On Halal,Kecantikan & Perawatan,1,45000.0,5.0,2300.0,42800.0,Alfamart,cancelled,Medan
ORD01111,2024-06-22,CST0294,STR037,PRD0029,Lampu LED Ring Light,Elektronik & Aksesori,1,180100.0,5.0,9000.0,171100.0,QRIS,delivered,Depok
ORD04560,2023-02-19,CST0383,STR048,PRD0028,Holder HP Mobil,Elektronik & Aksesori,3,62700.0,15.0,28200.0,160000.0,OVO,processing,Surabaya
ORD05257,2023-09-01,CST0285,STR003,PRD0029,Lampu LED Ring Light,Elektronik & Aksesori,5,158900.0,20.0,158900.0,635500.0,LinkAja,returned,Depok
ORD02395,2023-01-30,CST0665,STR036,PRD0024,Parfum Roll-On Halal,Kecantikan & Perawatan,2,39900.0,15.0,12000.0,67800.0,LinkAja,cancelled,Tangerang
ORD01186,2024-04-11,CST0312,STR024,PRD0013,Snack Box Mix,Makanan & Minuman,1,53800.0,10.0,5400.0,48400.0,Transfer Mandiri,processing,Bogor
ORD02008,2024-01-01,CST0439,STR024,PRD0022,Body Lotion Bengkoang,Kecantikan & Perawatan,1,52700.0,0.0,0.0,52700.0,ShopeePay,delivered,Bogor
ORD00194,2023-05-21,CST0974,STR040,PRD0048,Tali Skipping Premium,Olahraga & Outdoor,2,55200.0,5.0,5500.0,104900.0,,returned,Tangerang
ORD01516,2024-09-04,CST0237,STR042,PRD0022,Body Lotion Bengkoang,Kecantikan & Perawatan,2,54600.0,0.0,0.0,109200.0,OVO,returned,Bogor
ORD00579,2024-10-23,CST0734,STR024,PRD0013,Snack Box Mix,Makanan & Minuman,5,50400.0,0.0,0.0,251800.0,GoPay,processing,Bogor
ORD02124,2024-04-13,CST0344,STR031,PRD0037,Botol Minum Tumbler,Rumah Tangga,3,92000.0,0.0,0.0,276100.0,Transfer Mandiri,delivered,Palembang
ORD01430,2024-03-02,CST0797,STR020,PRD0054,Lukisan Kanvas UMKM,Kerajinan & Souvenir,3,185400.0,20.0,111200.0,444900.0,Transfer Mandiri,delivered,Bandung
ORD00772,2023-10-26,CST0129,STR007,PRD0048,Tali Skipping Premium,Olahraga & Outdoor,3,54800.0,25.0,41100.0,123300.0,Transfer BCA,delivered,Bogor
ORD02396,2024-01-26,CST0422,STR001,PRD0014,Madu Hutan Asli 500ml,Makanan & Minuman,3,187700.0,0.0,0.0,563100.0,Transfer BRI,delivered,Surabaya
ORD04939,2023-12-26,CST0860,STR036,PRD0004,Celana Chino Pria,Fashion & Pakaian,3,173300.0,15.0,78000.0,441900.0,COD,delivered,Tangerang
ORD01847,2024-12-31,CST0110,STR016,PRD0029,Lampu LED Ring Light,Elektronik & Aksesori,4,169900.0,0.0,0.0,679500.0,Transfer BRI,delivered,Medan
ORD00132,2023-11-03,CST0632,STR040,PRD0044,Sepatu Anak Velcro,Perlengkapan Bayi & Anak,1,102400.0,15.0,15400.0,87000.0,Transfer BRI,returned,Tangerang
ORD00179,2023-03-21,CST0994,STR025,PRD0034,Sapu Lantai Ijuk,Rumah Tangga,3,26800.0,15.0,12100.0,68500.0,OVO,returned,Tangerang
ORD05012,2024-08-09,CST0441,STR023,PRD0003,Hijab Voal Motif,Fashion & Pakaian,3,61600.0,,9200.0,175600.0,LinkAja,returned,Palembang
ORD03366,2023-08-31,CST0167,STR012,PRD0018,Masker Wajah Clay BPOM,Kecantikan & Perawatan,2,49100.0,0.0,0.0,98200.0,QRIS,delivered,Depok
ORD03150,2023-06-16,CST0818,STR011,PRD0005,Dress Casual Wanita,Fashion & Pakaian,1,163000.0,20.0,32600.0,130400.0,QRIS,cancelled,Bogor
ORD03198,2023-12-29,CST0485,STR018,PRD0042,Mainan Edukasi Kayu,Perlengkapan Bayi & Anak,1,80600.0,0.0,0.0,80600.0,Dana,delivered,Makassar
ORD02964,2024-04-10,CST0471,STR039,PRD0002,Kaos Polos Cotton Combed,Fashion & Pakaian,1,47000.0,0.0,0.0,47000.0,Dana,delivered,Bandung
ORD04901,2024-05-17,CST0136,STR038,PRD0043,Tas Sekolah Anak SD,Perlengkapan Bayi & Anak,3,105800.0,5.0,15900.0,301500.0,OVO,cancelled,Semarang
ORD02074,2024-06-09,CST0973,STR020,PRD0021,Sunscreen SPF50 Lokal,Kecantikan & Perawatan,2,95700.0,5.0,9600.0,181800.0,GoPay,delivered,Bandung
ORD00659,2024-01-26,CST0524,STR049,PRD0039,Keranjang Rotan Mini,Rumah Tangga,1,116100.0,5.0,5800.0,110300.0,,cancelled,Makassar
ORD01897,2024-02-14,CST0292,STR031,PRD0002,Kaos Polos Cotton Combed,Fashion & Pakaian,2,47800.0,0.0,0.0,95600.0,Dana,returned,Palembang
ORD04127,2023-01-03,CST0747,STR019,PRD0044,Sepatu Anak Velcro,Perlengkapan Bayi & Anak,1,97100.0,0.0,0.0,97100.0,GoPay,processing,Surabaya
ORD02222,2024-04-05,CST0322,STR025,PRD0050,Botol Infuser Air,Olahraga & Outdoor,2,59700.0,15.0,17900.0,101500.0,Dana,cancelled,Tangerang
ORD05314,2023-11-15,CST0343,STR050,PRD0036,Gantungan Baju Kayu,Rumah Tangga,1,19900.0,0.0,0.0,19900.0,LinkAja,cancelled,Medan
ORD02380,2023-11-16,CST0081,STR043,PRD0055,Gantungan Kunci Batik,Kerajinan & Souvenir,5,12400.0,0.0,0.0,62200.0,,delivered,Surabaya
ORD03993,2023-06-10,CST0434,STR013,PRD0006,Jaket Bomber,Fashion & Pakaian,1,282500.0,0.0,0.0,282500.0,OVO,returned,Depok
ORD00343,2023-06-16,CST0813,STR013,PRD0025,Powerbank 10000mAh,Elektronik & Aksesori,1,122900.0,0.0,0.0,122900.0,ShopeePay,returned,Depok
ORD05098,2024-03-21,CST0234,STR008,PRD0019,Sabun Sirih Herbal,Kecantikan&Perawatan,1,25000.0,5.0,1200.0,23700.0,,delivered,Palembang
ORD00728,2024-12-29,CST0545,STR017,PRD0022,Body Lotion Bengkoang,Kecantikan & Perawatan,5,51900.0,5.0,13000.0,246700.0,OVO,returned,Tangerang
ORD04420,2023-02-08,CST0457,STR020,PRD0034,Sapu Lantai Ijuk,Rumah Tangga,3,26500.0,5.0,4000.0,75500.0,Transfer Mandiri,cancelled,Bandung
ORD00977,2024-09-30,CST0623,STR004,PRD0055,Gantungan Kunci Batik,Kerajinan & Souvenir,5,11800.0,5.0,2900.0,55900.0,QRIS,delivered,Jakarta
ORD05474,2024-06-13,CST0423,STR004,PRD0045,Buku Mewarnai + Crayon,Perlengkapan Bayi & Anak,1,29500.0,0.0,0.0,29500.0,Transfer BRI,returned,Jakarta
ORD03728,2023-01-28,CST0094,STR019,PRD0017,Skincare Serum Vit C Lokal,Kecantikan & Perawatan,3,100800.0,0.0,0.0,302400.0,Alfamart,processing,Surabaya
ORD01929,2023-08-05,CST0933,STR039,PRD0025,Powerbank 10000mAh,Elektronik & Aksesori,1,136100.0,15.0,20400.0,115700.0,Alfamart,returned,Bandung
ORD05235,2023-02-06,CST0293,STR019,PRD0007,Sepatu Sneakers Lokal,Fashion & Pakaian,5,275000.0,10.0,137500.0,1237500.0,Indomaret,processing,Surabaya
ORD04054,2024-03-22,CST0684,STR048,PRD0006,Jaket Bomber,Fashion & Pakaian,5,290100.0,0.0,0.0,1450300.0,Transfer BRI,delivered,Surabaya
ORD01300,2024-08-02,CST0918,STR002,PRD0032,Charger Fast Charging,Elektronik & Aksesori,5,66500.0,20.0,66500.0,266100.0,Dana,processing,Medan
ORD03746,2023-09-12,CST0051,STR038,PRD0054,Lukisan Kanvas UMKM,Kerajinan & Souvenir,2,206200.0,10.0,41200.0,371200.0,Transfer BCA,cancelled,Semarang
ORD05156,2023-01-12,CST0880,STR048,PRD0032,Charger Fast Charging,Elektronik & Aksesori,5,75200.0,0.0,0.0,376200.0,,cancelled,Surabaya
ORD00661,2023-06-25,CST0330,STR017,PRD0034,Sapu Lantai Ijuk,Rumah Tangga,1,26100.0,0.0,0.0,26100.0,Alfamart,returned,Tangerang
ORD01791,2024-06-21,CST0614,STR040,PRD0032,Charger Fast Charging,Elektronik & Aksesori,4,70400.0,5.0,14100.0,267400.0,Transfer BRI,cancelled,
ORD05075,2024-05-22,CST0407,STR021,PRD0037,Botol Minum Tumbler,Rumah Tangga,2,91100.0,0.0,0.0,182200.0,Dana,delivered,Depok
ORD03483,2023-06-06,CST0806,STR028,PRD0020,Lip Cream Matte Halal,Kecantikan & Perawatan,1,47100.0,0.0,0.0,47100.0,,cancelled,Palembang
ORD05368,2023-04-24,CST0933,STR013,PRD0052,Gelang Batok Kelapa,Kerajinan & Souvenir,2,23500.0,0.0,0.0,47100.0,ovo,processing,Depok
ORD04789,2023-11-03,CST0797,STR027,PRD0050,Botol Infuser Air,Olahraga & Outdoor,1,57000.0,15.0,8600.0,48500.0,Indomaret,delivered,Depok
ORD03823,2024-08-23,CST0473,STR036,PRD0018,Masker Wajah Clay BPOM,Kecantikan & Perawatan,1,56800.0,0.0,0.0,56800.0,Alfamart,processing,Tangerang
ORD04282,2023-05-31,CST0612,STR028,PRD0028,Holder HP Mobil,Elektronik & Aksesori,4,63000.0,15.0,37800.0,214300.0,Transfer BRI,delivered,Palembang
ORD03379,2023-11-14,CST0666,STR020,PRD0031,Casing HP Anti Crack,Elektronik & Aksesori,2,28700.0,0.0,0.0,57400.0,Transfer Mandiri,processing,Bandung
ORD05169,2024-05-15,CST0789,STR048,PRD0007,Sepatu Sneakers Lokal,Fashion & Pakaian,1,269800.0,5.0,13500.0,256300.0,Transfer Mandiri,delivered,Surabaya
ORD01086,2023-01-28,CST0817,STR025,PRD0039,Keranjang Rotan Mini,Rumah Tangga,5,116800.0,10.0,58400.0,525600.0,,delivered,Tangerang
ORD05300,2024-01-14,CST0311,STR048,PRD0048,Tali Skipping Premium,Olahraga & Outdoor,4,52600.0,0.0,0.0,210500.0,LinkAja,delivered,Surabaya
ORD03996,2024-06-17,CST0376,STR037,PRD0007,Sepatu Sneakers Lokal,Fashion & Pakaian,3,290900.0,5.0,43600.0,829000.0,LinkAja,returned,Depok
ORD01279,2023-12-30,CST0987,STR025,PRD0001,Batik Tulis Premium,Fashion & Pakaian,1,316800.0,5.0,15800.0,300900.0,QRIS,delivered,Tangerang
ORD02572,2023-06-02,CST0439,STR038,PRD0047,Kaos Olahraga Dryfit,Olahraga & Outdoor,1,73800.0,10.0,7400.0,66400.0,Transfer Mandiri,delivered,Semarang
ORD01622,2023-01-21,CST0309,STR042,PRD0032,Charger Fast Charging,Elektronik & Aksesori,2,77800.0,20.0,31100.0,124500.0,Indomaret,cancelled,Bogor
ORD03780,2023-10-20,CST0964,STR027,PRD0011,Kopi Arabika Toraja 250gr,Makanan & Minuman,1,76000.0,0.0,0.0,76000.0,LinkAja,delivered,Depok
ORD03540,2024-08-11,CST0504,STR047,PRD0010,Sambal Bawang Homemade,Makanan & Minuman,3,35000.0,10.0,10500.0,94500.0,,delivered,Makassar
ORD00068,2024-09-01,CST0498,STR001,PRD0020,Lip Cream Matte Halal,Kecantikan & Perawatan,2,43800.0,5.0,4400.0,83100.0,Transfer BRI,delivered,Surabaya
ORD04126,2024-05-27,CST0089,STR035,PRD0024,Parfum Roll-On Halal,Kecantikan & Perawatan,1,40000.0,0.0,0.0,40000.0,LinkAja,delivered,Surabaya
ORD02654,2023-02-26,CST0999,STR018,PRD0013,Snack Box Mix,Makanan & Minuman,1,51100.0,,2600.0,48500.0,OVO,delivered,Makassar
ORD02270,16/06/2023,CST0555,STR015,PRD0049,Matras Yoga 6mm,Olahraga & Outdoor,5,172000.0,5.0,43000.0,816800.0,OVO,delivered,Jakarta
ORD03833,2024-06-14,CST0192,STR008,PRD0041,Baju Bayi Newborn Set,Perlengkapan Bayi & Anak,1,131700.0,0.0,0.0,131700.0,QRIS,delivered,Palembang
ORD04422,2024-05-15,CST0020,STR025,PRD0017,Skincare Serum Vit C Lokal,Kecantikan & Perawatan,1,112700.0,0.0,0.0,112700.0,LinkAja,processing,Tangerang
ORD00821,2023-03-31,CST0839,STR033,PRD0014,Madu Hutan Asli 500ml,Makanan & Minuman,5,172700.0,0.0,0.0,863500.0,OVO,processing,Depok
ORD01227,2024-04-20,CST0631,STR006,PRD0006,Jaket Bomber,Fashion & Pakaian,5,313600.0,0.0,0.0,1568100.0,Transfer BRI,processing,Depok
ORD03882,2023-01-21,CST0778,STR048,PRD0004,Celana Chino Pria,Fashion & Pakaian,5,174100.0,15.0,130600.0,739900.0,Transfer BRI,processing,Surabaya
ORD04692,2023-09-20,CST0183,STR007,PRD0007,Sepatu Sneakers Lokal,Fashion & Pakaian,1,264400.0,20.0,52900.0,211500.0,QRIS,delivered,Bogor
ORD02368,2023-07-11,CST0814,STR050,PRD0004,Celana Chino Pria,Fashion & Pakaian,10,150000.0,0.0,0.0,1500500.0,COD,returned,Medan
ORD02679,2023-10-18,CST0363,STR011,PRD0016,Rendang Kemasan Vacuum,Makanan & Minuman,2,131200.0,0.0,0.0,262400.0,Transfer BRI,returned,Bogor
ORD03432,2024-12-17,CST0081,STR022,PRD0041,Baju Bayi Newborn Set,Perlengkapan Bayi & Anak,1,139200.0,5.0,7000.0,132300.0,Alfamart,delivered,Jakarta
ORD02513,2023-12-03,CST0130,STR011,PRD0038,Talenan Kayu Jati,Rumah Tangga,4,91800.0,5.0,18400.0,348900.0,Transfer BRI,delivered,Bogor
ORD05002,2023-08-05,CST0655,STR043,PRD0052,Gelang Batok Kelapa,Kerajinan & Souvenir,1,24600.0,0.0,0.0,24600.0,OVO,returned,Surabaya
ORD05441,2024-06-25,CST0883,STR034,PRD0048,Tali Skipping Premium,Olahraga & Outdoor,1,56200.0,10.0,5600.0,50500.0,OVO,delivered,Depok
ORD04150,2024-02-22,CST0747,STR041,PRD0047,Kaos Olahraga Dryfit,Olahraga & Outdoor,1,80100.0,10.0,8000.0,72100.0,Transfer BCA,delivered,Semarang
ORD01144,2023-02-28,CST0884,STR046,PRD0044,Sepatu Anak Velcro,Perlengkapan Bayi & Anak,1,89400.0,0.0,0.0,89400.0,,returned,Medan
ORD00398,2024-02-29,CST0769,STR022,PRD0010,Sambal Bawang Homemade,Makanan & Minuman,2,35300.0,5.0,3500.0,67000.0,COD,delivered,Jakarta
ORD04988,22-07-2023,CST0933,STR046,PRD0035,Lap Microfiber Set 3pcs,Rumah Tangga,1,34500.0,0.0,0.0,34500.0,OVO,processing,Medan
ORD04815,2023-02-07,CST0093,STR021,PRD0043,Tas Sekolah Anak SD,Perlengkapan Bayi & Anak,1,110100.0,0.0,0.0,110100.0,Transfer BCA,processing,Depok
ORD03726,2024-05-25,CST0424,STR010,PRD0052,Gelang Batok Kelapa,Kerajinan & Souvenir,2,24900.0,5.0,2500.0,47300.0,GoPay,delivered,Palembang
ORD01399,2024-12-31,CST0718,STR043,PRD0049,Matras Yoga 6mm,Olahraga & Outdoor,2,154300.0,10.0,30900.0,277800.0,Alfamart,delivered,Surabaya
ORD01660,2024-03-10,CST0941,STR034,PRD0037,Botol Minum Tumbler,Rumah Tangga,2,81900.0,20.0,32800.0,131000.0,Alfamart,delivered,Depok
ORD02221,2024-03-02,CST0285,STR037,PRD0012,Teh Herbal Jahe Merah,Makanan & Minuman,1,40500.0,10.0,4100.0,36500.0,COD,cancelled,Depok
ORD00980,2024-02-27,CST0912,STR028,PRD0046,Botol Susu Anti-Kolik,Perlengkapan Bayi & Anak,5,102500.0,15.0,76800.0,435500.0,Transfer BRI,delivered,Palembang
ORD02332,2024-12-06,CST0016,STR048,PRD0005,Dress Casual Wanita,Fashion & Pakaian,5,176800.0,5.0,44200.0,839700.0,QRIS,returned,Surabaya
ORD01299,2024-07-28,CST0358,STR046,PRD0002,Kaos Polos Cotton Combed,Fashion & Pakaian,1,47900.0,5.0,2400.0,45500.0,Alfamart,delivered,Medan
ORD02837,2023-04-10,CST0476,STR029,PRD0028,Holder HP Mobil,Elektronik & Aksesori,2,62600.0,0.0,0.0,125100.0,Transfer Mandiri,returned,Bandung
ORD00083,2023-07-25,CST0057,STR003,PRD0043,Tas Sekolah Anak SD,Perlengkapan Bayi & Anak,3,116400.0,0.0,0.0,349100.0,Indomaret,delivered,Depok
ORD02760,2024-03-13,CST0596,STR015,PRD0020,Lip Cream Matte Halal,Kecantikan & Perawatan,2,44800.0,20.0,17900.0,71700.0,QRIS,processing,Jakarta
ORD02726,2023-07-29,CST0556,STR030,PRD0038,Talenan Kayu Jati,Rumah Tangga,4,83800.0,0.0,0.0,335300.0,LinkAja,cancelled,Surabaya
ORD04386,2024-11-16,CST0581,STR038,PRD0048,Tali Skipping Premium,Olahraga & Outdoor,1,57400.0,0.0,0.0,57400.0,QRIS,delivered,Semarang
ORD04419,2023-01-11,CST0988,STR049,PRD0011,Kopi Arabika Toraja 250gr,Makanan & Minuman,1,78100.0,10.0,7800.0,70300.0,GoPay,returned,Makassar
ORD02865,2023-11-04,CST0012,STR039,PRD0056,Topeng Kayu Dekorasi,Kerajinan & Souvenir,3,119900.0,5.0,18000.0,341700.0,LinkAja,delivered,Bandung
ORD00424,2023-02-04,CST0548,STR044,PRD0042,Mainan Edukasi Kayu,Perlengkapan Bayi & Anak,1,73200.0,10.0,7300.0,65800.0,Transfer Mandiri,cancelled,Tangerang
ORD05311,2023-06-20,CST0416,STR042,PRD0005,Dress Casual Wanita,Fashion & Pakaian,3,174500.0,5.0,26200.0,497200.0,ShopeePay,cancelled,Bogor
ORD01905,2023-01-03,CST0194,STR019,PRD0008,Sandal Kulit Handmade,Fashion & Pakaian,2,140100.0,0.0,0.0,280100.0,Transfer BCA,processing,Surabaya
ORD05091,2024-03-29,CST0524,STR050,PRD0050,Botol Infuser Air,Olahraga & Outdoor,5,58500.0,15.0,43900.0,248600.0,indomaret,processing,Medan
ORD01531,18/03/2024,CST0091,STR033,PRD0040,Lilin Aromaterapi,Rumah Tangga,3,59500.0,5.0,8900.0,169600.0,GoPay,processing,Depok
ORD03886,2023-11-09,CST0601,STR010,PRD0045,Buku Mewarnai + Crayon,Perlengkapan Bayi & Anak,1,32600.0,5.0,1600.0,31000.0,Transfer BRI,processing,Palembang
ORD01566,2024-01-02,CST0531,STR031,PRD0019,Sabun Sirih Herbal,Kecantikan & Perawatan,2,27900.0,0.0,0.0,55800.0,OVO,returned,Palembang
ORD04152,2023-11-30,CST0877,STR008,PRD0033,Tempat Makan Tupperware KW,Rumah Tangga,10,51200.0,15.0,76700.0,434900.0,Alfamart,delivered,Palembang
ORD00840,2023-12-29,CST0055,STR005,PRD0027,Earphone Bluetooth TWS,Elektronik & Aksesori,3,133800.0,15.0,60200.0,341100.0,Alfamart,delivered,Medan
ORD00501,2024-10-30,CST0792,STR014,PRD0011,Kopi Arabika Toraja 250gr,Makanan & Minuman,3,87500.0,15.0,39400.0,223100.0,Dana,returned,Makassar
ORD00142,2024-10-17,CST0247,STR012,PRD0021,Sunscreen SPF50 Lokal,Kecantikan & Perawatan,1,86500.0,15.0,13000.0,73500.0,LinkAja,delivered,Depok
ORD04804,2023-04-04,CST0584,STR033,PRD0029,Lampu LED Ring Light,Elektronik & Aksesori,3,182000.0,0.0,0.0,545900.0,Alfamart,delivered,Depok
ORD01378,2023-07-13,CST0089,STR008,PRD0016,Rendang Kemasan Vacuum,Makanan & Minuman,2,129000.0,0.0,0.0,258000.0,QRIS,returned,Palembang
ORD05084,2024-07-19,CST0730,STR005,PRD0012,Teh Herbal Jahe Merah,Makanan & Minuman,4,40100.0,5.0,8000.0,152500.0,LinkAja,delivered,Medan
ORD05498,2023-12-21,CST0474,STR035,PRD0007,Sepatu Sneakers Lokal,Fashion & Pakaian,1,272000.0,15.0,40800.0,231200.0,Indomaret,delivered,Surabaya
ORD02267,2023-03-04,CST0817,STR024,PRD0024,Parfum Roll-On Halal,Kecantikan & Perawatan,3,45300.0,15.0,20400.0,115500.0,GoPay,delivered,Bogor
ORD04752,2024-04-03,CST0007,STR033,PRD0021,Sunscreen SPF50 Lokal,Kecantikan & Perawatan,1,83600.0,10.0,8400.0,75300.0,,delivered,Depok
ORD01139,2024-07-19,CST0338,STR018,PRD0048,Tali Skipping Premium,Olahraga & Outdoor,2,54900.0,,0.0,109800.0,Dana,cancelled,Makassar
ORD02258,2024-08-19,CST0926,STR023,PRD0001,Batik Tulis Premium,Fashion & Pakaian,2,296600.0,0.0,0.0,593300.0,OVO,delivered,Palembang
ORD04653,2024-08-14,CST0971,STR038,PRD0032,Charger Fast Charging,Elektronik & Aksesori,4,76900.0,,0.0,307700.0,OVO,processing,Semarang
ORD01788,2024-08-20,CST0733,STR029,PRD0023,Shampo Kemiri Organik,Kecantikan & Perawatan,4,70500.0,5.0,14100.0,267800.0,Alfamart,delivered,Bandung
ORD03207,2023-03-13,CST0730,STR004,PRD0040,Lilin Aromaterapi,Rumah Tangga,2,69900.0,0.0,0.0,139700.0,COD,cancelled,Jakarta
ORD00551,2024-09-30,CST0302,STR043,PRD0015,Dodol Garut Premium,Makanan & Minuman,2,43000.0,0.0,0.0,86000.0,COD,delivered,Surabaya
ORD03883,2024-12-28,CST0077,STR047,PRD0005,Dress Casual Wanita,Fashion & Pakaian,2,163400.0,15.0,49000.0,277800.0,Transfer Mandiri,delivered,Makassar
ORD02020,2024-03-13,CST0330,STR017,PRD0017,Skincare Serum Vit C Lokal,Kecantikan & Perawatan,3,116700.0,10.0,35000.0,315100.0,COD,processing,Tangerang
ORD00949,2024-09-27,CST0981,STR009,PRD0038,Talenan Kayu Jati,Rumah Tangga,10,80900.0,15.0,121400.0,687900.0,Alfamart,returned,Medan
ORD04802,2024-04-04,CST0150,STR036,PRD0036,Gantungan Baju Kayu,Rumah Tangga,4,19400.0,0.0,0.0,77700.0,,processing,Tangerang
ORD02749,2024-09-24,CST0456,STR005,PRD0015,Dodol Garut Premium,Makanan & Minuman,1,44100.0,,2200.0,41900.0,Alfamart,delivered,Medan
ORD00533,2024-10-04,CST0200,STR009,PRD0053,Tas Anyaman Pandan,Kerajinan & Souvenir,3,104900.0,0.0,0.0,314600.0,LinkAja,delivered,Medan
ORD05365,2023-02-27,CST0987,STR013,PRD0055,Gantungan Kunci Batik,Kerajinan & Souvenir,4,12900.0,0.0,0.0,51700.0,OVO,processing,Depok
ORD01830,2023-04-21,CST0088,STR032,PRD0034,Sapu Lantai Ijuk,Rumah Tangga,2,24700.0,15.0,7400.0,41900.0,Alfamart,processing,Bogor
ORD03650,19-03-2024,CST0788,STR035,PRD0006,Jaket Bomber,Fashion & Pakaian,5,286100.0,0.0,0.0,1430400.0,COD,delivered,Surabaya
ORD04957,2024-02-20,CST0804,STR047,PRD0020,Lip Cream Matte Halal,Kecantikan & Perawatan,2,43100.0,5.0,4300.0,81900.0,Transfer BCA,processing,Makassar
ORD04978,2024-05-05,CST0905,STR050,PRD0019,Sabun Sirih Herbal,Kecantikan & Perawatan,1,24600.0,10.0,2500.0,22200.0,ShopeePay,cancelled,Medan
ORD02981,2024-03-23,CST0751,STR022,PRD0037,Botol Minum Tumbler,Rumah Tangga,1,77200.0,5.0,3900.0,73300.0,Alfamart,returned,Jakarta
ORD01603,2023-07-14,CST0659,STR048,PRD0046,Botol Susu Anti-Kolik,Perlengkapan Bayi & Anak,4,99500.0,10.0,39800.0,358200.0,Indomaret,processing,Surabaya
ORD02239,2023-01-08,CST0753,STR010,PRD0002,Kaos Polos Cotton Combed,Fashion & Pakaian,2,50600.0,0.0,0.0,101200.0,Alfamart,delivered,Palembang
ORD00640,2023-06-10,CST0846,STR012,PRD0048,Tali Skipping Premium,Olahraga & Outdoor,5,54800.0,5.0,13700.0,260200.0,Dana,delivered,Depok
ORD05419,2023-06-25,CST0315,STR037,PRD0018,Masker Wajah Clay BPOM,Kecantikan & Perawatan,1,53700.0,0.0,0.0,53700.0,COD,cancelled,Depok
ORD00968,2023-04-10,CST0328,STR044,PRD0014,Madu Hutan Asli 500ml,Makanan & Minuman,1,184100.0,0.0,0.0,184100.0,Alfamart,returned,Tangerang
ORD04744,2023-10-03,CST0545,STR048,PRD0011,Kopi Arabika Toraja 250gr,Makanan & Minuman,2,85600.0,10.0,17100.0,154000.0,Transfer BCA,processing,Surabaya
ORD03277,2024-01-18,CST0592,STR032,PRD0048,Tali Skipping Premium,Olahraga & Outdoor,1,57200.0,5.0,2900.0,54300.0,Dana,delivered,Bogor
ORD01684,2024-04-20,CST0060,STR047,PRD0053,Tas Anyaman Pandan,Kerajinan & Souvenir,2,91700.0,10.0,18300.0,165000.0,Transfer BRI,delivered,Makassar
ORD02249,2023-08-11,CST0601,STR037,PRD0007,Sepatu Sneakers Lokal,Fashion & Pakaian,5,281600.0,20.0,281600.0,1126600.0,GoPay,delivered,Depok
ORD04718,2024-01-06,CST0515,STR008,PRD0038,Talenan Kayu Jati,Rumah Tangga,2,87600.0,5.0,8800.0,166400.0,LinkAja,cancelled,Palembang
ORD05016,2023-02-24,CST0694,STR020,PRD0025,Powerbank 10000mAh,Elektronik & Aksesori,1,140400.0,0.0,0.0,140400.0,Dana,processing,Bandung
ORD04756,2024-06-11,CST0463,STR036,PRD0006,Jaket Bomber,Fashion & Pakaian,1,330700.0,15.0,49600.0,281100.0,COD,cancelled,Tangerang
ORD00156,2024-06-20,CST0170,STR026,PRD0038,Talenan Kayu Jati,Rumah Tangga,1,85500.0,10.0,8500.0,76900.0,OVO,returned,Bandung
ORD02296,2024-08-27,CST0552,STR035,PRD0007,Sepatu Sneakers Lokal,Fashion & Pakaian,1,259400.0,0.0,0.0,259400.0,LinkAja,returned,Surabaya
ORD03110,2024-08-14,CST0575,STR005,PRD0007,Sepatu Sneakers Lokal,Fashion & Pakaian,2,251900.0,20.0,100700.0,403000.0,QRIS,cancelled,Medan
ORD04404,2023-10-28,CST0912,STR014,PRD0019,Sabun Sirih Herbal,Kecantikan & Perawatan,2,28400.0,20.0,11300.0,45400.0,Indomaret,delivered,Makassar
ORD01090,2023-12-08,CST0735,STR047,PRD0039,Keranjang Rotan Mini,Rumah Tangga,2,125900.0,5.0,12600.0,239100.0,Alfamart,delivered,Makassar
ORD04253,2024-11-01,CST0852,STR038,PRD0054,Lukisan Kanvas UMKM,Kerajinan & Souvenir,3,199000.0,5.0,29800.0,567100.0,LinkAja,delivered,Semarang
ORD02320,2023-12-05,CST0705,STR016,PRD0012,Teh Herbal Jahe Merah,Makanan & Minuman,2,38100.0,0.0,0.0,76300.0,OVO,delivered,Medan
ORD05025,2024-11-11,CST0411,STR035,PRD0008,Sandal Kulit Handmade,Fashion & Pakaian,2,149600.0,0.0,0.0,299100.0,LinkAja,delivered,Surabaya
ORD00289,2024-12-02,CST0324,STR018,PRD0012,Teh Herbal Jahe Merah,Makanan & Minuman,1,45000.0,10.0,4500.0,40500.0,GoPay,returned,Makassar
ORD00931,2024-08-01,CST0594,STR028,PRD0023,Shampo Kemiri Organik,Kecantikan & Perawatan,1,81200.0,5.0,4100.0,77100.0,GoPay,delivered,Palembang
ORD03166,2023-08-24,CST0477,STR030,PRD0016,Rendang Kemasan Vacuum,Makanan & Minuman,4,122700.0,0.0,0.0,490600.0,LinkAja,delivered,Surabaya
ORD05066,2023-03-16,CST0128,STR037,PRD0052,Gelang Batok Kelapa,Kerajinan & Souvenir,5,25100.0,0.0,0.0,125600.0,COD,delivered,Depok
ORD02835,2024-11-26,CST0961,STR028,PRD0032,Charger Fast Charging,Elektronik & Aksesori,2,73500.0,15.0,22000.0,124900.0,QRIS,delivered,Palembang
ORD05095,2024-12-30,CST0977,STR006,PRD0045,Buku Mewarnai + Crayon,Perlengkapan Bayi & Anak,1,31800.0,5.0,1600.0,30200.0,GoPay,delivered,Depok
ORD04874,2023-04-05,CST0774,STR018,PRD0055,Gantungan Kunci Batik,Kerajinan & Souvenir,2,13700.0,15.0,4100.0,23200.0,Transfer Mandiri,delivered,Makassar
ORD04946,2023-03-16,CST0323,STR030,PRD0054,Lukisan Kanvas UMKM,Kerajinan & Souvenir,5,210000.0,5.0,52500.0,997400.0,QRIS,delivered,Surabaya
ORD02697,2024-11-04,CST0160,STR006,PRD0012,Teh Herbal Jahe Merah,Makanan & Minuman,3,39300.0,0.0,0.0,117900.0,QRIS,delivered,Depok
ORD00943,2023-04-07,CST0011,STR042,PRD0056,Topeng Kayu Dekorasi,Kerajinan & Souvenir,2,102900.0,0.0,0.0,205900.0,OVO,delivered,Bogor
ORD02355,2024-01-22,CST0026,STR002,PRD0037,Botol Minum Tumbler,Rumah Tangga,1,88900.0,5.0,4400.0,84500.0,indomaret,processing,Medan
ORD04459,2023-12-25,CST0561,STR048,PRD0016,Rendang Kemasan Vacuum,Makanan & Minuman,2,130000.0,0.0,0.0,260000.0,Transfer BRI,returned,Surabaya
ORD04411,2024-04-16,CST0378,STR024,PRD0020,Lip Cream Matte Halal,Kecantikan & Perawatan,1,44600.0,0.0,0.0,44600.0,OVO,delivered,
ORD05433,2024-04-16,CST0492,STR035,PRD0056,Topeng Kayu Dekorasi,Kerajinan & Souvenir,-10,116300.0,5.0,58100.0,1104500.0,Transfer BCA,delivered,Surabaya
ORD01699,2024-12-26,CST0253,STR035,PRD0043,Tas Sekolah Anak SD,Perlengkapan Bayi & Anak,2,108100.0,15.0,32400.0,183800.0,Transfer Mandiri,returned,Surabaya
ORD05284,2024-01-20,CST0864,STR008,PRD0025,Powerbank 10000mAh,Elektronik & Aksesori,1,138600.0,20.0,27700.0,110900.0,Dana,cancelled,Palembang
ORD03698,2023-09-04,CST0147,STR026,PRD0020,Lip Cream Matte Halal,Kecantikan & Perawatan,3,51100.0,0.0,0.0,153300.0,LinkAja,returned,Bandung
ORD03131,30/07/2024,CST0360,STR049,PRD0038,Talenan Kayu Jati,Rumah Tangga,1,86700.0,20.0,17300.0,69300.0,LinkAja,delivered,Makassar
ORD03514,2023-11-27,CST0991,STR036,PRD0038,Talenan Kayu Jati,Rumah Tangga,4,83300.0,5.0,16700.0,316600.0,Transfer Mandiri,delivered,Tangerang
ORD05490,2024-12-27,CST0605,STR031,PRD0054,Lukisan Kanvas UMKM,Kerajinan & Souvenir,3,196900.0,0.0,0.0,590600.0,Dana,delivered,Palembang
ORD00986,2024-03-15,CST0579,STR044,PRD0008,Sandal Kulit Handmade,Fashion & Pakaian,1,157700.0,25.0,39400.0,118300.0,Dana,cancelled,Tangerang
ORD03468,2023/08/27,CST0190,STR048,PRD0022,Body Lotion Bengkoang,Kecantikan & Perawatan,5,51500.0,5.0,12900.0,244600.0,Dana,delivered,Surabaya
ORD03552,2023-03-10,CST0598,STR037,PRD0037,Botol Minum Tumbler,Rumah Tangga,2,89000.0,0.0,0.0,177900.0,Indomaret,cancelled,Depok
ORD02789,2023-02-28,CST0860,STR028,PRD0036,Gantungan Baju Kayu,Rumah Tangga,1,19800.0,5.0,1000.0,18800.0,,processing,Palembang
ORD05359,2024-03-23,CST0752,STR036,PRD0022,Body Lotion Bengkoang,Kecantikan & Perawatan,2,48300.0,5.0,4800.0,91900.0,Transfer BCA,cancelled,Tangerang
ORD00982,2023-11-11,CST0465,STR043,PRD0010,Sambal Bawang Homemade,Makanan & Minuman,4,36400.0,5.0,7300.0,138200.0,ShopeePay,delivered,Surabaya
ORD03115,2023-07-05,CST0896,STR043,PRD0009,Keripik Tempe Renceng,Makanan & Minuman,2,15200.0,10.0,3000.0,27400.0,Dana,cancelled,Surabaya
ORD05108,2024-01-16,CST0928,STR001,PRD0034,Sapu Lantai Ijuk,Rumah Tangga,5,23400.0,10.0,11700.0,105400.0,QRIS,delivered,Surabaya
ORD03039,2023-09-20,CST0730,STR030,PRD0047,Kaos Olahraga Dryfit,Olahraga & Outdoor,2,74400.0,20.0,29800.0,119100.0,Indomaret,processing,Surabaya
ORD03959,2023-06-02,CST0540,STR006,PRD0045,Buku Mewarnai + Crayon,Perlengkapan Bayi & Anak,1,30100.0,10.0,3000.0,27000.0,Dana,delivered,Depok
ORD03679,2024-06-06,CST0699,STR045,PRD0041,Baju Bayi Newborn Set,Perlengkapan Bayi & Anak,3,124100.0,10.0,37200.0,335100.0,LinkAja,cancelled,Bogor
ORD04261,2023-02-06,CST0897,STR016,PRD0008,Sandal Kulit Handmade,Fashion & Pakaian,5,152600.0,15.0,114400.0,648400.0,LinkAja,returned,Medan
ORD03340,31/03/2024,CST0243,STR005,PRD0003,Hijab Voal Motif,Fashion & Pakaian,2,56800.0,0.0,0.0,113600.0,Dana,returned,Medan
ORD05165,2024-12-06,CST0754,STR048,PRD0037,Botol Minum Tumbler,Rumah Tangga,2,81800.0,0.0,0.0,163700.0,Transfer BCA,processing,Surabaya
ORD01458,2024-11-21,CST0682,STR049,PRD0026,Kabel Data Type-C 1m,Elektronik & Aksesori,3,42200.0,10.0,12600.0,113800.0,ShopeePay,returned,Makassar
ORD01396,2024-12-17,CST0507,STR021,PRD0043,Tas Sekolah Anak SD,Perlengkapan Bayi & Anak,1,108900.0,0.0,0.0,108900.0,Dana,delivered,
ORD00265,2023-06-30,CST0796,STR007,PRD0007,Sepatu Sneakers Lokal,Fashion & Pakaian,1,295600.0,0.0,0.0,295600.0,Transfer BCA,delivered,Bogor
ORD02996,2024-03-11,CST0370,STR043,PRD0017,Skincare Serum Vit C Lokal,Kecantikan & Perawatan,2,102800.0,0.0,0.0,205600.0,GoPay,delivered,Surabaya
ORD00930,2024-07-18,CST0354,STR016,PRD0053,Tas Anyaman Pandan,Kerajinan & Souvenir,1,106400.0,0.0,0.0,106400.0,OVO,returned,Medan
ORD03834,25-05-2024,CST0938,STR006,PRD0041,Baju Bayi Newborn Set,Perlengkapan Bayi & Anak,3,129100.0,0.0,0.0,387300.0,,processing,Depok
ORD02848,2024-09-15,CST0561,STR036,PRD0056,Topeng Kayu Dekorasi,Kerajinan & Souvenir,1,104300.0,20.0,20900.0,83500.0,Indomaret,processing,Tangerang
ORD02401,2023-05-18,CST0790,STR046,PRD0026,Kabel Data Type-C 1m,Elektronik & Aksesori,3,42800.0,0.0,0.0,128400.0,OVO,delivered,Medan
ORD02179,2024-07-08,CST0578,STR041,PRD0020,Lip Cream Matte Halal,Kecantikan & Perawatan,1,47900.0,0.0,0.0,47900.0,Dana,delivered,Semarang
ORD03363,2023-02-15,CST0501,STR026,PRD0045,Buku Mewarnai + Crayon,Perlengkapan Bayi & Anak,1,31800.0,10.0,3200.0,28700.0,Indomaret,processing,Bandung
ORD00247,2024-11-25,CST0043,STR004,PRD0020,Lip Cream Matte Halal,Kecantikan & Perawatan,4,47800.0,10.0,19100.0,172100.0,ShopeePay,delivered,Jakarta
ORD01595,2024-01-15,CST0961,STR019,PRD0020,Lip Cream Matte Halal,Kecantikan & Perawatan,3,43400.0,0.0,0.0,130100.0,Transfer Mandiri,delivered,Surabaya
ORD01759,2023-06-18,CST0069,STR045,PRD0012,Teh Herbal Jahe Merah,Makanan & Minuman,4,40700.0,20.0,32600.0,130200.0,indomaret,delivered,Bogor
ORD05455,2024-03-22,CST0978,STR032,PRD0053,Tas Anyaman Pandan,Kerajinan & Souvenir,1,104600.0,5.0,5200.0,99400.0,Transfer BCA,delivered,Bogor
ORD04994,2024-10-30,CST0265,STR006,PRD0010,Sambal Bawang Homemade,Makanan & Minuman,2,33100.0,15.0,9900.0,56300.0,Transfer BCA,delivered,Depok
ORD00924,2024-01-22,CST0443,STR015,PRD0008,Sandal Kulit Handmade,Fashion & Pakaian,10,142800.0,0.0,0.0,1427600.0,QRIS,delivered,Jakarta
ORD05403,2023-07-29,CST0815,STR022,PRD0047,Kaos Olahraga Dryfit,Olahraga & Outdoor,1,75500.0,20.0,15100.0,60400.0,QRIS,processing,Jakarta
ORD00269,2023-11-30,CST0685,STR044,PRD0034,Sapu Lantai Ijuk,Rumah Tangga,2,27000.0,15.0,8100.0,45900.0,ShopeePay,delivered,Tangerang
ORD00670,2024-04-16,CST0079,STR018,PRD0023,Shampo Kemiri Organik,Kecantikan & Perawatan,2,67800.0,0.0,0.0,135600.0,Indomaret,cancelled,Makassar
ORD04443,2023-09-18,CST0383,STR021,PRD0031,Casing HP Anti Crack,Elektronik & Aksesori,5,34300.0,10.0,17200.0,154500.0,Transfer Mandiri,delivered,Depok
ORD01911,2024-10-20,CST0208,STR033,PRD0043,Tas Sekolah Anak SD,Perlengkapan Bayi & Anak,3,114100.0,5.0,17100.0,325300.0,ShopeePay,processing,Depok
ORD04229,2023-12-18,CST0709,STR007,PRD0013,Snack Box Mix,Makanan & Minuman,1,52000.0,5.0,2600.0,49400.0,QRIS,delivered,Bogor
ORD01153,2023-08-29,CST0949,STR041,PRD0040,Lilin Aromaterapi,Rumah Tangga,3,67300.0,5.0,10100.0,191700.0,OVO,delivered,Semarang
ORD05401,2023-11-22,CST0413,STR036,PRD0015,Dodol Garut Premium,Makanan & Minuman,5,44100.0,10.0,22100.0,198500.0,QRIS,processing,Tangerang
ORD04214,2023-02-04,CST0668,STR026,PRD0021,Sunscreen SPF50 Lokal,Kecantikan & Perawatan,1,95300.0,0.0,0.0,95300.0,LinkAja,returned,Bandung
ORD02697,2024-11-04,CST0160,STR006,PRD0012,Teh Herbal Jahe Merah,Makanan & Minuman,3,39300.0,0.0,0.0,117900.0,QRIS,delivered,Depok
ORD02592,2024-11-01,CST0130,STR027,PRD0001,Batik Tulis Premium,Fashion & Pakaian,2,304700.0,10.0,60900.0,548400.0,OVO,processing,Depok
ORD04750,2023-07-12,CST0997,STR034,PRD0043,Tas Sekolah Anak SD,Perlengkapan Bayi & Anak,1,123300.0,25.0,30800.0,92500.0,ShopeePay,cancelled,Depok
ORD01782,2024-06-02,CST0680,STR014,PRD0053,Tas Anyaman Pandan,Kerajinan & Souvenir,2,98400.0,5.0,9800.0,187000.0,Alfamart,returned,Makassar
ORD02414,2023-02-02,CST0147,STR014,PRD0038,Talenan Kayu Jati,Rumah Tangga,3,87200.0,0.0,0.0,261600.0,Transfer BCA,delivered,Makassar
ORD02308,2024-01-11,CST0356,STR025,PRD0045,Buku Mewarnai + Crayon,Perlengkapan Bayi & Anak,2,29500.0,0.0,0.0,59100.0,Alfamart,delivered,Tangerang
ORD03316,2024-12-28,CST0003,STR029,PRD0022,Body Lotion Bengkoang,Kecantikan & Perawatan,1,50200.0,0.0,0.0,50200.0,ShopeePay,cancelled,Bandung
ORD03735,2024-05-24,CST0534,STR003,PRD0035,Lap Microfiber Set 3pcs,Rumah Tangga,1,30800.0,0.0,0.0,30800.0,LinkAja,delivered,Depok
ORD01916,2023-03-02,CST0699,STR028,PRD0031,Casing HP Anti Crack,Elektronik & Aksesori,2,29200.0,0.0,0.0,58400.0,,delivered,Palembang
ORD00613,2024-08-20,CST0443,STR048,PRD0047,Kaos Olahraga Dryfit,Olahraga & Outdoor,4,83600.0,0.0,0.0,334200.0,,returned,Surabaya
ORD03606,2023-01-27,CST0522,STR035,PRD0054,Lukisan Kanvas UMKM,Kerajinan & Souvenir,2,179200.0,10.0,35800.0,322500.0,Dana,delivered,Surabaya
ORD02268,2023-01-18,CST0053,STR034,PRD0023,Shampo Kemiri Organik,Kecantikan & Perawatan,1,71500.0,20.0,14300.0,57200.0,Indomaret,delivered,Depok
ORD02534,2023-02-15,CST0844,STR035,PRD0054,Lukisan Kanvas UMKM,Kerajinan & Souvenir,3,208500.0,25.0,156400.0,469100.0,COD,delivered,Surabaya
ORD00040,2023-11-26,CST0675,STR049,PRD0032,Charger Fast Charging,Elektronik & Aksesori,1,72500.0,0.0,0.0,72500.0,Dana,delivered,Makassar
ORD01899,2024-02-20,CST0669,STR037,PRD0023,Shampo Kemiri Organik,Kecantikan & Perawatan,4,69400.0,5.0,13900.0,263800.0,GoPay,delivered,Depok
ORD01650,2024-11-18,CST0117,STR009,PRD0015,Dodol Garut Premium,Makanan & Minuman,2,48600.0,25.0,24300.0,72900.0,Transfer BCA,delivered,Medan
ORD03064,2023-07-27,CST0739,STR005,PRD0012,Teh Herbal Jahe Merah,Makanan & Minuman,3,45000.0,5.0,6700.0,128200.0,Transfer BRI,delivered,Medan
ORD00259,2023-05-10,CST0752,STR033,PRD0035,Lap Microfiber Set 3pcs,Rumah Tangga,1,33000.0,5.0,1700.0,31400.0,Transfer BRI,delivered,Depok
ORD02435,2024-09-05,CST0208,STR037,PRD0027,Earphone Bluetooth TWS,Elektronik & Aksesori,1,161600.0,0.0,0.0,161600.0,QRIS,processing,Depok
ORD00848,2024-05-12,CST0366,STR022,PRD0032,Charger Fast Charging,Elektronik & Aksesori,1,712000.0,10.0,7100.0,64100.0,Alfamart,returned,Jakarta
ORD04154,2023-12-16,CST0621,STR026,PRD0007,Sepatu Sneakers Lokal,Fashion & Pakaian,1,269200.0,10.0,26900.0,242300.0,QRIS,processing,Bandung
ORD04761,2024-06-14,CST0806,STR016,PRD0037,Botol Minum Tumbler,Rumah Tangga,1,87500.0,0.0,0.0,87500.0,COD,delivered,Medan
ORD03214,2023-05-21,CST0537,STR027,PRD0002,Kaos Polos Cotton Combed,Fashion & Pakaian,2,50000.0,0.0,0.0,100100.0,Transfer Mandiri,delivered,Depok
ORD01234,2024-09-17,CST0820,STR037,PRD0012,Teh Herbal Jahe Merah,Makanan & Minuman,1,42800.0,0.0,0.0,42800.0,Alfamart,delivered,Depok
ORD01128,2024-02-04,CST0247,STR014,PRD0038,Talenan Kayu Jati,Rumah Tangga,3,81100.0,15.0,36500.0,206800.0,LinkAja,delivered,Makassar
ORD03200,2024-11-20,CST0191,STR007,PRD0024,Parfum Roll-On Halal,Kecantikan & Perawatan,1,45800.0,15.0,6900.0,38900.0,Transfer BRI,delivered,Bogor
ORD01968,2024-09-05,CST0343,STR047,PRD0027,Earphone Bluetooth TWS,Elektronik & Aksesori,4,143800.0,0.0,0.0,575300.0,LinkAja,delivered,Makassar
ORD00559,2024-03-23,CST0252,STR005,PRD0039,Keranjang Rotan Mini,Rumah Tangga,1,107800.0,5.0,5400.0,102400.0,Transfer BRI,delivered,Medan
ORD00905,2023-04-26,CST0219,STR047,PRD0009,Keripik Tempe Renceng,Makanan & Minuman,2,15500.0,0.0,0.0,31000.0,OVO,delivered,Makassar
ORD02615,2023-02-27,CST0250,STR001,PRD0042,Mainan Edukasi Kayu,Perlengkapan Bayi & Anak,2,78200.0,,15600.0,140800.0,Transfer Mandiri,delivered,Surabaya
ORD00485,2024-05-13,CST0824,STR033,PRD0039,Keranjang Rotan Mini,Rumah Tangga,1,125700.0,10.0,12600.0,113100.0,Alfamart,processing,Depok
ORD02212,2023-04-01,CST0040,STR028,PRD0049,Matras Yoga 6mm,Olahraga & Outdoor,1,159200.0,0.0,0.0,159200.0,Transfer BCA,delivered,Palembang
ORD01321,2024-06-20,CST0374,STR016,PRD0021,Sunscreen SPF50 Lokal,Kecantikan & Perawatan,1,98400.0,10.0,9800.0,88500.0,Dana,processing,Medan
ORD02942,2024-10-30,CST0704,STR016,PRD0007,Sepatu Sneakers Lokal,Fashion & Pakaian,1,271600.0,0.0,0.0,271600.0,LinkAja,delivered,Medan
ORD02556,2023-12-28,CST0054,STR041,PRD0012,Teh Herbal Jahe Merah,Makanan & Minuman,5,42100.0,0.0,0.0,210700.0,QRIS,cancelled,Semarang
ORD00008,2023-10-21,CST0972,STR007,PRD0036,Gantungan Baju Kayu,Rumah Tangga,2,18200.0,20.0,7300.0,29100.0,Transfer Mandiri,delivered,Bogor
ORD02316,2024-09-13,CST0010,STR032,PRD0051,Topi Running,Olahraga & Outdoor,2,527000.0,20.0,21100.0,84300.0,Transfer Mandiri,delivered,Bogor
ORD05306,2023-04-12,CST0319,STR042,PRD0014,Madu Hutan Asli 500ml,Makanan & Minuman,3,172900.0,5.0,25900.0,492800.0,Transfer BRI,delivered,Bogor
ORD04102,2024-09-03,CST0203,STR039,PRD0002,Kaos Polos Cotton Combed,Fashion & Pakaian,2,46600.0,0.0,0.0,93200.0,Transfer BCA,cancelled,Bandung
ORD04573,2024-10-04,CST0717,STR014,PRD0046,Botol Susu Anti-Kolik,Perlengkapan Bayi & Anak,10,94500.0,0.0,0.0,944600.0,ShopeePay,cancelled,Makassar
ORD01451,2023-12-08,CST0529,STR037,PRD0018,Masker Wajah Clay BPOM,Kecantikan & Perawatan,2,55000.0,5.0,5500.0,104500.0,,delivered,Depok
ORD01202,2023-08-26,CST0131,STR001,PRD0051,Topi Running,Olahraga & Outdoor,1,48100.0,5.0,2400.0,45700.0,COD,returned,Surabaya
ORD02427,2023-10-21,CST0153,STR032,PRD0043,Tas Sekolah Anak SD,Perlengkapan Bayi & Anak,2,104400.0,5.0,10400.0,198400.0,Dana,delivered,Bogor
ORD02649,2024-09-14,CST0089,STR039,PRD0049,Matras Yoga 6mm,Olahraga & Outdoor,1,175800.0,0.0,0.0,175800.0,Indomaret,processing,Bandung
ORD01815,2023-03-06,CST0245,STR040,PRD0020,Lip Cream Matte Halal,Kecantikan & Perawatan,1,45400.0,0.0,0.0,45400.0,LinkAja,returned,Tangerang
ORD02727,2024-04-24,CST0112,STR017,PRD0024,Parfum Roll-On Halal,Kecantikan & Perawatan,2,43800.0,0.0,0.0,87600.0,,cancelled,Tangerang
ORD00774,2023-07-03,CST0352,STR001,PRD0035,Lap Microfiber Set 3pcs,Rumah Tangga,4,33500.0,0.0,0.0,134200.0,Indomaret,delivered,Surabaya
ORD02275,2024-09-15,CST0394,STR014,PRD0009,Keripik Tempe Renceng,Makanan & Minuman,5,13300.0,0.0,0.0,66400.0,Dana,processing,Makassar
ORD01012,2024-08-23,CST0164,STR038,PRD0017,Skincare Serum Vit C Lokal,Kecantikan & Perawatan,2,109900.0,15.0,33000.0,186900.0,COD,delivered,Semarang
ORD03524,2024-06-05,CST0285,STR045,PRD0036,Gantungan Baju Kayu,Rumah Tangga,1,20300.0,10.0,2000.0,18300.0,Alfamart,delivered,Bogor
ORD05416,2023-03-20,CST0857,STR001,PRD0014,Madu Hutan Asli 500ml,Makanan & Minuman,1,177700.0,5.0,8900.0,168800.0,GoPay,delivered,Surabaya
ORD01992,2024-05-16,CST0192,STR038,PRD0050,Botol Infuser Air,Olahraga & Outdoor,2,59600.0,0.0,0.0,119200.0,GoPay,cancelled,Semarang
ORD01278,2023-05-01,CST0436,STR032,PRD0012,Teh Herbal Jahe Merah,Makanan & Minuman,1,41100.0,10.0,4100.0,37000.0,Alfamart,cancelled,Bogor
ORD01784,2023-05-01,CST0768,STR003,PRD0041,Baju Bayi Newborn Set,Perlengkapan Bayi & Anak,3,134300.0,20.0,80600.0,322200.0,LinkAja,delivered,Depok
ORD03890,2024-03-04,CST0368,STR039,PRD0031,Casing HP Anti Crack,Elektronik & Aksesori,1,33700.0,0.0,0.0,33700.0,Alfamart,delivered,Bandung
ORD00447,2023-06-23,CST0050,STR033,PRD0055,Gantungan Kunci Batik,Kerajinan & Souvenir,2,13800.0,15.0,4100.0,23400.0,Dana,delivered,Depok
ORD00881,2024-12-05,CST0887,STR015,PRD0028,Holder HP Mobil,Elektronik & Aksesori,1,61300.0,15.0,9200.0,52100.0,indomaret,returned,Jakarta
ORD05005,2024-03-22,CST0413,STR025,PRD0010,Sambal Bawang Homemade,Makanan & Minuman,2,37100.0,,7400.0,66800.0,Transfer BRI,processing,Tangerang
ORD02728,2024-01-09,CST0043,STR029,PRD0020,Lip Cream Matte Halal,Kecantikan & Perawatan,5,43000.0,15.0,32300.0,182900.0,Dana,cancelled,Bandung
ORD00782,2023-12-31,CST0005,STR038,PRD0019,Sabun Sirih Herbal,Kecantikan & Perawatan,10,24900.0,0.0,0.0,249000.0,COD,processing,Semarang
ORD02652,2023-12-12,CST0833,STR040,PRD0044,Sepatu Anak Velcro,Perlengkapan Bayi & Anak,1,98000.0,20.0,19600.0,78400.0,,processing,Tangerang
ORD05449,2023-12-15,CST0870,STR034,PRD0009,Keripik Tempe Renceng,Makanan & Minuman,4,13600.0,10.0,5400.0,48900.0,Alfamart,processing,Depok
ORD01750,2024-05-05,CST0457,STR049,PRD0001,Batik Tulis Premium,Fashion & Pakaian,1,301500.0,10.0,30100.0,271300.0,ShopeePay,delivered,Makassar
ORD02127,2024-06-16,CST0673,STR014,PRD0015,Dodol Garut Premium,Makanan & Minuman,1,48700.0,10.0,4900.0,43900.0,LinkAja,delivered,Makassar
ORD03246,2023-05-03,CST0355,STR026,PRD0037,Botol Minum Tumbler,Rumah Tangga,2,83100.0,0.0,0.0,166300.0,ShopeePay,delivered,Bandung
ORD02424,2024-07-12,CST0941,STR048,PRD0048,Tali Skipping Premium,Olahraga & Outdoor,2,52300.0,10.0,10500.0,94200.0,ShopeePay,delivered,Surabaya
ORD05475,2023-06-24,CST0221,STR015,PRD0019,Sabun Sirih Herbal,Kecantikan & Perawatan,4,25200.0,0.0,0.0,100800.0,LinkAja,processing,Jakarta
ORD04840,2023-12-15,CST0765,STR039,PRD0011,Kopi Arabika Toraja 250gr,Makanan & Minuman,2,84600.0,0.0,0.0,169200.0,Transfer BCA,delivered,Bandung
ORD00884,2024-03-20,CST0684,STR024,PRD0022,Body Lotion Bengkoang,Kecantikan & Perawatan,1,57000.0,0.0,0.0,57000.0,Dana,cancelled,Bogor
ORD04704,2023-04-28,CST0097,STR042,PRD0031,Casing HP Anti Crack,Elektronik & Aksesori,1,32900.0,5.0,1600.0,31200.0,ShopeePay,processing,Bogor
ORD01092,2024-12-19,CST0560,STR015,PRD0002,Kaos Polos Cotton Combed,Fashion & Pakaian,1,46100.0,10.0,4600.0,41500.0,Transfer Mandiri,delivered,Jakarta
ORD04033,2024-02-26,CST0280,STR044,PRD0044,Sepatu Anak Velcro,Perlengkapan Bayi & Anak,3,90600.0,10.0,27200.0,244500.0,Transfer BRI,delivered,Tangerang
ORD03743,2024-02-02,CST0037,STR005,PRD0012,Teh Herbal Jahe Merah,Makanan & Minuman,4,39300.0,5.0,7900.0,149200.0,LinkAja,delivered,Medan
ORD00532,2023-01-06,CST0115,STR027,PRD0048,Tali Skipping Premium,Olahraga & Outdoor,2,61300.0,15.0,18400.0,104200.0,QRIS,returned,Depok
ORD03170,2023-05-15,CST0215,STR021,PRD0009,Keripik Tempe Renceng,Makanan & Minuman,1,131000.0,5.0,700.0,12500.0,Alfamart,delivered,Depok
ORD02439,2023-07-28,CST0330,STR027,PRD0032,Charger Fast Charging,Elektronik & Aksesori,4,74200.0,5.0,14800.0,282100.0,Dana,returned,Depok
ORD04551,2023-11-24,CST0340,STR040,PRD0033,Tempat Makan Tupperware KW,Rumah Tangga,2,49400.0,15.0,14800.0,83900.0,OVO,cancelled,Tangerang
ORD04131,2023-11-06,CST0742,STR029,PRD0035,Lap Microfiber Set 3pcs,Rumah Tangga,1,29600.0,0.0,0.0,29600.0,Transfer BCA,delivered,Bandung
ORD03493,2024-02-04,CST0766,STR018,PRD0012,Teh Herbal Jahe Merah,Makanan & Minuman,1,44600.0,,0.0,44600.0,linkaja,returned,Makassar
ORD04595,2023-03-11,CST0372,STR046,PRD0003,Hijab Voal Motif,Fashion & Pakaian,2,64300.0,0.0,0.0,128700.0,Alfamart,cancelled,Medan
ORD02291,2024-07-16,CST0645,STR035,PRD0020,Lip Cream Matte Halal,Kecantikan & Perawatan,1,46300.0,0.0,0.0,46300.0,,delivered,Surabaya
ORD01728,2023-06-18,CST0158,STR048,PRD0040,Lilin Aromaterapi,Rumah Tangga,1,61100.0,0.0,0.0,61100.0,Indomaret,processing,Surabaya
ORD00611,2024-09-27,CST0907,STR021,PRD0040,Lilin Aromaterapi,Rumah Tangga,2,62200.0,15.0,18700.0,105800.0,GoPay,delivered,Depok
ORD00571,2024-04-20,CST0437,STR003,PRD0003,Hijab Voal Motif,Fashion & Pakaian,5,64100.0,10.0,32000.0,288300.0,Dana,delivered,Depok
ORD03333,2023-09-12,CST0177,STR034,PRD0019,Sabun Sirih Herbal,Kecantikan & Perawatan,2,24600.0,0.0,0.0,49200.0,Indomaret,cancelled,Depok
ORD03989,2023-05-29,CST0643,STR012,PRD0019,Sabun Sirih Herbal,Kecantikan & Perawatan,3,27600.0,20.0,16500.0,66200.0,OVO,processing,Depok
ORD00344,2024-09-20,CST0340,STR033,PRD0017,Skincare Serum Vit C Lokal,Kecantikan & Perawatan,3,117100.0,15.0,52700.0,298500.0,Alfamart,returned,Depok
ORD03759,2024-04-19,CST0084,STR029,PRD0017,Skincare Serum Vit C Lokal,Kecantikan & Perawatan,4,100300.0,0.0,0.0,401300.0,COD,delivered,Bandung
ORD03933,2023-02-17,CST0541,STR030,PRD0005,Dress Casual Wanita,Fashion & Pakaian,4,159600.0,0.0,0.0,638600.0,Alfamart,delivered,Surabaya
ORD00435,2023-02-20,CST0253,STR037,PRD0029,Lampu LED Ring Light,Elektronik & Aksesori,2,171200.0,0.0,0.0,342400.0,OVO,delivered,Depok
ORD01904,2023-04-05,CST0057,STR013,PRD0051,Topi Running,Olahraga & Outdoor,5,52400.0,10.0,26200.0,235800.0,Dana,delivered,Depok
ORD00098,2023-11-22,CST0987,STR003,PRD0047,Kaos Olahraga Dryfit,Olahraga & Outdoor,4,74000.0,0.0,0.0,296100.0,Transfer BCA,cancelled,Depok
ORD03024,2023-11-04,CST0063,STR026,PRD0013,Snack Box Mix,Makanan & Minuman,1,53700.0,0.0,0.0,53700.0,OVO,delivered,Bandung
ORD02070,2023-10-26,CST0542,STR035,PRD0030,Mouse Wireless USB,Elektronik & Aksesori,5,96100.0,0.0,0.0,480400.0,Transfer BCA,delivered,Surabaya
ORD01538,2023-11-10,CST0052,STR050,PRD0023,Shampo Kemiri Organik,Kecantikan & Perawatan,1,77500.0,10.0,7700.0,69700.0,Transfer BCA,returned,Medan
ORD02823,2024-06-15,CST0465,STR022,PRD0019,Sabun Sirih Herbal,Kecantikan & Perawatan,5,25700.0,0.0,0.0,128700.0,QRIS,returned,Jakarta
ORD05217,2024-08-07,CST0973,STR033,PRD0033,Tempat Makan Tupperware KW,Rumah Tangga,2,50800.0,0.0,0.0,101500.0,Dana,delivered,Depok
ORD02933,2023-05-03,CST0312,STR009,PRD0032,Charger Fast Charging,Elektronik & Aksesori,3,75700.0,15.0,34100.0,193100.0,LinkAja,processing,Medan
ORD01518,2023-10-06,CST0536,STR034,PRD0049,Matras Yoga 6mm,Olahraga & Outdoor,5,146500.0,15.0,109900.0,622800.0,linkaja,delivered,Depok
ORD00966,2023-04-27,CST0250,STR037,PRD0028,Holder HP Mobil,Elektronik & Aksesori,3,61500.0,0.0,0.0,184500.0,Alfamart,delivered,Depok
ORD04943,2023-10-08,CST0164,STR019,PRD0009,Keripik Tempe Renceng,Makanan & Minuman,2,15500.0,5.0,1500.0,29400.0,ovo,delivered,Surabaya
ORD00529,2024-08-29,CST0532,STR024,PRD0020,Lip Cream Matte Halal,Kecantikan & Perawatan,1,50500.0,0.0,0.0,50500.0,Transfer BRI,returned,Bogor
ORD00177,2024-01-29,CST0573,STR035,PRD0030,Mouse Wireless USB,Elektronik & Aksesori,1,88500.0,10.0,8900.0,79700.0,Transfer BRI,cancelled,Surabaya
ORD02471,2023-05-01,CST0301,STR028,PRD0047,Kaos Olahraga Dryfit,Olahraga & Outdoor,2,78700.0,10.0,15700.0,141700.0,Indomaret,processing,
ORD04370,2023-07-19,CST0301,STR001,PRD0037,Botol Minum Tumbler,Rumah Tangga,3,85100.0,5.0,12800.0,242600.0,Transfer Mandiri,delivered,Surabaya
ORD03439,2024-12-15,CST0302,STR032,PRD0011,Kopi Arabika Toraja 250gr,Makanan & Minuman,3,84000.0,0.0,0.0,252000.0,LinkAja,cancelled,Bogor
ORD05243,2023-10-01,CST0152,STR016,PRD0056,Topeng Kayu Dekorasi,Kerajinan & Souvenir,4,110900.0,10.0,44400.0,399300.0,Transfer BCA,processing,Medan
ORD00573,26-12-2023,CST0997,STR044,PRD0006,Jaket Bomber,Fashion & Pakaian,4,287700.0,15.0,172600.0,978000.0,LinkAja,delivered,Tangerang
ORD02878,2024-01-21,CST0783,STR048,PRD0056,Topeng Kayu Dekorasi,Kerajinan & Souvenir,2,108400.0,25.0,54200.0,162600.0,Transfer BCA,delivered,Surabaya
ORD00593,2024-03-13,CST0529,STR039,PRD0015,Dodol Garut Premium,Makanan & Minuman,2,49100.0,0.0,0.0,98300.0,Transfer BCA,cancelled,Bandung
ORD04657,2024-06-08,CST0127,STR043,PRD0048,Tali Skipping Premium,Olahraga & Outdoor,1,57700.0,5.0,2900.0,54900.0,LinkAja,delivered,Surabaya
ORD03075,29/04/2023,CST0813,STR045,PRD0022,Body Lotion Bengkoang,Kecantikan & Perawatan,4,57000.0,15.0,34200.0,193600.0,transfer bri,delivered,Bogor
ORD02375,2024-07-13,CST0602,STR046,PRD0032,Charger Fast Charging,Elektronik & Aksesori,2,77800.0,0.0,0.0,155600.0,Transfer BRI,cancelled,Medan
ORD05266,2023-05-07,CST0828,STR030,PRD0055,Gantungan Kunci Batik,Kerajinan & Souvenir,2,13300.0,15.0,4000.0,22600.0,QRIS,delivered,Surabaya
ORD04023,2024-06-17,CST0275,STR013,PRD0032,Charger Fast Charging,Elektronik & Aksesori,3,70000.0,20.0,42000.0,167900.0,GoPay,processing,Depok
ORD03227,2023-06-20,CST0626,STR031,PRD0038,Talenan Kayu Jati,Rumah Tangga,2,81800.0,10.0,16400.0,147300.0,LinkAja,delivered,
ORD02209,2024-08-13,CST0500,STR019,PRD0022,Body Lotion Bengkoang,Kecantikan & Perawatan,1,56300.0,20.0,11300.0,45100.0,QRIS,cancelled,Surabaya
ORD04632,2023-12-15,CST0665,STR024,PRD0021,Sunscreen SPF50 Lokal,Kecantikan&Perawatan,3,93300.0,5.0,14000.0,265900.0,GoPay,delivered,Bogor
ORD02493,2023-09-20,CST0079,STR009,PRD0030,Mouse Wireless USB,Elektronik & Aksesori,5,99600.0,10.0,49800.0,448300.0,COD,returned,Medan
ORD05319,2024-08-26,CST0940,STR032,PRD0044,Sepatu Anak Velcro,Perlengkapan Bayi & Anak,1,93700.0,25.0,23400.0,70300.0,COD,delivered,Bogor
ORD00384,2023-01-29,CST0427,STR024,PRD0004,Celana Chino Pria,Fashion & Pakaian,2,152700.0,,0.0,305400.0,Alfamart,returned,Bogor
ORD00853,2024-03-12,CST0066,STR035,PRD0036,Gantungan Baju Kayu,Rumah Tangga,1,18900.0,15.0,2800.0,16100.0,Transfer BRI,cancelled,Surabaya
ORD01881,2023-02-22,CST0393,STR036,PRD0017,Skincare Serum Vit C Lokal,Kecantikan & Perawatan,4,109500.0,15.0,65700.0,372400.0,Transfer Mandiri,cancelled,Tangerang
ORD00371,2024-05-02,CST0685,STR021,PRD0012,Teh Herbal Jahe Merah,Makanan & Minuman,3,45500.0,25.0,34200.0,102500.0,COD,delivered,Depok
ORD04446,2023-05-15,CST0011,STR017,PRD0049,Matras Yoga 6mm,Olahraga & Outdoor,10,157800.0,0.0,0.0,1578200.0,Transfer BRI,delivered,Tangerang
ORD04292,2023-04-24,CST0590,STR049,PRD0017,Skincare Serum Vit C Lokal,Kecantikan & Perawatan,1,101000.0,0.0,0.0,101000.0,Transfer BRI,delivered,Makassar
ORD04842,2024-07-30,CST0799,STR029,PRD0055,Gantungan Kunci Batik,Kerajinan & Souvenir,3,11700.0,0.0,0.0,35200.0,COD,delivered,Bandung
ORD01106,2024/05/27,CST0052,STR014,PRD0011,Kopi Arabika Toraja 250gr,Makanan & Minuman,4,82900.0,0.0,0.0,331500.0,Alfamart,returned,Makassar
ORD03215,2023-07-22,CST0737,STR022,PRD0036,Gantungan Baju Kayu,Rumah Tangga,2,21000.0,0.0,0.0,41900.0,Indomaret,delivered,Jakarta
ORD02362,2023-09-30,CST0595,STR041,PRD0048,Tali Skipping Premium,Olahraga & Outdoor,2,56500.0,5.0,5600.0,107300.0,QRIS,delivered,Semarang
ORD04512,2024-11-15,CST0246,STR021,PRD0002,Kaos Polos Cotton Combed,Fashion & Pakaian,1,47600.0,0.0,0.0,47600.0,Transfer BCA,cancelled,Depok
ORD01337,2023-06-14,CST0722,STR022,PRD0039,Keranjang Rotan Mini,Rumah Tangga,1,120300.0,0.0,0.0,120300.0,Transfer Mandiri,delivered,Jakarta
ORD02190,2024-05-24,CST0336,STR043,PRD0005,Dress Casual Wanita,Fashion & Pakaian,3,159900.0,15.0,72000.0,407900.0,Transfer BCA,returned,
ORD05150,2024-05-23,CST0156,STR027,PRD0054,Lukisan Kanvas UMKM,Kerajinan & Souvenir,1,192400.0,0.0,0.0,192400.0,Transfer BRI,cancelled,Depok
ORD05058,2024-08-30,CST0729,STR011,PRD0008,Sandal Kulit Handmade,Fashion & Pakaian,1,166300.0,5.0,8300.0,158000.0,Transfer Mandiri,delivered,Bogor
ORD02903,2024-06-29,CST0438,STR005,PRD0050,Botol Infuser Air,Olahraga & Outdoor,1,63200.0,5.0,3200.0,60000.0,Dana,processing,Medan
ORD02247,2023-02-24,CST0613,STR050,PRD0034,Sapu Lantai Ijuk,Rumah Tangga,2,24200.0,5.0,2400.0,46100.0,OVO,processing,Medan
ORD03663,2023-09-24,CST0083,STR044,PRD0051,Topi Running,Olahraga & Outdoor,1,51500.0,5.0,2600.0,48900.0,OVO,delivered,Tangerang
ORD05436,2023-11-04,CST0614,STR042,PRD0053,Tas Anyaman Pandan,Kerajinan & Souvenir,1,98200.0,10.0,9800.0,88300.0,Transfer Mandiri,delivered,Bogor
ORD01172,2024-03-26,CST0856,STR007,PRD0038,Talenan Kayu Jati,Rumah Tangga,2,80700.0,10.0,16100.0,145200.0,GoPay,processing,Bogor
ORD03521,2024-09-19,CST0730,STR007,PRD0029,Lampu LED Ring Light,Elektronik & Aksesori,1,164300.0,5.0,8200.0,156000.0,Indomaret,delivered,Bogor
ORD03669,2024-07-02,CST0266,STR038,PRD0035,Lap Microfiber Set 3pcs,Rumah Tangga,1,31100.0,,0.0,31100.0,ShopeePay,delivered,Semarang
ORD01423,2023-01-07,CST0425,STR034,PRD0056,Topeng Kayu Dekorasi,Kerajinan & Souvenir,1,119800.0,5.0,6000.0,113800.0,Dana,delivered,Depok
ORD02687,2023-11-25,CST0734,STR028,PRD0024,Parfum Roll-On Halal,Kecantikan & Perawatan,1,43500.0,5.0,2200.0,41300.0,Alfamart,delivered,Palembang
ORD02928,2024-10-03,CST0019,STR044,PRD0048,Tali Skipping Premium,Olahraga & Outdoor,5,60600.0,5.0,15200.0,287900.0,Dana,returned,Tangerang
ORD03306,2024-11-18,CST0304,STR042,PRD0055,Gantungan Kunci Batik,Kerajinan & Souvenir,1,11900.0,15.0,1800.0,10100.0,Alfamart,delivered,Bogor
ORD04656,2023-05-30,CST0458,STR023,PRD0010,Sambal Bawang Homemade,Makanan & Minuman,2,36000.0,20.0,14400.0,57600.0,COD,returned,Palembang
ORD01465,2024-04-02,CST0564,STR019,PRD0017,Skincare Serum Vit C Lokal,Kecantikan & Perawatan,2,101600.0,10.0,20300.0,182900.0,QRIS,delivered,Surabaya
ORD00875,2023-06-01,CST0221,STR049,PRD0027,Earphone Bluetooth TWS,Elektronik & Aksesori,5,141400.0,0.0,0.0,707200.0,GoPay,processing,Makassar
ORD02298,2024-10-08,CST0300,STR025,PRD0047,Kaos Olahraga Dryfit,Olahraga & Outdoor,2,75200.0,10.0,15000.0,135300.0,LinkAja,delivered,Tangerang
ORD02644,2024-07-25,CST0697,STR032,PRD0044,Sepatu Anak Velcro,Perlengkapan Bayi & Anak,3,97600.0,0.0,0.0,292700.0,OVO,cancelled,Bogor
ORD02911,2023-12-08,CST0248,STR014,PRD0047,Kaos Olahraga Dryfit,Olahraga & Outdoor,2,86600.0,25.0,43300.0,129900.0,Transfer BRI,delivered,Makassar
ORD04861,2024-01-11,CST0548,STR030,PRD0051,Topi Running,Olahraga & Outdoor,2,46800.0,10.0,9400.0,84200.0,Indomaret,returned,Surabaya
ORD01252,2024-05-16,CST0804,STR014,PRD0044,Sepatu Anak Velcro,Perlengkapan Bayi & Anak,2,87600.0,5.0,8800.0,166500.0,,returned,Makassar
ORD03096,2023-08-24,CST0070,STR013,PRD0007,Sepatu Sneakers Lokal,Fashion & Pakaian,2,285200.0,0.0,0.0,570300.0,Transfer Mandiri,delivered,Depok
ORD00841,2023-04-24,CST0676,STR036,PRD0010,Sambal Bawang Homemade,Makanan & Minuman,1,31400.0,0.0,0.0,31400.0,Alfamart,delivered,Tangerang
ORD03843,2024-06-28,CST0854,STR028,PRD0037,Botol Minum Tumbler,Rumah Tangga,5,79200.0,,39600.0,356300.0,ShopeePay,delivered,Palembang
ORD00582,2024-03-31,CST0849,STR009,PRD0044,Sepatu Anak Velcro,Perlengkapan Bayi & Anak,3,92500.0,15.0,41600.0,235900.0,QRIS,delivered,Medan
ORD00205,2024-07-31,CST0619,STR040,PRD0052,Gelang Batok Kelapa,Kerajinan & Souvenir,1,25900.0,5.0,1300.0,24600.0,QRIS,delivered,Tangerang
ORD01642,2023-04-03,CST0999,STR024,PRD0033,Tempat Makan Tupperware KW,Rumah Tangga,1,57200.0,0.0,0.0,57200.0,Dana,delivered,Bogor
ORD02015,2024-04-05,CST0212,STR008,PRD0023,Shampo Kemiri Organik,Kecantikan & Perawatan,4,68600.0,20.0,54800.0,219400.0,QRIS,delivered,Palembang
ORD00906,2023-05-11,CST0951,STR046,PRD0005,Dress Casual Wanita,Fashion & Pakaian,1,167500.0,0.0,0.0,167500.0,Transfer BRI,cancelled,Medan
ORD00632,2023-02-17,CST0571,STR011,PRD0048,Tali Skipping Premium,Olahraga & Outdoor,3,57100.0,15.0,25700.0,145500.0,LinkAja,delivered,Bogor
ORD03873,2024-01-05,CST0174,STR043,PRD0021,Sunscreen SPF50 Lokal,Kecantikan & Perawatan,3,81700.0,,24500.0,220700.0,LinkAja,delivered,Surabaya
ORD01975,2024-04-25,CST0532,STR017,PRD0002,Kaos Polos Cotton Combed,Fashion & Pakaian,4,48500.0,0.0,0.0,194100.0,Dana,returned,Tangerang
ORD00163,2024-06-10,CST0521,STR019,PRD0011,Kopi Arabika Toraja 250gr,Makanan & Minuman,1,83500.0,,4200.0,79300.0,,delivered,Surabaya
ORD03972,2024-09-06,CST0881,STR013,PRD0031,Casing HP Anti Crack,Elektronik & Aksesori,1,31100.0,0.0,0.0,31100.0,Transfer Mandiri,cancelled,Depok
ORD05400,2024-02-15,CST0111,STR043,PRD0040,Lilin Aromaterapi,Rumah Tangga,1,595000.0,5.0,3000.0,56600.0,ShopeePay,processing,Surabaya
ORD05044,2023-08-06,CST0264,STR041,PRD0002,Kaos Polos Cotton Combed,Fashion & Pakaian,2,47100.0,0.0,0.0,94300.0,Transfer BRI,processing,Semarang
ORD03101,2024-06-12,CST0563,STR011,PRD0017,Skincare Serum Vit C Lokal,Kecantikan & Perawatan,4,118000.0,5.0,23600.0,448300.0,Transfer BRI,delivered,Bogor
ORD00618,2023-12-06,CST0860,STR040,PRD0031,Casing HP Anti Crack,Elektronik & Aksesori,4,31900.0,0.0,0.0,127600.0,LinkAja,cancelled,Tangerang
ORD00876,2023-09-12,CST0761,STR048,PRD0043,Tas Sekolah Anak SD,Perlengkapan Bayi & Anak,10,107500.0,0.0,0.0,1075200.0,Indomaret,delivered,Surabaya
ORD01432,2024-04-05,CST0730,STR035,PRD0032,Charger Fast Charging,Elektronik & Aksesori,1,73100.0,10.0,7300.0,65700.0,GoPay,cancelled,Surabaya
ORD03707,2024-03-21,CST0452,STR041,PRD0056,Topeng Kayu Dekorasi,Kerajinan & Souvenir,1,118300.0,,11800.0,106500.0,QRIS,delivered,Semarang
ORD00548,2023-11-14,CST0842,STR025,PRD0007,Sepatu Sneakers Lokal,Fashion & Pakaian,2,294400.0,15.0,88300.0,500500.0,Transfer Mandiri,processing,Tangerang
ORD04138,2023-12-05,CST0117,STR036,PRD0018,Masker Wajah Clay BPOM,Kecantikan & Perawatan,1,52900.0,15.0,7900.0,44900.0,OVO,cancelled,Tangerang
ORD05100,2024-05-09,CST0491,STR023,PRD0029,Lampu LED Ring Light,Elektronik & Aksesori,3,161200.0,0.0,0.0,483500.0,Dana,cancelled,Palembang
ORD04728,2024-08-14,CST0680,STR021,PRD0037,Botol Minum Tumbler,Rumah Tangga,4,86600.0,0.0,0.0,346500.0,QRIS,returned,Depok
ORD02986,2023-06-20,CST0962,STR034,PRD0015,Dodol Garut Premium,Makanan & Minuman,1,47300.0,10.0,4700.0,42500.0,Alfamart,delivered,Depok
ORD04962,2023-02-17,CST0607,STR023,PRD0052,Gelang Batok Kelapa,Kerajinan & Souvenir,4,25200.0,10.0,10100.0,90700.0,COD,processing,Palembang
ORD05429,2024-12-07,CST0926,STR042,PRD0039,Keranjang Rotan Mini,Rumah Tangga,1,115200.0,15.0,17300.0,98000.0,Dana,cancelled,Bogor
ORD04577,2024-11-13,CST0974,STR023,PRD0051,Topi Running,Olahraga & Outdoor,1,50300.0,0.0,0.0,50300.0,Dana,delivered,Palembang
ORD02857,2024-09-24,CST0726,STR026,PRD0042,Mainan Edukasi Kayu,Perlengkapan Bayi & Anak,1,76800.0,10.0,7700.0,69100.0,COD,delivered,Bandung
ORD01862,2024-01-12,CST0510,STR017,PRD0025,Powerbank 10000mAh,Elektronik & Aksesori,2,126000.0,0.0,0.0,252000.0,Dana,processing,Tangerang
ORD02660,2023-09-15,CST0496,STR024,PRD0010,Sambal Bawang Homemade,Makanan & Minuman,2,36400.0,20.0,14600.0,58200.0,Indomaret,delivered,Bogor
ORD05153,2024-12-04,CST0093,STR013,PRD0030,Mouse Wireless USB,Elektronik & Aksesori,2,87100.0,5.0,8700.0,165400.0,ShopeePay,returned,Depok
ORD00641,2023-10-30,CST0224,STR050,PRD0038,Talenan Kayu Jati,Rumah Tangga,2,85900.0,5.0,8600.0,163200.0,Transfer Mandiri,returned,Medan
ORD03741,2024-05-23,CST0761,STR033,PRD0042,Mainan Edukasi Kayu,Perlengkapan Bayi & Anak,2,80600.0,15.0,24200.0,137000.0,Transfer BCA,delivered,Depok
ORD05480,2024-01-30,CST0727,STR027,PRD0010,Sambal Bawang Homemade,Makanan & Minuman,1,36200.0,10.0,3600.0,32600.0,Alfamart,delivered,Depok
ORD00638,2024-10-15,CST0701,STR004,PRD0007,Sepatu Sneakers Lokal,Fashion & Pakaian,5,277900.0,0.0,0.0,1389600.0,ShopeePay,delivered,Jakarta
ORD04585,2023-01-25,CST0513,STR002,PRD0014,Madu Hutan Asli 500ml,Makanan & Minuman,2,176500.0,0.0,0.0,353000.0,Transfer Mandiri,cancelled,Medan
ORD04218,2023-09-08,CST0071,STR009,PRD0027,Earphone Bluetooth TWS,Elektronik & Aksesori,2,158700.0,0.0,0.0,317400.0,Transfer BRI,cancelled,Medan
ORD02309,2023-12-17,CST0055,STR004,PRD0030,Mouse Wireless USB,Elektronik & Aksesori,3,93100.0,0.0,0.0,279200.0,GoPay,cancelled,Jakarta
ORD03740,2024-07-02,CST0019,STR003,PRD0039,Keranjang Rotan Mini,Rumah Tangga,3,109600.0,10.0,32900.0,296000.0,ShopeePay,processing,Depok
ORD02097,2023-03-20,CST0116,STR016,PRD0012,Teh Herbal Jahe Merah,Makanan & Minuman,1,45400.0,10.0,4500.0,40900.0,Alfamart,delivered,Medan
ORD04467,2023-10-18,CST0343,STR039,PRD0006,Jaket Bomber,Fashion & Pakaian,2,287200.0,,28700.0,545600.0,OVO,delivered,Bandung
ORD05341,2023-02-18,CST0562,STR042,PRD0012,Teh Herbal Jahe Merah,Makanan & Minuman,3,39000.0,0.0,0.0,116900.0,OVO,delivered,Bogor
ORD01373,2024-01-07,CST0015,STR039,PRD0036,Gantungan Baju Kayu,Rumah Tangga,2,20700.0,,4100.0,37300.0,Indomaret,processing,Bandung
ORD03553,2024-09-19,CST0195,STR005,PRD0046,Botol Susu Anti-Kolik,Perlengkapan Bayi & Anak,2,97000.0,10.0,19400.0,174600.0,Indomaret,delivered,Medan
ORD00922,2024-04-10,CST0604,STR010,PRD0049,Matras Yoga 6mm,Olahraga & Outdoor,2,170700.0,20.0,68300.0,273100.0,COD,delivered,Palembang
ORD00547,2023-05-06,CST0722,STR002,PRD0030,Mouse Wireless USB,Elektronik & Aksesori,2,86000.0,0.0,0.0,172000.0,Transfer Mandiri,returned,Medan
ORD01450,2024-05-31,CST0465,STR007,PRD0019,Sabun Sirih Herbal,Kecantikan & Perawatan,4,25600.0,5.0,5100.0,97500.0,LinkAja,returned,Bogor
ORD02805,2024-02-20,CST0384,STR001,PRD0044,Sepatu Anak Velcro,Perlengkapan Bayi & Anak,5,94900.0,0.0,0.0,474300.0,Indomaret,delivered,Surabaya
ORD02611,2023-09-03,CST0486,STR023,PRD0030,Mouse Wireless USB,Elektronik & Aksesori,1,100300.0,0.0,0.0,100300.0,ShopeePay,delivered,Palembang
ORD01901,2024-08-25,CST0409,STR047,PRD0021,Sunscreen SPF50 Lokal,Kecantikan & Perawatan,1,89100.0,0.0,0.0,89100.0,ShopeePay,returned,Makassar
ORD02758,2024-06-03,CST0640,STR039,PRD0037,Botol Minum Tumbler,Rumah Tangga,3,77500.0,10.0,23300.0,209400.0,Transfer BCA,delivered,Bandung
ORD02029,2023-08-23,CST0506,STR047,PRD0045,Buku Mewarnai + Crayon,Perlengkapan Bayi & Anak,3,29600.0,10.0,8900.0,80000.0,Alfamart,returned,Makassar
ORD02302,2023-10-19,CST0437,STR030,PRD0005,Dress Casual Wanita,Fashion & Pakaian,2,160600.0,0.0,0.0,321100.0,Transfer Mandiri,delivered,Surabaya
ORD01886,2023-05-17,CST0509,STR033,PRD0002,Kaos Polos Cotton Combed,Fashion & Pakaian,1,50100.0,5.0,2500.0,47600.0,Dana,cancelled,Depok
ORD01643,2023-11-11,CST0740,STR033,PRD0040,Lilin Aromaterapi,Rumah Tangga,4,63700.0,20.0,51000.0,203800.0,QRIS,cancelled,Depok
ORD00973,2023-06-30,CST0924,STR045,PRD0031,Casing HP Anti Crack,Elektronik & Aksesori,2,30700.0,5.0,3100.0,58400.0,Dana,returned,Bogor
ORD05393,2023-08-14,CST0318,STR018,PRD0048,Tali Skipping Premium,Olahraga & Outdoor,2,50800.0,10.0,10200.0,91500.0,QRIS,delivered,Makassar
ORD02098,2023-05-14,CST0381,STR033,PRD0006,Jaket Bomber,Fashion & Pakaian,2,298900.0,10.0,59800.0,538100.0,Transfer BCA,processing,Depok
ORD04879,2023-06-07,CST0648,STR029,PRD0013,Snack Box Mix,Makanan & Minuman,1,52700.0,5.0,2600.0,50100.0,ShopeePay,delivered,Bandung
ORD04285,2023-04-23,CST0401,STR029,PRD0032,Charger Fast Charging,Elektronik & Aksesori,2,76300.0,10.0,15300.0,137300.0,Indomaret,processing,Bandung
ORD05043,2024-09-28,CST0207,STR036,PRD0053,Tas Anyaman Pandan,Kerajinan & Souvenir,1,97000.0,20.0,19400.0,77600.0,QRIS,delivered,Tangerang
ORD00895,2023-10-31,CST0791,STR022,PRD0006,Jaket Bomber,Fashion & Pakaian,1,326700.0,5.0,16300.0,310400.0,GoPay,delivered,Jakarta
ORD00837,2023-05-07,CST0057,STR023,PRD0022,Body Lotion Bengkoang,Kecantikan & Perawatan,5,48000.0,10.0,24000.0,216000.0,LinkAja,delivered,Palembang
ORD00602,2023-04-08,CST0763,STR012,PRD0055,Gantungan Kunci Batik,Kerajinan & Souvenir,2,12900.0,0.0,0.0,25900.0,GoPay,delivered,Depok
ORD02185,2024-12-12,CST0771,STR044,PRD0037,Botol Minum Tumbler,Rumah Tangga,3,77900.0,20.0,46700.0,186900.0,ShopeePay,returned,Tangerang
ORD04463,2023/06/08,CST0497,STR011,PRD0040,Lilin Aromaterapi,Rumah Tangga,2,64900.0,0.0,0.0,129800.0,LinkAja,delivered,Bogor
ORD03104,2024-07-15,CST0046,STR048,PRD0028,Holder HP Mobil,Elektronik & Aksesori,5,58400.0,5.0,14600.0,277400.0,Dana,delivered,Surabaya
ORD04826,2024-09-30,CST0118,STR037,PRD0055,Gantungan Kunci Batik,Kerajinan & Souvenir,4,13900.0,0.0,0.0,55400.0,COD,returned,Depok
ORD01583,2024/11/15,CST0982,STR033,PRD0052,Gelang Batok Kelapa,Kerajinan & Souvenir,2,24500.0,0.0,0.0,49000.0,ShopeePay,cancelled,Depok
ORD04777,2024-10-26,CST0082,STR042,PRD0005,Dress Casual Wanita,Fashion & Pakaian,2,174200.0,5.0,17400.0,330900.0,Transfer Mandiri,cancelled,Bogor
ORD03164,2023-06-12,CST0061,STR032,PRD0018,Masker Wajah Clay BPOM,Kecantikan & Perawatan,3,56500.0,20.0,33900.0,135500.0,Transfer BCA,delivered,Bogor
ORD03409,2023-05-08,CST0539,STR038,PRD0030,Mouse Wireless USB,Elektronik & Aksesori,1,97600.0,0.0,0.0,97600.0,LinkAja,delivered,Semarang
ORD01071,2023-12-22,CST0821,STR004,PRD0019,Sabun Sirih Herbal,Kecantikan & Perawatan,1,28900.0,5.0,1400.0,27500.0,indomaret,delivered,Jakarta
ORD01776,2024-12-06,CST0183,STR045,PRD0023,Shampo Kemiri Organik,Kecantikan & Perawatan,2,79700.0,20.0,31900.0,127500.0,Indomaret,cancelled,Bogor
ORD05392,2024-03-22,CST0137,STR026,PRD0031,Casing HP Anti Crack,Elektronik & Aksesori,2,33700.0,10.0,6700.0,60600.0,GoPay,returned,Bandung
ORD01284,2024-01-19,CST0660,STR039,PRD0009,Keripik Tempe Renceng,Makanan & Minuman,1,14900.0,0.0,0.0,14900.0,Transfer Mandiri,delivered,Bandung
ORD03822,2024-11-18,CST0554,STR045,PRD0032,Charger Fast Charging,Elektronik & Aksesori,1,66000.0,0.0,0.0,66000.0,Transfer Mandiri,processing,Bogor
ORD05421,2024-08-28,CST0163,STR043,PRD0046,Botol Susu Anti-Kolik,Perlengkapan Bayi & Anak,4,101400.0,0.0,0.0,405600.0,Transfer BCA,delivered,Surabaya
ORD05334,2024-03-29,CST0316,STR015,PRD0013,Snack Box Mix,Makanan & Minuman,1,51400.0,15.0,7700.0,43700.0,Dana,delivered,Jakarta
ORD01837,2024-02-21,CST0775,STR043,PRD0011,Kopi Arabika Toraja 250gr,Makanan & Minuman,1,82200.0,0.0,0.0,82200.0,Dana,delivered,Surabaya
ORD04751,2024-03-09,CST0163,STR021,PRD0037,Botol Minum Tumbler,Rumah Tangga,3,82800.0,,12400.0,235800.0,Indomaret,returned,Depok
ORD01020,2023-05-03,CST0813,STR005,PRD0026,Kabel Data Type-C 1m,Elektronik & Aksesori,1,39300.0,0.0,0.0,39300.0,,delivered,Medan
ORD04016,2023-12-17,CST0520,STR011,PRD0038,Talenan Kayu Jati,Rumah Tangga,1,93600.0,0.0,0.0,93600.0,QRIS,processing,Bogor
ORD01327,2024-04-28,CST0821,STR046,PRD0020,Lip Cream Matte Halal,Kecantikan & Perawatan,3,50500.0,10.0,15100.0,136300.0,,cancelled,Medan
ORD02943,2023-01-21,CST0610,STR019,PRD0042,Mainan Edukasi Kayu,Perlengkapan Bayi & Anak,1,82400.0,10.0,8200.0,74200.0,Alfamart,delivered,Surabaya
ORD00476,2024-03-13,CST0023,STR036,PRD0029,Lampu LED Ring Light,Elektronik & Aksesori,1,158600.0,0.0,0.0,158600.0,GoPay,returned,Tangerang
ORD02811,2024-11-07,CST0101,STR045,PRD0032,Charger Fast Charging,Elektronik & Aksesori,2,75400.0,0.0,0.0,150800.0,Alfamart,processing,Bogor
ORD04746,2023-11-13,CST0377,STR041,PRD0033,Tempat Makan Tupperware KW,Rumah Tangga,1,55800.0,0.0,0.0,55800.0,Transfer BRI,processing,Semarang
ORD01652,2024/11/15,CST0373,STR043,PRD0030,Mouse Wireless USB,Elektronik & Aksesori,1,96100.0,0.0,0.0,96100.0,OVO,delivered,Surabaya
ORD05211,2023-12-27,CST0422,STR044,PRD0023,Shampo Kemiri Organik,Kecantikan & Perawatan,1,79700.0,0.0,0.0,79700.0,,delivered,Tangerang
ORD04797,2023-03-23,CST0931,STR030,PRD0055,Gantungan Kunci Batik,Kerajinan & Souvenir,2,11600.0,10.0,2300.0,20900.0,COD,processing,Surabaya
ORD02529,2023-12-11,CST0804,STR050,PRD0001,Batik Tulis Premium,Fashion & Pakaian,4,322500.0,0.0,0.0,1289800.0,COD,delivered,Medan
ORD03259,2024-08-16,CST0256,STR043,PRD0030,Mouse Wireless USB,Elektronik & Aksesori,4,98300.0,20.0,78700.0,314700.0,OVO,cancelled,Surabaya
ORD03097,2023-11-11,CST0263,STR031,PRD0056,Topeng Kayu Dekorasi,Kerajinan & Souvenir,10,110500.0,10.0,110500.0,994300.0,Transfer Mandiri,delivered,Palembang
ORD03228,2023/02/11,CST0917,STR037,PRD0029,Lampu LED Ring Light,Elektronik & Aksesori,3,178500.0,15.0,80300.0,455200.0,Transfer BRI,delivered,Depok
ORD01374,2023-11-22,CST0248,STR004,PRD0037,Botol Minum Tumbler,Rumah Tangga,2,85000.0,0.0,0.0,169900.0,Transfer BRI,cancelled,
ORD00740,2023-08-29,CST0055,STR017,PRD0053,Tas Anyaman Pandan,Kerajinan & Souvenir,-2,101600.0,0.0,0.0,203300.0,GoPay,delivered,Tangerang
ORD04316,2024-12-23,CST0520,STR019,PRD0001,Batik Tulis Premium,Fashion & Pakaian,1,287000.0,0.0,0.0,287000.0,ovo,delivered,Surabaya
ORD03050,2024-12-31,CST0612,STR038,PRD0056,Topeng Kayu Dekorasi,Kerajinan & Souvenir,3,117600.0,0.0,0.0,352900.0,GoPay,delivered,Semarang
ORD00868,2024-09-05,CST0864,STR021,PRD0035,Lap Microfiber Set 3pcs,Rumah Tangga,1,35000.0,0.0,0.0,35000.0,QRIS,delivered,Depok
ORD01141,2023-12-27,CST0330,STR043,PRD0007,Sepatu Sneakers Lokal,Fashion & Pakaian,1,270200.0,0.0,0.0,270200.0,ShopeePay,delivered,Surabaya
ORD00998,2024-10-02,CST0981,STR026,PRD0021,Sunscreen SPF50 Lokal,Kecantikan&Perawatan,1,93500.0,0.0,0.0,93500.0,Transfer BCA,processing,Bandung
ORD01338,2024-05-12,CST0161,STR048,PRD0038,Talenan Kayu Jati,Rumah Tangga,3,91200.0,5.0,13700.0,260100.0,GoPay,delivered,Surabaya
ORD00542,2024-04-11,CST0817,STR019,PRD0005,Dress Casual Wanita,Fashion & Pakaian,2,179300.0,20.0,71700.0,286800.0,Transfer BCA,delivered,Surabaya
ORD01100,2024-06-07,CST0042,STR016,PRD0019,Sabun Sirih Herbal,Kecantikan & Perawatan,3,26800.0,5.0,4000.0,76300.0,LinkAja,delivered,Medan
ORD01133,2023-08-30,CST0215,STR031,PRD0054,Lukisan Kanvas UMKM,Kerajinan & Souvenir,2,205200.0,5.0,20500.0,389800.0,QRIS,processing,Palembang
ORD05440,2024-10-04,CST0394,STR003,PRD0015,Dodol Garut Premium,Makanan & Minuman,2,44200.0,25.0,22100.0,66300.0,Transfer BCA,delivered,Depok
ORD03396,2024-01-04,CST0242,STR032,PRD0050,Botol Infuser Air,Olahraga & Outdoor,2,59200.0,0.0,0.0,118500.0,Dana,processing,Bogor
ORD02259,2023-02-26,CST0099,STR015,PRD0015,Dodol Garut Premium,Makanan & Minuman,1,46700.0,5.0,2300.0,44400.0,COD,cancelled,Jakarta
ORD04533,2024-03-30,CST0017,STR050,PRD0028,Holder HP Mobil,Elektronik & Aksesori,2,55100.0,15.0,16500.0,93700.0,Transfer Mandiri,delivered,Medan
ORD02963,2024-08-06,CST0527,STR010,PRD0013,Snack Box Mix,Makanan & Minuman,1,52200.0,20.0,10400.0,41800.0,Transfer Mandiri,delivered,Palembang
ORD00060,2023-08-27,CST0190,STR031,PRD0034,Sapu Lantai Ijuk,Rumah Tangga,1,24800.0,5.0,1200.0,23600.0,QRIS,delivered,Palembang
ORD03607,2024-08-02,CST0773,STR011,PRD0007,Sepatu Sneakers Lokal,Fashion & Pakaian,2,280800.0,10.0,56200.0,505400.0,,processing,Bogor
ORD01939,2023-01-17,CST0353,STR010,PRD0019,Sabun Sirih Herbal,Kecantikan & Perawatan,2,28800.0,15.0,8600.0,49000.0,Indomaret,delivered,Palembang
ORD03221,2024-04-11,CST0750,STR040,PRD0046,Botol Susu Anti-Kolik,Perlengkapan Bayi & Anak,2,107400.0,0.0,0.0,214900.0,ShopeePay,cancelled,Tangerang
ORD03740,2024-07-02,CST0019,STR003,PRD0039,Keranjang Rotan Mini,Rumah Tangga,3,109600.0,10.0,32900.0,296000.0,ShopeePay,processing,Depok
ORD02998,2023-09-13,CST0140,STR021,PRD0034,Sapu Lantai Ijuk,Rumah Tangga,2,27700.0,10.0,5500.0,49900.0,,cancelled,Depok
ORD02814,2023-11-28,CST0019,STR039,PRD0034,Sapu Lantai Ijuk,Rumah Tangga,2,24900.0,5.0,2500.0,47200.0,QRIS,delivered,Bandung
ORD04862,2024-03-18,CST0707,STR049,PRD0013,Snack Box Mix,Makanan & Minuman,3,53000.0,5.0,8000.0,151100.0,Transfer BRI,delivered,
ORD03860,2023-06-26,CST0094,STR028,PRD0006,Jaket Bomber,Fashion & Pakaian,2,286000.0,5.0,28600.0,543400.0,Transfer Mandiri,returned,Palembang
ORD01079,2024-10-14,CST0130,STR005,PRD0017,Skincare Serum Vit C Lokal,Kecantikan & Perawatan,1,105700.0,20.0,21100.0,84600.0,LinkAja,delivered,Medan
ORD04504,2023-01-07,CST0770,STR006,PRD0035,Lap Microfiber Set 3pcs,Rumah Tangga,1,29200.0,5.0,1500.0,27800.0,OVO,returned,Depok
ORD03651,2023-12-19,CST0152,STR027,PRD0010,Sambal Bawang Homemade,Makanan & Minuman,1,37700.0,0.0,0.0,37700.0,Indomaret,cancelled,Depok
ORD03915,2024-11-24,CST0718,STR040,PRD0030,Mouse Wireless USB,Elektronik & Aksesori,1,90000.0,20.0,18000.0,72000.0,LinkAja,processing,Tangerang
ORD04775,2023-10-05,CST0422,STR034,PRD0034,Sapu Lantai Ijuk,Rumah Tangga,1,24100.0,15.0,3600.0,20400.0,Dana,cancelled,Depok
ORD02631,2023-05-07,CST0317,STR025,PRD0019,Sabun Sirih Herbal,Kecantikan & Perawatan,3,25100.0,0.0,0.0,75300.0,Indomaret,processing,Tangerang
ORD03803,2023-06-18,CST0280,STR006,PRD0028,Holder HP Mobil,Elektronik & Aksesori,1,63800.0,0.0,0.0,63800.0,LinkAja,cancelled,Depok
ORD00941,2023-03-18,CST0456,STR018,PRD0050,Botol Infuser Air,Olahraga & Outdoor,5,63100.0,25.0,78900.0,236600.0,OVO,delivered,Makassar
ORD01081,2023-05-23,CST0671,STR040,PRD0012,Teh Herbal Jahe Merah,Makanan & Minuman,3,39500.0,0.0,0.0,118600.0,COD,delivered,Tangerang
ORD00188,2024-12-21,CST0833,STR018,PRD0052,Gelang Batok Kelapa,Kerajinan & Souvenir,2,27600.0,0.0,0.0,55100.0,LinkAja,delivered,Makassar
ORD03287,2023-07-22,CST0559,STR044,PRD0019,Sabun Sirih Herbal,Kecantikan & Perawatan,5,25200.0,0.0,0.0,125800.0,Transfer BRI,cancelled,Tangerang
ORD02086,2024-02-21,CST0490,STR002,PRD0001,Batik Tulis Premium,Fashion & Pakaian,3,328700.0,5.0,49300.0,936800.0,GoPay,delivered,Medan
ORD02250,2023-07-06,CST0327,STR040,PRD0052,Gelang Batok Kelapa,Kerajinan & Souvenir,1,25600.0,5.0,1300.0,24300.0,QRIS,delivered,Tangerang
ORD03801,2024-05-05,CST0257,STR002,PRD0012,Teh Herbal Jahe Merah,Makanan & Minuman,3,41400.0,5.0,6200.0,117900.0,Indomaret,delivered,Medan
ORD05486,2023-01-20,CST0377,STR013,PRD0009,Keripik Tempe Renceng,Makanan & Minuman,3,15100.0,10.0,4500.0,40700.0,Alfamart,cancelled,Depok
ORD02024,2024-11-08,CST0187,STR002,PRD0051,Topi Running,Olahraga & Outdoor,2,50700.0,0.0,0.0,101500.0,Alfamart,processing,Medan
ORD04044,2023-11-22,CST0990,STR045,PRD0039,Keranjang Rotan Mini,Rumah Tangga,1,121200.0,0.0,0.0,121200.0,,returned,Bogor
ORD01493,2024-08-08,CST0434,STR020,PRD0040,Lilin Aromaterapi,Rumah Tangga,2,69900.0,0.0,0.0,139700.0,QRIS,cancelled,Bandung
ORD04310,2023-06-25,CST0343,STR026,PRD0053,Tas Anyaman Pandan,Kerajinan & Souvenir,2,89100.0,0.0,0.0,178200.0,Transfer BRI,returned,Bandung
ORD00227,2023-03-19,CST0129,STR046,PRD0032,Charger Fast Charging,Elektronik & Aksesori,2,78000.0,0.0,0.0,156000.0,Transfer BRI,processing,Medan
ORD01014,2023-09-09,CST0647,STR014,PRD0055,Gantungan Kunci Batik,Kerajinan & Souvenir,1,13100.0,0.0,0.0,13100.0,,delivered,Makassar
ORD02584,2024-02-07,CST0702,STR031,PRD0005,Dress Casual Wanita,Fashion & Pakaian,2,179500.0,15.0,53800.0,305100.0,,delivered,Palembang
ORD01930,2023-10-08,CST0501,STR037,PRD0047,Kaos Olahraga Dryfit,Olahraga & Outdoor,2,85300.0,25.0,42600.0,127900.0,,returned,Depok
ORD03828,2024-12-31,CST0637,STR011,PRD0004,Celana Chino Pria,Fashion & Pakaian,1,164100.0,0.0,0.0,164100.0,Dana,delivered,Bogor
ORD05038,2024-08-07,CST0056,STR015,PRD0052,Gelang Batok Kelapa,Kerajinan & Souvenir,2,26800.0,0.0,0.0,53700.0,Transfer BRI,returned,Jakarta
ORD01405,2023-06-29,CST0346,STR005,PRD0013,Snack Box Mix,Makanan & Minuman,2,48200.0,10.0,9600.0,86800.0,OVO,delivered,Medan
ORD02180,2023-02-08,CST0534,STR005,PRD0038,Talenan Kayu Jati,Rumah Tangga,4,93400.0,20.0,74700.0,298900.0,Alfamart,processing,Medan
ORD00698,2024-10-12,CST0775,STR033,PRD0049,Matras Yoga 6mm,Olahraga & Outdoor,3,166300.0,25.0,124700.0,374200.0,Indomaret,cancelled,Depok
ORD01125,2023-05-22,CST0482,STR028,PRD0047,Kaos Olahraga Dryfit,Olahraga & Outdoor,4,78500.0,10.0,31400.0,282500.0,OVO,returned,Palembang
ORD03498,2023-06-08,CST0753,STR049,PRD0048,Tali Skipping Premium,Olahraga & Outdoor,5,57700.0,5.0,14400.0,274000.0,Indomaret,cancelled,Makassar
ORD03652,2023-11-16,CST0003,STR015,PRD0035,Lap Microfiber Set 3pcs,Rumah Tangga,4,29100.0,10.0,11600.0,104800.0,LinkAja,cancelled,Jakarta
ORD01779,2023-04-07,CST0423,STR026,PRD0021,Sunscreen SPF50 Lokal,Kecantikan & Perawatan,2,94500.0,0.0,0.0,189100.0,Transfer Mandiri,delivered,Bandung
ORD02635,2023-12-19,CST0480,STR043,PRD0039,Keranjang Rotan Mini,Rumah Tangga,1,115700.0,10.0,11600.0,104200.0,Indomaret,processing,Surabaya
ORD03576,2024-11-22,CST0857,STR018,PRD0006,Jaket Bomber,Fashion & Pakaian,1,323500.0,0.0,0.0,323500.0,Alfamart,delivered,Makassar
ORD01038,2023-04-18,CST0974,STR042,PRD0044,Sepatu Anak Velcro,Perlengkapan Bayi & Anak,1,100900.0,10.0,10100.0,90800.0,,delivered,Bogor
ORD04676,2023-10-17,CST0985,STR034,PRD0023,Shampo Kemiri Organik,Kecantikan & Perawatan,1,80000.0,5.0,4000.0,76000.0,QRIS,returned,Depok
ORD02257,2024-05-25,CST0473,STR031,PRD0014,Madu Hutan Asli 500ml,Makanan & Minuman,2,183400.0,0.0,0.0,366800.0,Transfer Mandiri,returned,Palembang
ORD03359,2023-01-03,CST0687,STR038,PRD0016,Rendang Kemasan Vacuum,Makanan & Minuman,1,137600.0,0.0,0.0,137600.0,Transfer BRI,delivered,Semarang
ORD00314,2024-10-24,CST0016,STR005,PRD0006,Jaket Bomber,Fashion & Pakaian,3,302800.0,0.0,0.0,908400.0,QRIS,processing,Medan
ORD02650,2024-08-02,CST0685,STR050,PRD0052,Gelang Batok Kelapa,Kerajinan & Souvenir,1,26800.0,25.0,6700.0,20100.0,Indomaret,delivered,Medan
ORD02282,2024-01-25,CST0392,STR018,PRD0023,Shampo Kemiri Organik,Kecantikan & Perawatan,1,74800.0,10.0,7500.0,67300.0,Transfer Mandiri,processing,Makassar
ORD03261,2023-05-26,CST0572,STR034,PRD0026,Kabel Data Type-C 1m,Elektronik & Aksesori,5,43100.0,0.0,0.0,215700.0,GoPay,delivered,Depok
ORD03940,2023-04-20,CST0012,STR014,PRD0035,Lap Microfiber Set 3pcs,Rumah Tangga,1,31600.0,10.0,3200.0,28400.0,OVO,processing,Makassar
ORD02548,2024-07-23,CST0130,STR031,PRD0021,Sunscreen SPF50 Lokal,Kecantikan & Perawatan,3,91000.0,0.0,0.0,273000.0,QRIS,delivered,Palembang
ORD01417,2024-08-26,CST0430,STR033,PRD0030,Mouse Wireless USB,Elektronik & Aksesori,1,93500.0,5.0,4700.0,88800.0,QRIS,cancelled,Depok
ORD01037,2023-08-06,CST0613,STR006,PRD0013,Snack Box Mix,Makanan & Minuman,1,46700.0,15.0,7000.0,39700.0,ShopeePay,cancelled,Depok
ORD02160,2023-08-31,CST0726,STR032,PRD0019,Sabun Sirih Herbal,Kecantikan & Perawatan,2,27400.0,15.0,8200.0,46700.0,Transfer BRI,cancelled,Bogor
ORD02985,2023-10-08,CST0667,STR003,PRD0009,Keripik Tempe Renceng,Makanan & Minuman,2,13300.0,15.0,4000.0,22600.0,Dana,delivered,Depok
ORD04664,2023-08-26,CST0849,STR034,PRD0005,Dress Casual Wanita,Fashion & Pakaian,1,169700.0,0.0,0.0,169700.0,QRIS,delivered,Depok
ORD01755,2023-11-25,CST0786,STR036,PRD0024,Parfum Roll-On Halal,Kecantikan & Perawatan,3,40700.0,0.0,0.0,122100.0,Transfer BRI,delivered,Tangerang
ORD04129,2023-08-20,CST0264,STR040,PRD0053,Tas Anyaman Pandan,Kerajinan & Souvenir,4,107600.0,,21500.0,409000.0,Alfamart,processing,Tangerang
ORD03516,2023-03-18,CST0414,STR040,PRD0033,Tempat Makan Tupperware KW,Rumah Tangga,3,54000.0,5.0,8100.0,153900.0,Transfer Mandiri,returned,Tangerang
ORD03667,2023-04-24,CST0496,STR032,PRD0021,Sunscreen SPF50 Lokal,Kecantikan & Perawatan,1,96600.0,,9700.0,87000.0,Dana,delivered,Bogor
ORD02521,2023-02-02,CST0179,STR038,PRD0054,Lukisan Kanvas UMKM,Kerajinan & Souvenir,2,177000.0,15.0,53100.0,301000.0,OVO,cancelled,Semarang
ORD04018,2024-05-20,CST0987,STR010,PRD0034,Sapu Lantai Ijuk,Rumah Tangga,4,27800.0,20.0,22200.0,88800.0,OVO,processing,Palembang
ORD04146,2023-04-03,CST0062,STR048,PRD0026,Kabel Data Type-C 1m,Elektronik & Aksesori,10,40300.0,5.0,20100.0,382600.0,ShopeePay,delivered,Surabaya
ORD04407,2024-01-27,CST0443,STR027,PRD0014,Madu Hutan Asli 500ml,Makanan & Minuman,3,191500.0,15.0,86200.0,488400.0,Dana,delivered,Depok
ORD01507,2023-02-20,CST0761,STR008,PRD0030,Mouse Wireless USB,Elektronik & Aksesori,5,101700.0,0.0,0.0,508700.0,COD,cancelled,Palembang
ORD01924,2023-07-08,CST0085,STR007,PRD0008,Sandal Kulit Handmade,Fashion & Pakaian,1,162000.0,20.0,32400.0,129600.0,Transfer BRI,delivered,Bogor
ORD00449,2023-05-11,CST0794,STR042,PRD0039,Keranjang Rotan Mini,Rumah Tangga,2,129300.0,0.0,0.0,258600.0,Transfer BCA,cancelled,Bogor
ORD03909,2024-11-19,CST0641,STR022,PRD0015,Dodol Garut Premium,Makanan & Minuman,3,48100.0,10.0,14400.0,129900.0,QRIS,delivered,Jakarta
ORD04505,2024-08-04,CST0974,STR038,PRD0002,Kaos Polos Cotton Combed,Fashion & Pakaian,4,45900.0,0.0,0.0,183500.0,QRIS,returned,Semarang
ORD03315,2023-01-07,CST0217,STR027,PRD0023,Shampo Kemiri Organik,Kecantikan & Perawatan,1,78500.0,0.0,0.0,78500.0,LinkAja,delivered,Depok
ORD03205,2024-03-06,CST0656,STR032,PRD0020,Lip Cream Matte Halal,Kecantikan & Perawatan,4,49700.0,5.0,9900.0,189000.0,Alfamart,delivered,Bogor
ORD00362,2024-07-24,CST0596,STR035,PRD0031,Casing HP Anti Crack,Elektronik & Aksesori,3,29000.0,5.0,4300.0,82600.0,Transfer BRI,delivered,Surabaya
ORD02184,2023-03-28,CST0151,STR028,PRD0029,Lampu LED Ring Light,Elektronik & Aksesori,1,172000.0,5.0,8600.0,163400.0,Transfer Mandiri,delivered,Palembang
ORD01135,2023-03-24,CST0202,STR029,PRD0039,Keranjang Rotan Mini,Rumah Tangga,4,118100.0,0.0,0.0,472400.0,Alfamart,delivered,Bandung
ORD04474,2023-12-24,CST0980,STR001,PRD0021,Sunscreen SPF50 Lokal,Kecantikan & Perawatan,2,98200.0,5.0,9800.0,186600.0,ShopeePay,delivered,Surabaya
ORD02156,2024-07-13,CST0152,STR037,PRD0017,Skincare Serum Vit C Lokal,Kecantikan & Perawatan,2,104600.0,0.0,0.0,209200.0,ShopeePay,cancelled,Depok
ORD01831,2024-03-09,CST0283,STR043,PRD0032,Charger Fast Charging,Elektronik & Aksesori,1,77600.0,5.0,3900.0,73700.0,GoPay,delivered,
ORD01054,2024-05-03,CST0839,STR007,PRD0014,Madu Hutan Asli 500ml,Makanan & Minuman,3,187600.0,10.0,56300.0,506700.0,Dana,delivered,Bogor
ORD02461,2023-05-25,CST0179,STR038,PRD0049,Matras Yoga 6mm,Olahraga & Outdoor,1,167500.0,5.0,8400.0,159100.0,Transfer BRI,delivered,Semarang
ORD00023,2024-06-17,CST0742,STR043,PRD0001,Batik Tulis Premium,Fashion & Pakaian,3,297900.0,0.0,0.0,893800.0,linkaja,delivered,Surabaya
ORD02067,2023-11-11,CST0426,STR035,PRD0021,Sunscreen SPF50 Lokal,Kecantikan & Perawatan,2,84400.0,0.0,0.0,168800.0,Transfer BRI,processing,Surabaya
ORD01654,2023-06-23,CST0082,STR003,PRD0016,Rendang Kemasan Vacuum,Makanan & Minuman,1,120200.0,5.0,6000.0,114200.0,COD,delivered,Depok
ORD03538,2024-02-19,CST0242,STR011,PRD0029,Lampu LED Ring Light,Elektronik & Aksesori,1,178100.0,0.0,0.0,178100.0,ShopeePay,delivered,Bogor
ORD04594,2024/09/08,CST0285,STR035,PRD0021,Sunscreen SPF50 Lokal,Kecantikan & Perawatan,4,98500.0,15.0,59100.0,334800.0,Transfer BCA,delivered,Surabaya
ORD02744,2023-03-20,CST0557,STR008,PRD0049,Matras Yoga 6mm,Olahraga & Outdoor,3,148300.0,0.0,0.0,445000.0,GoPay,delivered,Palembang
ORD03796,2024-06-05,CST0729,STR019,PRD0002,Kaos Polos Cotton Combed,Fashion & Pakaian,1,46200.0,5.0,2300.0,43900.0,Dana,delivered,Surabaya
ORD04562,2024-04-15,CST0412,STR029,PRD0004,Celana Chino Pria,Fashion & Pakaian,1,156700.0,0.0,0.0,156700.0,Alfamart,returned,Bandung
ORD02469,2023-11-06,CST0708,STR030,PRD0017,Skincare Serum Vit C Lokal,Kecantikan & Perawatan,10,108900.0,0.0,0.0,1088700.0,QRIS,delivered,Surabaya
ORD02326,2024-10-24,CST0128,STR021,PRD0024,Parfum Roll-On Halal,Kecantikan & Perawatan,4,44500.0,20.0,35600.0,142400.0,Transfer BRI,returned,Depok
ORD00461,2023-01-30,CST0141,STR039,PRD0005,Dress Casual Wanita,Fashion & Pakaian,1,182000.0,10.0,18200.0,163800.0,Transfer Mandiri,processing,Bandung
ORD01068,2023-06-29,CST0539,STR009,PRD0034,Sapu Lantai Ijuk,Rumah Tangga,1,26700.0,,4000.0,22700.0,Transfer BRI,returned,Medan
ORD00088,2023-02-10,CST0238,STR046,PRD0020,Lip Cream Matte Halal,Kecantikan & Perawatan,1,47700.0,0.0,0.0,47700.0,Transfer BRI,processing,Medan
ORD01431,2024-01-15,CST0427,STR050,PRD0038,Talenan Kayu Jati,Rumah Tangga,1,85600.0,0.0,0.0,85600.0,Alfamart,delivered,Medan
ORD03485,2023-08-22,CST0269,STR016,PRD0002,Kaos Polos Cotton Combed,Fashion & Pakaian,2,52500.0,0.0,0.0,105000.0,,cancelled,Medan
ORD00283,2024-02-21,CST0641,STR042,PRD0014,Madu Hutan Asli 500ml,Makanan & Minuman,5,163500.0,0.0,0.0,817700.0,Indomaret,delivered,Bogor
ORD02484,2023-01-06,CST0678,STR027,PRD0014,Madu Hutan Asli 500ml,Makanan & Minuman,1,175400.0,10.0,17500.0,157800.0,COD,delivered,Depok
ORD00463,2024-04-08,CST0672,STR020,PRD0003,Hijab Voal Motif,FASHION & PAKAIAN,1,65400.0,10.0,6500.0,58800.0,QRIS,delivered,Bandung
ORD00213,2023-08-04,CST0509,STR022,PRD0054,Lukisan Kanvas UMKM,Kerajinan & Souvenir,2,206500.0,0.0,0.0,413000.0,linkaja,delivered,Jakarta
ORD02589,2023-01-09,CST0502,STR003,PRD0054,Lukisan Kanvas UMKM,Kerajinan & Souvenir,1,197700.0,0.0,0.0,197700.0,ShopeePay,delivered,Depok
ORD04851,2023-07-13,CST0596,STR006,PRD0017,Skincare Serum Vit C Lokal,Kecantikan & Perawatan,4,105000.0,15.0,63000.0,356800.0,Dana,processing,Depok
ORD02908,2024-05-23,CST0623,STR044,PRD0043,Tas Sekolah Anak SD,Perlengkapan Bayi & Anak,1,119400.0,0.0,0.0,119400.0,Transfer Mandiri,delivered,Tangerang
ORD02582,2024-08-04,CST0615,STR048,PRD0051,Topi Running,Olahraga & Outdoor,1,53100.0,20.0,10600.0,42500.0,Transfer BRI,cancelled,Surabaya
ORD01369,2024-05-17,CST0809,STR031,PRD0033,Tempat Makan Tupperware KW,Rumah Tangga,10,51900.0,5.0,25900.0,493000.0,Transfer BRI,returned,Palembang
ORD00235,2024-12-17,CST0372,STR022,PRD0048,Tali Skipping Premium,Olahraga & Outdoor,1,55000.0,0.0,0.0,55000.0,Alfamart,cancelled,Jakarta
ORD03465,2024-10-17,CST0092,STR007,PRD0038,Talenan Kayu Jati,Rumah Tangga,2,83700.0,0.0,0.0,167400.0,GoPay,delivered,Bogor
ORD00598,2023-06-18,CST0080,STR018,PRD0045,Buku Mewarnai + Crayon,Perlengkapan Bayi & Anak,1,29000.0,10.0,2900.0,26100.0,GoPay,cancelled,Makassar
ORD04960,2023-04-22,CST0918,STR049,PRD0015,Dodol Garut Premium,Makanan & Minuman,3,41000.0,0.0,0.0,123000.0,Indomaret,processing,Makassar
ORD02251,2024-02-26,CST0055,STR035,PRD0040,Lilin Aromaterapi,Rumah Tangga,4,71100.0,10.0,28400.0,255900.0,Transfer BCA,processing,Surabaya
ORD04559,2023-12-04,CST0427,STR041,PRD0019,Sabun Sirih Herbal,Kecantikan & Perawatan,1,28700.0,0.0,0.0,28700.0,GoPay,delivered,Semarang
ORD02284,2023-04-13,CST0199,STR023,PRD0034,Sapu Lantai Ijuk,Rumah Tangga,1,23500.0,5.0,1200.0,22300.0,Transfer BRI,processing,Palembang
ORD00663,2023-07-30,CST0482,STR032,PRD0021,Sunscreen SPF50 Lokal,Kecantikan & Perawatan,1,93000.0,0.0,0.0,93000.0,,delivered,Bogor
ORD02562,2023-08-10,CST0471,STR049,PRD0046,Botol Susu Anti-Kolik,Perlengkapan Bayi & Anak,1,108800.0,10.0,10900.0,97900.0,Dana,returned,Makassar
ORD02286,2023-05-18,CST0496,STR028,PRD0040,Lilin Aromaterapi,Rumah Tangga,1,62800.0,0.0,0.0,62800.0,QRIS,delivered,Palembang
ORD05293,2024-03-03,CST0939,STR039,PRD0049,Matras Yoga 6mm,Olahraga & Outdoor,3,146800.0,0.0,0.0,440500.0,Transfer Mandiri,delivered,Bandung
ORD04499,2024-07-22,CST0450,STR038,PRD0024,Parfum Roll-On Halal,Kecantikan & Perawatan,1,42200.0,15.0,6300.0,35900.0,ShopeePay,processing,Semarang
ORD03253,2023-12-15,CST0312,STR042,PRD0032,Charger Fast Charging,Elektronik & Aksesori,4,71300.0,0.0,0.0,285400.0,LinkAja,returned,Bogor
ORD05123,2023-11-15,CST0222,STR023,PRD0045,Buku Mewarnai + Crayon,Perlengkapan Bayi & Anak,1,29800.0,10.0,3000.0,26800.0,ShopeePay,delivered,Palembang
ORD03127,2024-12-02,CST0539,STR035,PRD0041,Baju Bayi Newborn Set,Perlengkapan Bayi & Anak,1,122500.0,5.0,6100.0,116400.0,ShopeePay,delivered,Surabaya
ORD02991,2023-05-02,CST0232,STR012,PRD0025,Powerbank 10000mAh,Elektronik & Aksesori,2,119100.0,5.0,11900.0,226300.0,OVO,cancelled,Depok
ORD05193,2023-02-05,CST0517,STR024,PRD0009,Keripik Tempe Renceng,Makanan & Minuman,5,14300.0,,7200.0,64400.0,Transfer Mandiri,delivered,Bogor
ORD00780,2024-10-28,CST0237,STR024,PRD0033,Tempat Makan Tupperware KW,Rumah Tangga,1,55400.0,5.0,2800.0,52700.0,Indomaret,delivered,Bogor
ORD02545,2023-09-17,CST0971,STR012,PRD0032,Charger Fast Charging,Elektronik & Aksesori,1,67400.0,20.0,13500.0,53900.0,OVO,cancelled,Depok
ORD04170,2024-01-25,CST0499,STR023,PRD0051,Topi Running,Olahraga & Outdoor,1,50100.0,0.0,0.0,50100.0,Dana,delivered,Palembang
ORD04199,2024-01-01,CST0787,STR015,PRD0044,Sepatu Anak Velcro,Perlengkapan Bayi & Anak,2,87600.0,5.0,8800.0,166400.0,Transfer BCA,processing,Jakarta
ORD04106,2023-09-27,CST0509,STR001,PRD0020,Lip Cream Matte Halal,Kecantikan & Perawatan,-1,47700.0,20.0,9500.0,38200.0,Transfer BCA,processing,Surabaya
ORD04006,25/10/2024,CST0530,STR045,PRD0043,Tas Sekolah Anak SD,Perlengkapan Bayi & Anak,2,115700.0,0.0,0.0,231300.0,Dana,processing,Bogor
ORD04616,2024-04-12,CST0413,STR009,PRD0031,Casing HP Anti Crack,Elektronik & Aksesori,1,29700.0,0.0,0.0,29700.0,Transfer BRI,returned,Medan
ORD05422,2024-04-07,CST0484,STR044,PRD0052,Gelang Batok Kelapa,Kerajinan & Souvenir,1,27500.0,15.0,4100.0,23400.0,Dana,returned,Tangerang
ORD00686,2024-11-09,CST0202,STR004,PRD0025,Powerbank 10000mAh,Elektronik & Aksesori,3,141500.0,0.0,0.0,424500.0,LinkAja,cancelled,Jakarta
ORD03968,2024-10-31,CST0577,STR012,PRD0020,Lip Cream Matte Halal,Kecantikan & Perawatan,3,50500.0,0.0,0.0,151600.0,Dana,delivered,Depok
ORD03436,2024-05-28,CST0690,STR030,PRD0022,Body Lotion Bengkoang,Kecantikan&Perawatan,2,57100.0,0.0,0.0,114200.0,Transfer Mandiri,returned,Surabaya
ORD04339,2024-08-13,CST0252,STR013,PRD0019,Sabun Sirih Herbal,Kecantikan & Perawatan,1,266000.0,0.0,0.0,26600.0,Indomaret,delivered,Depok
ORD02838,2024-11-11,CST0573,STR011,PRD0028,Holder HP Mobil,Elektronik & Aksesori,4,65100.0,5.0,13000.0,247300.0,QRIS,delivered,Bogor
ORD03033,2023-03-24,CST0567,STR036,PRD0019,Sabun Sirih Herbal,Kecantikan & Perawatan,3,26900.0,10.0,8100.0,72700.0,Transfer BCA,delivered,Tangerang
ORD02172,2024-01-09,CST0073,STR004,PRD0036,Gantungan Baju Kayu,Rumah Tangga,3,19600.0,0.0,0.0,58800.0,Indomaret,delivered,Jakarta
ORD05281,2024-03-12,CST0072,STR027,PRD0050,Botol Infuser Air,Olahraga & Outdoor,1,64400.0,0.0,0.0,64400.0,Transfer BRI,processing,Depok
ORD01851,2023-02-07,CST0903,STR048,PRD0013,Snack Box Mix,Makanan & Minuman,10,48100.0,10.0,48100.0,432600.0,OVO,processing,Surabaya
ORD00488,2024-05-07,CST0277,STR018,PRD0041,Baju Bayi Newborn Set,Perlengkapan Bayi & Anak,2,138300.0,5.0,13800.0,262800.0,Indomaret,returned,Makassar
ORD01689,2023-10-12,CST0094,STR002,PRD0036,Gantungan Baju Kayu,Rumah Tangga,1,20000.0,10.0,2000.0,18000.0,Transfer BRI,cancelled,Medan
ORD02231,2023-07-28,CST0620,STR018,PRD0020,Lip Cream Matte Halal,Kecantikan & Perawatan,2,46800.0,10.0,9400.0,84200.0,Indomaret,delivered,Makassar
ORD04086,2023-05-31,CST0219,STR026,PRD0034,Sapu Lantai Ijuk,Rumah Tangga,5,27800.0,5.0,6900.0,132000.0,Transfer BCA,returned,Bandung
ORD02321,2024-04-02,CST0806,STR040,PRD0017,Skincare Serum Vit C Lokal,Kecantikan & Perawatan,2,111200.0,0.0,0.0,222400.0,LinkAja,delivered,Tangerang
ORD00783,2023-12-13,CST0891,STR014,PRD0036,Gantungan Baju Kayu,Rumah Tangga,2,21900.0,10.0,4400.0,39400.0,,delivered,Makassar
ORD00522,2024-03-05,CST0106,STR027,PRD0006,Jaket Bomber,Fashion & Pakaian,2,314800.0,5.0,31500.0,598100.0,LinkAja,processing,Depok
ORD00523,2023-11-18,CST0823,STR011,PRD0030,Mouse Wireless USB,Elektronik & Aksesori,5,84900.0,,0.0,424700.0,COD,returned,Bogor
ORD03548,2023-11-08,CST0331,STR017,PRD0018,Masker Wajah Clay BPOM,Kecantikan & Perawatan,1,51700.0,0.0,0.0,51700.0,GoPay,returned,Tangerang
ORD02940,2023-09-28,CST0190,STR012,PRD0030,Mouse Wireless USB,Elektronik & Aksesori,3,102100.0,20.0,61300.0,245100.0,OVO,processing,Depok
ORD04516,2023-11-19,CST0495,STR040,PRD0056,Topeng Kayu Dekorasi,Kerajinan & Souvenir,2,119200.0,0.0,0.0,238400.0,Transfer BCA,processing,Tangerang
ORD02399,2023-06-14,CST0303,STR041,PRD0054,Lukisan Kanvas UMKM,Kerajinan & Souvenir,4,179800.0,0.0,0.0,719200.0,Dana,cancelled,Semarang
ORD02208,2023-08-18,CST0008,STR050,PRD0051,Topi Running,Olahraga & Outdoor,1,47800.0,10.0,4800.0,43000.0,Indomaret,returned,Medan
ORD04230,2024-09-13,CST0589,STR049,PRD0006,Jaket Bomber,Fashion & Pakaian,2,301800.0,0.0,0.0,603500.0,OVO,delivered,Makassar
ORD00781,2024-01-21,CST0854,STR020,PRD0050,Botol Infuser Air,Olahraga & Outdoor,5,61400.0,15.0,46100.0,261100.0,GoPay,delivered,Bandung
ORD04385,2024-01-09,CST0395,STR035,PRD0003,Hijab Voal Motif,Fashion & Pakaian,1,57900.0,5.0,2900.0,55000.0,QRIS,cancelled,Surabaya
ORD03528,2024-10-03,CST0082,STR038,PRD0015,Dodol Garut Premium,Makanan & Minuman,3,45600.0,5.0,6800.0,130000.0,Transfer BRI,delivered,Semarang
ORD01512,2023-06-13,CST0481,STR030,PRD0048,Tali Skipping Premium,Olahraga & Outdoor,2,55000.0,0.0,0.0,109900.0,Transfer BCA,delivered,Surabaya
ORD01883,2023-03-10,CST0599,STR034,PRD0030,Mouse Wireless USB,Elektronik & Aksesori,10,87500.0,15.0,131300.0,744100.0,Transfer BCA,processing,Depok
ORD00652,2024-07-19,CST0026,STR042,PRD0001,Batik Tulis Premium,Fashion & Pakaian,3,328800.0,5.0,49300.0,937100.0,OVO,delivered,Bogor
ORD04991,2024-07-14,CST0264,STR034,PRD0017,Skincare Serum Vit C Lokal,Kecantikan & Perawatan,2,97800.0,5.0,9800.0,185800.0,Transfer Mandiri,delivered,Depok
ORD03869,2024-03-27,CST0310,STR005,PRD0004,Celana Chino Pria,Fashion & Pakaian,1,178300.0,0.0,0.0,178300.0,Transfer Mandiri,returned,Medan
ORD00370,2024-08-30,CST0581,STR044,PRD0052,Gelang Batok Kelapa,Kerajinan & Souvenir,1,26600.0,10.0,2700.0,24000.0,Transfer BRI,delivered,Tangerang
ORD04903,2023-05-05,CST0223,STR027,PRD0030,Mouse Wireless USB,Elektronik & Aksesori,1,94000.0,0.0,0.0,94000.0,OVO,delivered,Depok
ORD04538,2024-12-19,CST0684,STR017,PRD0035,Lap Microfiber Set 3pcs,Rumah Tangga,5,31400.0,0.0,0.0,156900.0,QRIS,delivered,Tangerang
ORD00119,2024-12-25,CST0476,STR014,PRD0052,Gelang Batok Kelapa,Kerajinan & Souvenir,1,26700.0,5.0,1300.0,25300.0,Dana,cancelled,
ORD00378,2023-05-02,CST0970,STR021,PRD0029,Lampu LED Ring Light,Elektronik & Aksesori,1,167400.0,0.0,0.0,167400.0,Transfer Mandiri,delivered,Depok
ORD03806,2024-10-16,CST0877,STR027,PRD0037,Botol Minum Tumbler,Rumah Tangga,2,89700.0,5.0,9000.0,170500.0,Alfamart,delivered,Depok
ORD02217,2023-12-29,CST0322,STR022,PRD0056,Topeng Kayu Dekorasi,Kerajinan & Souvenir,1,107400.0,5.0,5400.0,102000.0,OVO,processing,Jakarta
ORD04268,2023-08-08,CST0641,STR001,PRD0014,Madu Hutan Asli 500ml,Makanan & Minuman,1,162000.0,0.0,0.0,162000.0,Transfer BCA,delivered,Surabaya
ORD01614,2023-09-14,CST0715,STR040,PRD0048,Tali Skipping Premium,Olahraga & Outdoor,5,54500.0,0.0,0.0,272600.0,Indomaret,delivered,Tangerang
ORD02884,2023-11-01,CST0254,STR004,PRD0029,Lampu LED Ring Light,Elektronik & Aksesori,2,188100.0,15.0,56400.0,319700.0,QRIS,processing,Jakarta
ORD04835,2023-02-09,CST0703,STR039,PRD0053,Tas Anyaman Pandan,Kerajinan & Souvenir,2,89300.0,0.0,0.0,178700.0,ShopeePay,delivered,Bandung
ORD00963,2024-12-10,CST0593,STR046,PRD0048,Tali Skipping Premium,Olahraga & Outdoor,2,59600.0,5.0,6000.0,113200.0,QRIS,delivered,Medan
ORD05141,2024-05-23,CST0416,STR005,PRD0026,Kabel Data Type-C 1m,Elektronik & Aksesori,1,43600.0,10.0,4400.0,39200.0,COD,processing,Medan
ORD02511,2024-09-06,CST0920,STR037,PRD0005,Dress Casual Wanita,Fashion & Pakaian,1,162500.0,20.0,32500.0,130000.0,OVO,cancelled,Depok
ORD05268,2023-01-16,CST0252,STR038,PRD0032,Charger Fast Charging,Elektronik & Aksesori,4,75800.0,5.0,15200.0,288000.0,LinkAja,returned,Semarang
ORD04273,16/06/2024,CST0540,STR041,PRD0047,Kaos Olahraga Dryfit,Olahraga & Outdoor,5,74800.0,10.0,37400.0,336600.0,Indomaret,delivered,Semarang
ORD03529,2024-04-22,CST0472,STR050,PRD0005,Dress Casual Wanita,Fashion & Pakaian,5,164700.0,15.0,123500.0,700000.0,Transfer Mandiri,processing,Medan
ORD00360,2024-01-24,CST0531,STR005,PRD0005,Dress Casual Wanita,Fashion & Pakaian,2,171700.0,5.0,17200.0,326200.0,Transfer BCA,delivered,Medan
ORD03802,2023-09-19,CST0520,STR025,PRD0043,Tas Sekolah Anak SD,Perlengkapan Bayi & Anak,1,116800.0,15.0,17500.0,99300.0,Alfamart,delivered,Tangerang
ORD02416,2023-05-24,CST0202,STR012,PRD0023,Shampo Kemiri Organik,Kecantikan & Perawatan,5,69400.0,10.0,34700.0,312400.0,Transfer Mandiri,delivered,Depok
ORD05220,2023-04-23,CST0825,STR049,PRD0042,Mainan Edukasi Kayu,Perlengkapan Bayi & Anak,3,81000.0,0.0,0.0,242900.0,LinkAja,returned,Makassar
ORD04742,2024-12-21,CST0528,STR034,PRD0030,Mouse Wireless USB,Elektronik & Aksesori,3,87900.0,0.0,0.0,263800.0,Indomaret,delivered,Depok
ORD02186,2024-02-16,CST0964,STR040,PRD0050,Botol Infuser Air,Olahraga & Outdoor,2,62000.0,5.0,6200.0,117900.0,Indomaret,delivered,Tangerang
ORD03539,05/06/2023,CST0420,STR020,PRD0009,Keripik Tempe Renceng,Makanan & Minuman,2,15200.0,0.0,0.0,30400.0,Alfamart,delivered,Bandung
ORD02568,2023-08-05,CST0438,STR007,PRD0003,Hijab Voal Motif,Fashion & Pakaian,3,67700.0,15.0,30500.0,172600.0,Alfamart,delivered,Bogor
ORD02038,2023-05-10,CST0051,STR021,PRD0054,Lukisan Kanvas UMKM,Kerajinan & Souvenir,1,177300.0,15.0,26600.0,150700.0,COD,delivered,Depok
ORD04772,2023-06-28,CST0251,STR030,PRD0056,Topeng Kayu Dekorasi,Kerajinan & Souvenir,2,119000.0,20.0,47600.0,190300.0,Transfer Mandiri,processing,Surabaya
ORD00773,2023-08-04,CST0210,STR027,PRD0033,Tempat Makan Tupperware KW,Rumah Tangga,4,57600.0,0.0,0.0,230200.0,Alfamart,delivered,Depok
ORD01285,2024-06-22,CST0384,STR039,PRD0029,Lampu LED Ring Light,Elektronik & Aksesori,1,176400.0,0.0,0.0,176400.0,Transfer BCA,delivered,Bandung
ORD05160,2023-10-11,CST0625,STR023,PRD0050,Botol Infuser Air,Olahraga & Outdoor,2,68200.0,0.0,0.0,136500.0,COD,processing,Palembang
ORD05315,2024-09-16,CST0566,STR028,PRD0012,Teh Herbal Jahe Merah,Makanan & Minuman,1,443000.0,10.0,4400.0,39900.0,Transfer BCA,delivered,Palembang
ORD02588,2023-11-10,CST0217,STR048,PRD0012,Teh Herbal Jahe Merah,Makanan & Minuman,2,39500.0,0.0,0.0,78900.0,Transfer BRI,delivered,Surabaya
ORD05131,2024-02-04,CST0341,STR002,PRD0039,Keranjang Rotan Mini,Rumah Tangga,2,120900.0,0.0,0.0,241900.0,Alfamart,delivered,
ORD01415,2024-04-20,CST0719,STR022,PRD0019,Sabun Sirih Herbal,Kecantikan & Perawatan,1,28500.0,0.0,0.0,28500.0,Indomaret,delivered,Jakarta
ORD01235,2024-01-24,CST0131,STR038,PRD0013,Snack Box Mix,Makanan & Minuman,1,51300.0,20.0,10300.0,41000.0,COD,delivered,Semarang
ORD03373,2023-10-20,CST0724,STR011,PRD0035,Lap Microfiber Set 3pcs,Rumah Tangga,5,30500.0,0.0,0.0,152400.0,COD,delivered,Bogor
ORD00436,2023-06-24,CST0539,STR006,PRD0052,Gelang Batok Kelapa,Kerajinan & Souvenir,5,23400.0,10.0,11700.0,105400.0,Transfer BRI,cancelled,Depok
ORD01675,2024-08-29,CST0256,STR007,PRD0028,Holder HP Mobil,Elektronik & Aksesori,1,58500.0,10.0,5900.0,52700.0,ShopeePay,cancelled,Bogor
ORD00366,2024-02-10,CST0706,STR048,PRD0005,Dress Casual Wanita,Fashion & Pakaian,2,176400.0,0.0,0.0,352800.0,Dana,cancelled,Surabaya
ORD03304,2023-07-29,CST0953,STR004,PRD0038,Talenan Kayu Jati,Rumah Tangga,2,89600.0,0.0,0.0,179300.0,Indomaret,returned,Jakarta
ORD00232,2024-10-20,CST0280,STR003,PRD0008,Sandal Kulit Handmade,Fashion & Pakaian,1,152000.0,0.0,0.0,152000.0,GoPay,delivered,Depok
ORD04849,2023-05-19,CST0424,STR029,PRD0034,Sapu Lantai Ijuk,Rumah Tangga,2,25200.0,10.0,5000.0,45400.0,LinkAja,cancelled,Bandung
ORD00148,2024-08-01,CST0098,STR041,PRD0027,Earphone Bluetooth TWS,Elektronik & Aksesori,3,142500.0,5.0,21400.0,406100.0,ShopeePay,returned,Semarang
ORD05231,2024-11-19,CST0110,STR012,PRD0056,Topeng Kayu Dekorasi,Kerajinan & Souvenir,1,114800.0,0.0,0.0,114800.0,ShopeePay,cancelled,Depok
ORD03089,2023-05-18,CST0057,STR014,PRD0023,Shampo Kemiri Organik,Kecantikan & Perawatan,1,72500.0,,3600.0,68900.0,COD,delivered,Makassar
ORD03564,2023-10-24,CST0196,STR050,PRD0056,Topeng Kayu Dekorasi,Kerajinan & Souvenir,1,106100.0,0.0,0.0,106100.0,Transfer Mandiri,processing,Medan
ORD00408,2023-10-12,CST0837,STR048,PRD0036,Gantungan Baju Kayu,Rumah Tangga,3,18800.0,15.0,8500.0,48000.0,Alfamart,cancelled,Surabaya
ORD02091,2023-01-04,CST0829,STR006,PRD0051,Topi Running,Olahraga & Outdoor,4,51300.0,0.0,0.0,205300.0,,delivered,Depok
ORD00087,2023-04-01,CST0556,STR043,PRD0051,Topi Running,Olahraga & Outdoor,1,49600.0,5.0,2500.0,47100.0,Alfamart,delivered,Surabaya
ORD00845,2024-02-03,CST0569,STR047,PRD0040,Lilin Aromaterapi,Rumah Tangga,1,71100.0,15.0,10700.0,60400.0,Dana,delivered,Makassar
ORD01032,2023-11-23,CST0620,STR032,PRD0048,Tali Skipping Premium,Olahraga & Outdoor,4,58800.0,15.0,35300.0,200000.0,transfer bri,processing,Bogor
ORD03283,2024-12-17,CST0617,STR034,PRD0032,Charger Fast Charging,Elektronik & Aksesori,2,71400.0,0.0,0.0,142700.0,LinkAja,processing,Depok
ORD04012,2024-05-02,CST0812,STR013,PRD0046,Botol Susu Anti-Kolik,Perlengkapan Bayi & Anak,3,101600.0,10.0,30500.0,274400.0,Transfer BCA,returned,Depok
ORD03406,2023-01-10,CST0526,STR014,PRD0041,Baju Bayi Newborn Set,Perlengkapan Bayi & Anak,3,134100.0,15.0,60300.0,341800.0,OVO,delivered,Makassar
ORD02988,2023-03-04,CST0995,STR041,PRD0044,Sepatu Anak Velcro,Perlengkapan Bayi & Anak,1,96100.0,0.0,0.0,96100.0,LinkAja,processing,Semarang
ORD05179,2024-01-29,CST0695,STR037,PRD0030,Mouse Wireless USB,Elektronik & Aksesori,3,101000.0,0.0,0.0,303000.0,Transfer Mandiri,processing,Depok
ORD02629,2023-07-02,CST0526,STR039,PRD0011,Kopi Arabika Toraja 250gr,Makanan & Minuman,3,76000.0,0.0,0.0,227900.0,Transfer Mandiri,processing,Bandung
ORD05469,2024-10-01,CST0127,STR033,PRD0046,Botol Susu Anti-Kolik,Perlengkapan Bayi & Anak,1,91600.0,5.0,4600.0,87000.0,Transfer Mandiri,delivered,Depok
ORD00856,2024-01-08,CST0147,STR002,PRD0042,Mainan Edukasi Kayu,Perlengkapan Bayi & Anak,1,77300.0,5.0,3900.0,73400.0,Transfer BCA,delivered,
ORD03004,2024-09-13,CST0195,STR039,PRD0011,Kopi Arabika Toraja 250gr,Makanan & Minuman,2,79400.0,15.0,23800.0,135000.0,LinkAja,cancelled,Bandung
ORD00079,2024-12-11,CST0640,STR004,PRD0047,Kaos Olahraga Dryfit,Olahraga & Outdoor,4,76400.0,5.0,15300.0,290500.0,Transfer BCA,delivered,Jakarta
ORD02993,2024-05-21,CST0746,STR047,PRD0023,Shampo Kemiri Organik,Kecantikan & Perawatan,1,73700.0,15.0,11100.0,62600.0,Indomaret,returned,Makassar
ORD02248,2024-04-25,CST0616,STR010,PRD0046,Botol Susu Anti-Kolik,Perlengkapan Bayi & Anak,1,98900.0,0.0,0.0,98900.0,Transfer Mandiri,processing,Palembang
ORD03584,2024-07-01,CST0033,STR005,PRD0045,Buku Mewarnai + Crayon,Perlengkapan Bayi & Anak,1,30000.0,0.0,0.0,30000.0,ShopeePay,processing,Medan
ORD05125,20/07/2024,CST0724,STR047,PRD0002,Kaos Polos Cotton Combed,FASHION & PAKAIAN,1,45100.0,0.0,0.0,45100.0,Transfer BCA,delivered,Makassar
ORD05163,2024-11-29,CST0123,STR040,PRD0029,Lampu LED Ring Light,Elektronik & Aksesori,1,182100.0,0.0,0.0,182100.0,COD,processing,Tangerang
ORD00759,2023-09-21,CST0308,STR032,PRD0040,Lilin Aromaterapi,Rumah Tangga,3,71000.0,10.0,21300.0,191800.0,Indomaret,delivered,Bogor
ORD04703,2023-09-16,CST0679,STR002,PRD0050,Botol Infuser Air,Olahraga & Outdoor,1,56800.0,5.0,2800.0,53900.0,Transfer Mandiri,delivered,Medan
ORD04396,2024-12-10,CST0187,STR050,PRD0039,Keranjang Rotan Mini,Rumah Tangga,1,114100.0,5.0,5700.0,108400.0,Transfer Mandiri,processing,Medan
ORD02280,2024-11-08,CST0395,STR046,PRD0030,Mouse Wireless USB,Elektronik & Aksesori,3,94300.0,5.0,14100.0,268600.0,ShopeePay,delivered,Medan
ORD03244,2024-04-30,CST0578,STR048,PRD0045,Buku Mewarnai + Crayon,Perlengkapan Bayi & Anak,1,33500.0,5.0,1700.0,31800.0,COD,returned,Surabaya
ORD03876,2023-05-25,CST0764,STR010,PRD0047,Kaos Olahraga Dryfit,Olahraga & Outdoor,2,72100.0,0.0,0.0,144200.0,Dana,delivered,Palembang
ORD05431,2024-08-28,CST0576,STR012,PRD0046,Botol Susu Anti-Kolik,Perlengkapan Bayi & Anak,3,97300.0,10.0,29200.0,262700.0,,delivered,Depok
ORD04468,2024-02-01,CST0541,STR042,PRD0005,Dress Casual Wanita,Fashion & Pakaian,2,173300.0,20.0,69300.0,277300.0,Transfer BRI,returned,Bogor
ORD04201,2024-05-15,CST0476,STR020,PRD0041,Baju Bayi Newborn Set,Perlengkapan Bayi & Anak,1,139800.0,20.0,28000.0,111900.0,OVO,processing,Bandung
ORD03318,2024-05-16,CST0463,STR035,PRD0049,Matras Yoga 6mm,Olahraga & Outdoor,2,164900.0,0.0,0.0,329900.0,Transfer BCA,delivered,Surabaya
ORD02177,2024-08-04,CST0449,STR028,PRD0047,Kaos Olahraga Dryfit,Olahraga & Outdoor,1,78700.0,5.0,3900.0,74800.0,GoPay,returned,Palembang
ORD00425,2024-02-27,CST0744,STR047,PRD0008,Sandal Kulit Handmade,Fashion & Pakaian,5,148800.0,5.0,37200.0,707000.0,OVO,delivered,Makassar
ORD00393,2024-10-12,CST0982,STR048,PRD0055,Gantungan Kunci Batik,Kerajinan & Souvenir,4,13400.0,15.0,8100.0,45700.0,COD,delivered,Surabaya
ORD04883,2024-08-10,CST0122,STR020,PRD0044,Sepatu Anak Velcro,Perlengkapan Bayi & Anak,2,101700.0,0.0,0.0,203400.0,Transfer BRI,cancelled,Bandung
ORD05303,2023-01-03,CST0832,STR045,PRD0053,Tas Anyaman Pandan,Kerajinan & Souvenir,3,105700.0,5.0,15900.0,301300.0,Indomaret,cancelled,Bogor
ORD02240,2023-04-03,CST0645,STR009,PRD0031,Casing HP Anti Crack,Elektronik & Aksesori,2,31000.0,5.0,3100.0,58900.0,ShopeePay,processing,Medan
ORD00105,2024-02-27,CST0845,STR038,PRD0005,Dress Casual Wanita,Fashion & Pakaian,1,176800.0,0.0,0.0,176800.0,ShopeePay,delivered,Semarang
ORD02673,2023-12-27,CST0491,STR031,PRD0024,Parfum Roll-On Halal,Kecantikan & Perawatan,1,43000.0,0.0,0.0,43000.0,,processing,Palembang
ORD03717,2023-07-08,CST0614,STR005,PRD0055,Gantungan Kunci Batik,Kerajinan & Souvenir,3,13100.0,5.0,2000.0,37300.0,Transfer BRI,delivered,Medan
ORD03928,2023-05-27,CST0500,STR025,PRD0007,Sepatu Sneakers Lokal,Fashion & Pakaian,5,254000.0,10.0,127000.0,1143100.0,Alfamart,cancelled,Tangerang
ORD03927,2023-12-10,CST0944,STR046,PRD0019,Sabun Sirih Herbal,Kecantikan & Perawatan,1,25700.0,10.0,2600.0,23100.0,QRIS,returned,Medan
ORD04156,2024-10-18,CST0671,STR030,PRD0016,Rendang Kemasan Vacuum,Makanan & Minuman,1,128900.0,0.0,0.0,128900.0,Alfamart,processing,Surabaya
ORD01949,2024-06-07,CST0930,STR045,PRD0021,Sunscreen SPF50 Lokal,Kecantikan & Perawatan,1,93200.0,0.0,0.0,93200.0,,delivered,Bogor
ORD01460,2023-07-31,CST0130,STR012,PRD0037,Botol Minum Tumbler,Rumah Tangga,1,78000.0,5.0,3900.0,74100.0,GoPay,delivered,Depok
ORD04078,2023-02-04,CST0361,STR048,PRD0012,Teh Herbal Jahe Merah,Makanan & Minuman,4,40600.0,25.0,40600.0,121800.0,Indomaret,delivered,Surabaya
ORD03506,2023-07-15,CST0259,STR042,PRD0035,Lap Microfiber Set 3pcs,Rumah Tangga,1,33300.0,0.0,0.0,33300.0,transfer mandiri,cancelled,Bogor
ORD03384,2023-02-25,CST0544,STR009,PRD0046,Botol Susu Anti-Kolik,Perlengkapan Bayi & Anak,1,98600.0,0.0,0.0,98600.0,Dana,delivered,Medan
ORD05373,2023-02-24,CST0097,STR023,PRD0002,Kaos Polos Cotton Combed,Fashion & Pakaian,1,52400.0,15.0,7900.0,44600.0,OVO,cancelled,Palembang
ORD01588,2023-07-22,CST0564,STR031,PRD0006,Jaket Bomber,Fashion & Pakaian,1,3116000.0,5.0,15600.0,296000.0,Transfer BRI,delivered,Palembang
ORD04340,2023-07-28,CST0038,STR022,PRD0006,Jaket Bomber,Fashion & Pakaian,2,310600.0,0.0,0.0,621200.0,Indomaret,cancelled,Jakarta
ORD01732,2024-06-08,CST0862,STR025,PRD0045,Buku Mewarnai + Crayon,Perlengkapan Bayi & Anak,3,29900.0,0.0,0.0,89600.0,Transfer BRI,delivered,Tangerang
ORD05346,2023-01-20,CST0998,STR005,PRD0020,Lip Cream Matte Halal,Kecantikan & Perawatan,3,46100.0,10.0,13800.0,124500.0,OVO,delivered,Medan
ORD04371,2023-01-20,CST0638,STR043,PRD0027,Earphone Bluetooth TWS,Elektronik & Aksesori,1,153400.0,0.0,0.0,153400.0,Transfer Mandiri,delivered,Surabaya
ORD00183,2024-10-13,CST0057,STR037,PRD0036,Gantungan Baju Kayu,Rumah Tangga,4,21100.0,10.0,8400.0,75800.0,Transfer Mandiri,returned,Depok
ORD01792,2023-02-04,CST0570,STR014,PRD0033,Tempat Makan Tupperware KW,Rumah Tangga,1,53700.0,5.0,2700.0,51000.0,OVO,delivered,Makassar
ORD02356,2024-10-18,CST0135,STR002,PRD0015,Dodol Garut Premium,Makanan & Minuman,1,43500.0,,0.0,43500.0,QRIS,cancelled,Medan
ORD01941,2024-07-19,CST0028,STR014,PRD0022,Body Lotion Bengkoang,Kecantikan & Perawatan,1,49100.0,0.0,0.0,49100.0,Transfer BRI,returned,Makassar
ORD00703,2023-06-05,CST0222,STR005,PRD0008,Sandal Kulit Handmade,Fashion & Pakaian,1,157900.0,0.0,0.0,157900.0,Alfamart,returned,Medan
ORD02443,2024-08-14,CST0148,STR005,PRD0055,Gantungan Kunci Batik,Kerajinan & Souvenir,2,120000.0,0.0,0.0,24100.0,GoPay,delivered,Medan
ORD03517,2024-04-02,CST0282,STR045,PRD0050,Botol Infuser Air,Olahraga & Outdoor,2,66700.0,0.0,0.0,133500.0,Indomaret,delivered,Bogor
ORD00497,2024-09-29,CST0299,STR010,PRD0015,Dodol Garut Premium,Makanan & Minuman,5,44000.0,10.0,22000.0,197900.0,gopay,delivered,Palembang
ORD04362,2024-06-26,CST0856,STR007,PRD0009,Keripik Tempe Renceng,Makanan & Minuman,2,14100.0,0.0,0.0,28200.0,Indomaret,delivered,Bogor
ORD00465,2023-03-14,CST0126,STR009,PRD0010,Sambal Bawang Homemade,Makanan & Minuman,2,35100.0,,0.0,70200.0,LinkAja,delivered,Medan
ORD05085,2024-08-02,CST0176,STR023,PRD0049,Matras Yoga 6mm,Olahraga & Outdoor,4,146200.0,5.0,29200.0,555600.0,QRIS,processing,Palembang
ORD04854,2024-10-21,CST0710,STR019,PRD0052,Gelang Batok Kelapa,Kerajinan & Souvenir,4,26600.0,5.0,5300.0,101200.0,OVO,delivered,Surabaya
ORD00173,2024-05-14,CST0739,STR022,PRD0007,Sepatu Sneakers Lokal,Fashion & Pakaian,1,272300.0,0.0,0.0,272300.0,Transfer Mandiri,delivered,Jakarta
ORD03849,2024-04-14,CST0061,STR048,PRD0051,Topi Running,Olahraga & Outdoor,4,54200.0,10.0,21700.0,195000.0,GoPay,delivered,Surabaya
ORD05380,2023-12-30,CST0934,STR012,PRD0019,Sabun Sirih Herbal,Kecantikan & Perawatan,2,26500.0,10.0,5300.0,47700.0,,returned,Depok
ORD02541,2023-07-11,CST0276,STR007,PRD0019,Sabun Sirih Herbal,Kecantikan & Perawatan,3,26900.0,10.0,8100.0,72600.0,,delivered,Bogor
ORD04084,2023-05-25,CST0341,STR042,PRD0055,Gantungan Kunci Batik,Kerajinan & Souvenir,2,12900.0,,2600.0,23300.0,OVO,returned,Bogor
ORD03691,2024-02-02,CST0047,STR021,PRD0021,Sunscreen SPF50 Lokal,Kecantikan & Perawatan,1,89600.0,0.0,0.0,89600.0,LinkAja,delivered,Depok
ORD02261,2024-07-25,CST0094,STR042,PRD0010,Sambal Bawang Homemade,Makanan & Minuman,5,34600.0,0.0,0.0,172800.0,GoPay,processing,Bogor
ORD03085,2023-10-10,CST0954,STR044,PRD0039,Keranjang Rotan Mini,Rumah Tangga,5,116800.0,10.0,58400.0,525600.0,Dana,cancelled,Tangerang
ORD02113,2023-03-08,CST0794,STR046,PRD0016,Rendang Kemasan Vacuum,Makanan & Minuman,4,121000.0,0.0,0.0,484000.0,GoPay,processing,Medan
ORD00901,2024-03-11,CST0488,STR044,PRD0035,Lap Microfiber Set 3pcs,Rumah Tangga,1,33200.0,0.0,0.0,33200.0,LinkAja,delivered,Tangerang
ORD01447,2024-11-24,CST0125,STR019,PRD0043,Tas Sekolah Anak SD,Perlengkapan Bayi & Anak,10,108600.0,10.0,108600.0,977200.0,GoPay,delivered,Surabaya
ORD01912,2023-10-18,CST0624,STR032,PRD0020,Lip Cream Matte Halal,Kecantikan & Perawatan,1,50700.0,10.0,5100.0,45600.0,Alfamart,cancelled,Bogor
ORD02698,2024-05-27,CST0497,STR004,PRD0050,Botol Infuser Air,Olahraga & Outdoor,2,63600.0,5.0,6400.0,120800.0,ShopeePay,returned,Jakarta
ORD03545,2024-07-11,CST0009,STR003,PRD0011,Kopi Arabika Toraja 250gr,Makanan & Minuman,1,89100.0,0.0,0.0,89100.0,Transfer Mandiri,cancelled,Depok
ORD00742,2023-01-08,CST0382,STR045,PRD0014,Madu Hutan Asli 500ml,Makanan & Minuman,1,176500.0,20.0,35300.0,141200.0,LinkAja,cancelled,Bogor
ORD02294,2023-06-15,CST0618,STR003,PRD0012,Teh Herbal Jahe Merah,Makanan & Minuman,2,42400.0,0.0,0.0,84800.0,Dana,returned,Depok
ORD02453,18-02-2024,CST0367,STR003,PRD0029,Lampu LED Ring Light,Elektronik & Aksesori,5,157100.0,15.0,117900.0,667800.0,LinkAja,delivered,Depok
ORD05398,2023-10-12,CST0511,STR003,PRD0010,Sambal Bawang Homemade,Makanan & Minuman,3,34200.0,10.0,10300.0,92300.0,COD,delivered,Depok
ORD04583,2024-03-15,CST0497,STR044,PRD0050,Botol Infuser Air,Olahraga & Outdoor,3,65000.0,5.0,9800.0,185300.0,OVO,delivered,Tangerang
ORD01207,2023-10-23,CST0462,STR025,PRD0002,Kaos Polos Cotton Combed,Fashion & Pakaian,5,47100.0,10.0,23600.0,212200.0,OVO,delivered,Tangerang
ORD00510,2024-09-17,CST0547,STR006,PRD0047,Kaos Olahraga Dryfit,Olahraga & Outdoor,2,84800.0,0.0,0.0,169600.0,COD,delivered,Depok
ORD05445,2023-10-18,CST0955,STR006,PRD0026,Kabel Data Type-C 1m,Elektronik & Aksesori,2,39200.0,20.0,15700.0,62700.0,OVO,delivered,Depok
ORD03271,2024-04-28,CST0076,STR011,PRD0035,Lap Microfiber Set 3pcs,Rumah Tangga,2,29900.0,5.0,3000.0,56800.0,cod,delivered,Bogor
ORD03505,2023-12-02,CST0923,STR042,PRD0007,Sepatu Sneakers Lokal,Fashion & Pakaian,2,279500.0,15.0,83900.0,475200.0,Alfamart,delivered,Bogor
ORD05083,2024-12-19,CST0126,STR016,PRD0027,Earphone Bluetooth TWS,Elektronik & Aksesori,1,150800.0,20.0,30200.0,120600.0,LinkAja,delivered,Medan
ORD01550,2024-02-29,CST0253,STR024,PRD0017,Skincare Serum Vit C Lokal,Kecantikan & Perawatan,2,118000.0,0.0,0.0,236000.0,Dana,returned,Bogor
ORD03030,2024-12-16,CST0308,STR012,PRD0044,Sepatu Anak Velcro,Perlengkapan Bayi & Anak,3,103400.0,15.0,46500.0,263600.0,LinkAja,delivered,Depok
ORD04090,2024-01-22,CST0079,STR048,PRD0022,Body Lotion Bengkoang,Kecantikan & Perawatan,3,55200.0,0.0,0.0,165500.0,COD,delivered,Surabaya
ORD02203,2023-06-21,CST0904,STR040,PRD0007,Sepatu Sneakers Lokal,Fashion & Pakaian,5,256500.0,20.0,256500.0,1025800.0,ShopeePay,processing,Tangerang
ORD02567,2023-03-02,CST0444,STR039,PRD0026,Kabel Data Type-C 1m,Elektronik & Aksesori,1,40100.0,5.0,2000.0,38100.0,LinkAja,processing,Bandung
ORD03347,2024-09-21,CST0188,STR023,PRD0046,Botol Susu Anti-Kolik,Perlengkapan Bayi & Anak,1,106200.0,15.0,15900.0,90200.0,Indomaret,delivered,Palembang
ORD02045,2023-02-01,CST0967,STR034,PRD0055,Gantungan Kunci Batik,Kerajinan & Souvenir,1,11900.0,10.0,1200.0,10700.0,Indomaret,returned,
ORD00768,2024-07-05,CST0341,STR040,PRD0021,Sunscreen SPF50 Lokal,Kecantikan & Perawatan,4,87100.0,,52300.0,296100.0,LinkAja,delivered,Tangerang
ORD05465,2023/05/04,CST0366,STR043,PRD0044,Sepatu Anak Velcro,Perlengkapan Bayi & Anak,1,89200.0,0.0,0.0,89200.0,GoPay,delivered,Surabaya
ORD01509,2023-09-15,CST0622,STR050,PRD0043,Tas Sekolah Anak SD,Perlengkapan Bayi & Anak,3,117400.0,0.0,0.0,352300.0,Alfamart,returned,Medan
ORD03135,2024-08-09,CST0541,STR027,PRD0042,Mainan Edukasi Kayu,Perlengkapan Bayi & Anak,1,77800.0,0.0,0.0,77800.0,GoPay,delivered,Depok
ORD00422,2023-09-19,CST0001,STR018,PRD0038,Talenan Kayu Jati,Rumah Tangga,1,95700.0,10.0,9600.0,86200.0,LinkAja,delivered,Makassar
ORD00124,2024-04-14,CST0370,STR004,PRD0016,Rendang Kemasan Vacuum,Makanan & Minuman,2,126100.0,15.0,37800.0,214400.0,QRIS,cancelled,Jakarta
ORD04663,2024-03-12,CST0937,STR044,PRD0008,Sandal Kulit Handmade,Fashion & Pakaian,1,157800.0,20.0,31600.0,126300.0,LinkAja,processing,Tangerang
ORD03280,2024-01-21,CST0631,STR007,PRD0001,Batik Tulis Premium,Fashion & Pakaian,2,312400.0,,0.0,624800.0,LinkAja,delivered,Bogor
ORD00820,2024-06-17,CST0430,STR042,PRD0054,Lukisan Kanvas UMKM,Kerajinan & Souvenir,5,208000.0,15.0,156000.0,883900.0,LinkAja,processing,Bogor
ORD01404,2024-01-23,CST0181,STR007,PRD0012,Teh Herbal Jahe Merah,Makanan & Minuman,4,41800.0,0.0,0.0,167300.0,COD,cancelled,Bogor
ORD01383,2023-11-27,CST0123,STR048,PRD0011,Kopi Arabika Toraja 250gr,Makanan & Minuman,1,76000.0,0.0,0.0,76000.0,QRIS,cancelled,Surabaya
ORD02149,2024-09-08,CST0112,STR034,PRD0019,Sabun Sirih Herbal,Kecantikan & Perawatan,1,27900.0,0.0,0.0,27900.0,COD,processing,Depok
ORD05442,2023-11-29,CST0184,STR036,PRD0002,Kaos Polos Cotton Combed,FASHION & PAKAIAN,3,45100.0,0.0,0.0,135200.0,Transfer Mandiri,delivered,Tangerang
ORD01576,2024-01-19,CST0209,STR007,PRD0042,Mainan Edukasi Kayu,Perlengkapan Bayi & Anak,4,86400.0,0.0,0.0,345700.0,QRIS,cancelled,Bogor
ORD01639,2024-02-26,CST0540,STR034,PRD0042,Mainan Edukasi Kayu,Perlengkapan Bayi & Anak,1,75700.0,10.0,7600.0,68100.0,Transfer Mandiri,delivered,Depok
ORD01796,2024-11-03,CST0885,STR001,PRD0036,Gantungan Baju Kayu,Rumah Tangga,1,19700.0,5.0,1000.0,18800.0,ShopeePay,delivered,Surabaya
ORD05399,2023-04-13,CST0830,STR029,PRD0029,Lampu LED Ring Light,Elektronik & Aksesori,1,168100.0,10.0,16800.0,151300.0,Alfamart,returned,Bandung
ORD04996,2024-12-14,CST0694,STR033,PRD0054,Lukisan Kanvas UMKM,Kerajinan & Souvenir,2,183600.0,10.0,36700.0,330500.0,Dana,cancelled,Depok
ORD00400,2024-11-07,CST0427,STR019,PRD0027,Earphone Bluetooth TWS,Elektronik & Aksesori,5,154500.0,5.0,38600.0,733900.0,Indomaret,returned,Surabaya
ORD03152,2024-07-05,CST0936,STR009,PRD0026,Kabel Data Type-C 1m,Elektronik & Aksesori,10,39800.0,0.0,0.0,397500.0,,delivered,Medan
ORD02311,2023-02-18,CST0967,STR006,PRD0050,Botol Infuser Air,Olahraga & Outdoor,4,59800.0,20.0,47800.0,191300.0,LinkAja,cancelled,Depok
ORD00883,2024-10-06,CST0515,STR014,PRD0024,Parfum Roll-On Halal,Kecantikan & Perawatan,4,43900.0,0.0,0.0,175700.0,ShopeePay,processing,Makassar
ORD01177,2024-01-04,CST0643,STR031,PRD0041,Baju Bayi Newborn Set,Perlengkapan Bayi & Anak,1,132100.0,10.0,13200.0,118900.0,Transfer Mandiri,delivered,Palembang
ORD03627,2023-07-30,CST0723,STR027,PRD0043,Tas Sekolah Anak SD,Perlengkapan Bayi & Anak,5,108900.0,15.0,81700.0,462800.0,LinkAja,delivered,Depok
ORD01353,2023-12-12,CST0189,STR026,PRD0030,Mouse Wireless USB,Elektronik & Aksesori,5,98200.0,5.0,24500.0,466400.0,GoPay,delivered,Bandung
ORD04048,2023-09-14,CST0918,STR020,PRD0009,Keripik Tempe Renceng,Makanan & Minuman,1,13100.0,15.0,2000.0,11100.0,ShopeePay,returned,Bandung
ORD05176,2024-06-22,CST0979,STR019,PRD0005,Dress Casual Wanita,Fashion & Pakaian,5,165000.0,0.0,0.0,824800.0,ShopeePay,cancelled,Surabaya
ORD02131,2023-04-06,CST0381,STR012,PRD0023,Shampo Kemiri Organik,Kecantikan & Perawatan,3,72600.0,0.0,0.0,217900.0,Transfer BRI,processing,Depok
ORD00983,2024-02-29,CST0405,STR049,PRD0010,Sambal Bawang Homemade,Makanan & Minuman,1,31300.0,15.0,4700.0,26600.0,COD,processing,Makassar
ORD00457,2024/06/04,CST0633,STR029,PRD0002,Kaos Polos Cotton Combed,Fashion & Pakaian,4,50000.0,10.0,20000.0,180000.0,ShopeePay,returned,Bandung
ORD01487,2023-03-26,CST0151,STR025,PRD0012,Teh Herbal Jahe Merah,Makanan & Minuman,3,43700.0,0.0,0.0,131000.0,QRIS,delivered,Tangerang
ORD01080,2024-09-03,CST0221,STR027,PRD0027,Earphone Bluetooth TWS,Elektronik & Aksesori,1,149500.0,10.0,14900.0,134500.0,Transfer BCA,returned,Depok
ORD01951,2023-01-19,CST0084,STR050,PRD0056,Topeng Kayu Dekorasi,Kerajinan & Souvenir,5,112400.0,20.0,112400.0,449500.0,OVO,delivered,Medan
ORD04831,2023-07-31,CST0534,STR037,PRD0004,Celana Chino Pria,Fashion & Pakaian,1,152700.0,10.0,15300.0,137400.0,ShopeePay,delivered,Depok
ORD00690,2023-06-21,CST0409,STR002,PRD0048,Tali Skipping Premium,Olahraga & Outdoor,3,51200.0,5.0,7700.0,146100.0,Transfer BCA,delivered,Medan
ORD02430,2023-03-09,CST0452,STR024,PRD0012,Teh Herbal Jahe Merah,Makanan & Minuman,2,42900.0,5.0,4300.0,81500.0,COD,delivered,Bogor
ORD00642,2024-09-28,CST0094,STR031,PRD0027,Earphone Bluetooth TWS,Elektronik & Aksesori,1,146300.0,5.0,7300.0,139000.0,Transfer BCA,cancelled,Palembang
ORD02393,2024-05-16,CST0416,STR025,PRD0029,Lampu LED Ring Light,Elektronik & Aksesori,3,168300.0,15.0,75700.0,429100.0,QRIS,cancelled,Tangerang
ORD02826,2024-06-11,CST0018,STR003,PRD0044,Sepatu Anak Velcro,Perlengkapan Bayi & Anak,4,102000.0,0.0,0.0,407900.0,Dana,delivered,Depok
ORD01954,2024-03-18,CST0796,STR026,PRD0005,Dress Casual Wanita,Fashion & Pakaian,1,171600.0,15.0,25700.0,145900.0,ShopeePay,delivered,Bandung
ORD05316,2023-04-05,CST0007,STR028,PRD0015,Dodol Garut Premium,Makanan & Minuman,4,43800.0,5.0,8800.0,166600.0,LinkAja,processing,Palembang
ORD03059,2023-07-30,CST0761,STR022,PRD0005,Dress Casual Wanita,Fashion & Pakaian,5,166000.0,0.0,0.0,830200.0,Dana,processing,Jakarta
ORD03461,2023-05-19,CST0952,STR010,PRD0006,Jaket Bomber,Fashion & Pakaian,4,294800.0,0.0,0.0,1179300.0,LinkAja,delivered,
ORD04206,2023-11-15,CST0014,STR027,PRD0051,Topi Running,Olahraga & Outdoor,4,50700.0,5.0,10100.0,192500.0,QRIS,cancelled,Depok
ORD02711,2023-11-02,CST0285,STR007,PRD0008,Sandal Kulit Handmade,Fashion & Pakaian,1,159500.0,0.0,0.0,159500.0,ShopeePay,delivered,Bogor
ORD01084,2024-03-28,CST0994,STR048,PRD0054,Lukisan Kanvas UMKM,Kerajinan & Souvenir,3,194000.0,10.0,58200.0,523900.0,Transfer BCA,cancelled,Surabaya
ORD04163,2024-10-10,CST0969,STR024,PRD0042,Mainan Edukasi Kayu,Perlengkapan Bayi & Anak,1,73900.0,0.0,0.0,73900.0,Indomaret,cancelled,Bogor
ORD05348,2023-11-16,CST0873,STR005,PRD0001,Batik Tulis Premium,Fashion & Pakaian,5,285800.0,5.0,71400.0,1357500.0,Alfamart,processing,Medan
ORD04392,2024-03-30,CST0180,STR039,PRD0032,Charger Fast Charging,Elektronik & Aksesori,1,73600.0,25.0,18400.0,55200.0,Transfer Mandiri,delivered,Bandung
ORD01885,2024-09-23,CST0737,STR007,PRD0052,Gelang Batok Kelapa,Kerajinan & Souvenir,1,24700.0,0.0,0.0,24700.0,LinkAja,delivered,Bogor
ORD04483,2023-08-08,CST0116,STR025,PRD0045,Buku Mewarnai + Crayon,Perlengkapan Bayi & Anak,1,33400.0,10.0,3300.0,30100.0,ShopeePay,returned,Tangerang
ORD00390,2023/01/23,CST0264,STR011,PRD0006,Jaket Bomber,Fashion & Pakaian,10,297200.0,0.0,0.0,2972100.0,QRIS,delivered,Bogor
ORD02495,2024-08-04,CST0457,STR042,PRD0022,Body Lotion Bengkoang,Kecantikan & Perawatan,2,52100.0,5.0,5200.0,99000.0,ShopeePay,cancelled,Bogor
ORD03905,2024-03-07,CST0770,STR006,PRD0052,Gelang Batok Kelapa,Kerajinan & Souvenir,1,25500.0,0.0,0.0,25500.0,Transfer BCA,delivered,Depok
ORD03037,2024-01-23,CST0814,STR048,PRD0004,Celana Chino Pria,Fashion & Pakaian,2,178300.0,0.0,0.0,356700.0,Transfer BCA,processing,Surabaya
ORD03620,2023-03-23,CST0794,STR047,PRD0039,Keranjang Rotan Mini,Rumah Tangga,10,109800.0,10.0,109800.0,988000.0,,cancelled,Makassar
ORD00846,2023-12-19,CST0231,STR023,PRD0038,Talenan Kayu Jati,Rumah Tangga,2,92900.0,0.0,0.0,185800.0,Indomaret,delivered,Palembang
ORD00543,2024-09-08,CST0534,STR003,PRD0029,Lampu LED Ring Light,Elektronik & Aksesori,4,160700.0,0.0,0.0,642700.0,LinkAja,delivered,Depok
ORD00092,2023-05-21,CST0330,STR042,PRD0023,Shampo Kemiri Organik,Kecantikan & Perawatan,1,72600.0,20.0,14500.0,58100.0,QRIS,processing,Bogor
ORD05279,2024-09-06,CST0838,STR005,PRD0046,Botol Susu Anti-Kolik,Perlengkapan Bayi & Anak,10,100600.0,0.0,0.0,1006100.0,Alfamart,processing,Medan
ORD04610,2024-12-01,CST0313,STR040,PRD0017,Skincare Serum Vit C Lokal,Kecantikan & Perawatan,3,97900.0,0.0,0.0,293700.0,OVO,delivered,Tangerang
ORD01980,2023-07-12,CST0742,STR039,PRD0039,Keranjang Rotan Mini,Rumah Tangga,2,112700.0,5.0,11300.0,214100.0,QRIS,processing,Bandung
ORD03245,2023-03-24,CST0102,STR028,PRD0020,Lip Cream Matte Halal,Kecantikan & Perawatan,3,48100.0,5.0,7200.0,137000.0,Dana,cancelled,Palembang
ORD04787,2023-01-29,CST0062,STR031,PRD0018,Masker Wajah Clay BPOM,Kecantikan & Perawatan,3,51000.0,0.0,0.0,153000.0,GoPay,delivered,Palembang
ORD03151,2023-05-16,CST0393,STR049,PRD0015,Dodol Garut Premium,Makanan & Minuman,1,45600.0,0.0,0.0,45600.0,Alfamart,processing,Makassar
ORD04586,2023-03-29,CST0266,STR047,PRD0020,Lip Cream Matte Halal,Kecantikan & Perawatan,4,45800.0,0.0,0.0,183300.0,Indomaret,processing,Makassar
ORD04481,2024-07-17,CST0792,STR013,PRD0053,Tas Anyaman Pandan,Kerajinan & Souvenir,4,99700.0,,19900.0,378800.0,Indomaret,cancelled,Depok
ORD05376,2023-03-04,CST0631,STR026,PRD0056,Topeng Kayu Dekorasi,Kerajinan & Souvenir,1,103200.0,10.0,10300.0,92900.0,QRIS,delivered,Bandung
ORD02965,2023-11-05,CST0819,STR025,PRD0052,Gelang Batok Kelapa,Kerajinan & Souvenir,1,26600.0,20.0,5300.0,21300.0,dana,delivered,Tangerang
ORD02530,2023-12-21,CST0077,STR032,PRD0041,Baju Bayi Newborn Set,Perlengkapan Bayi & Anak,3,127900.0,0.0,0.0,383800.0,QRIS,delivered,Bogor
ORD03649,2023-03-26,CST0910,STR050,PRD0048,Tali Skipping Premium,Olahraga & Outdoor,5,53100.0,0.0,0.0,265500.0,QRIS,processing,Medan
ORD01677,2023-09-15,CST0792,STR032,PRD0054,Lukisan Kanvas UMKM,Kerajinan & Souvenir,1,181400.0,0.0,0.0,181400.0,Transfer Mandiri,delivered,Bogor
ORD01049,2023-04-24,CST0923,STR037,PRD0003,Hijab Voal Motif,Fashion & Pakaian,1,57300.0,0.0,0.0,57300.0,LinkAja,delivered,Depok
ORD02950,2024-11-20,CST0456,STR005,PRD0007,Sepatu Sneakers Lokal,Fashion & Pakaian,1,269300.0,0.0,0.0,269300.0,QRIS,delivered,Medan
ORD01961,2023-05-20,CST0027,STR004,PRD0018,Masker Wajah Clay BPOM,Kecantikan & Perawatan,2,53200.0,,5300.0,101100.0,Transfer BCA,delivered,Jakarta
ORD02531,2023-05-31,CST0215,STR011,PRD0046,Botol Susu Anti-Kolik,Perlengkapan Bayi & Anak,1,97600.0,0.0,0.0,97600.0,transfer bri,cancelled,
ORD04128,2024-11-19,CST0745,STR002,PRD0006,Jaket Bomber,Fashion & Pakaian,1,317200.0,15.0,47600.0,269600.0,Transfer Mandiri,processing,Medan
ORD03480,2023-03-30,CST0668,STR032,PRD0003,Hijab Voal Motif,Fashion & Pakaian,1,68400.0,5.0,3400.0,65000.0,OVO,cancelled,Bogor
ORD00238,2024-08-03,CST0738,STR016,PRD0016,Rendang Kemasan Vacuum,Makanan & Minuman,2,138000.0,0.0,0.0,275900.0,LinkAja,cancelled,Medan
ORD05022,2023-11-06,CST0442,STR009,PRD0012,Teh Herbal Jahe Merah,Makanan & Minuman,2,41400.0,10.0,8300.0,74500.0,Alfamart,delivered,Medan
ORD04236,30-11-2023,CST0629,STR009,PRD0045,Buku Mewarnai + Crayon,Perlengkapan Bayi & Anak,1,32300.0,10.0,3200.0,29100.0,Alfamart,delivered,Medan
ORD01134,2023-02-06,CST0377,STR021,PRD0012,Teh Herbal Jahe Merah,Makanan & Minuman,1,38500.0,5.0,1900.0,36600.0,Alfamart,returned,Depok
ORD02881,2024-06-28,CST0486,STR027,PRD0043,Tas Sekolah Anak SD,Perlengkapan Bayi & Anak,5,121000.0,10.0,60500.0,544600.0,Transfer BCA,delivered,
ORD01806,2024-01-18,CST0484,STR028,PRD0015,Dodol Garut Premium,Makanan & Minuman,1,46200.0,15.0,6900.0,39300.0,Alfamart,delivered,
ORD04642,2023-04-01,CST0099,STR021,PRD0024,Parfum Roll-On Halal,Kecantikan & Perawatan,1,39400.0,5.0,2000.0,37500.0,QRIS,returned,Depok
ORD00164,2024-12-22,CST0121,STR005,PRD0054,Lukisan Kanvas UMKM,Kerajinan & Souvenir,4,196600.0,0.0,0.0,786500.0,LinkAja,returned,Medan
ORD04238,2024-11-04,CST0148,STR038,PRD0014,Madu Hutan Asli 500ml,Makanan & Minuman,2,170400.0,5.0,17000.0,323700.0,QRIS,delivered,Semarang
ORD05339,2024-12-27,CST0117,STR015,PRD0034,Sapu Lantai Ijuk,Rumah Tangga,2,27600.0,5.0,2800.0,52500.0,Transfer BRI,cancelled,Jakarta
ORD05285,2023-06-01,CST0270,STR015,PRD0049,Matras Yoga 6mm,Olahraga & Outdoor,3,157400.0,0.0,0.0,472300.0,OVO,delivered,Jakarta
ORD05182,2024-11-08,CST0432,STR007,PRD0036,Gantungan Baju Kayu,Rumah Tangga,5,19600.0,10.0,9800.0,88300.0,QRIS,cancelled,Bogor
ORD04212,2023-06-21,CST0095,STR033,PRD0013,Snack Box Mix,Makanan & Minuman,2,48500.0,0.0,0.0,97000.0,Indomaret,returned,Depok
ORD04009,2023-04-28,CST0416,STR020,PRD0041,Baju Bayi Newborn Set,Perlengkapan Bayi & Anak,1,142200.0,10.0,14200.0,128000.0,Transfer BRI,delivered,Bandung
ORD00266,2023-08-03,CST0321,STR007,PRD0053,Tas Anyaman Pandan,Kerajinan & Souvenir,-2,95300.0,15.0,28600.0,162000.0,Transfer Mandiri,delivered,Bogor
ORD02002,2023-09-05,CST0046,STR044,PRD0028,Holder HP Mobil,Elektronik & Aksesori,4,56700.0,0.0,0.0,226800.0,Indomaret,returned,Tangerang
ORD01812,2024-05-14,CST0776,STR024,PRD0018,Masker Wajah Clay BPOM,Kecantikan & Perawatan,1,56400.0,10.0,5600.0,50800.0,Alfamart,returned,Bogor
ORD03278,2024-04-14,CST0884,STR024,PRD0054,Lukisan Kanvas UMKM,Kerajinan & Souvenir,1,175700.0,5.0,8800.0,167000.0,LinkAja,returned,Bogor
ORD02979,2023-08-25,CST0072,STR050,PRD0016,Rendang Kemasan Vacuum,Makanan & Minuman,2,129900.0,25.0,65000.0,194900.0,,delivered,Medan
ORD03897,2023-09-15,CST0553,STR001,PRD0034,Sapu Lantai Ijuk,Rumah Tangga,1,27600.0,10.0,2800.0,24900.0,QRIS,processing,Surabaya
ORD02907,2024-04-17,CST0538,STR017,PRD0042,Mainan Edukasi Kayu,Perlengkapan Bayi & Anak,1,73000.0,0.0,0.0,73000.0,Alfamart,returned,Tangerang
ORD03943,2024-12-02,CST0414,STR020,PRD0003,Hijab Voal Motif,Fashion & Pakaian,2,65500.0,10.0,13100.0,118000.0,Transfer Mandiri,delivered,Bandung
ORD01429,2024-11-09,CST0085,STR029,PRD0046,Botol Susu Anti-Kolik,Perlengkapan Bayi & Anak,1,108400.0,25.0,27100.0,81300.0,Indomaret,returned,Bandung
ORD00399,2023-01-20,CST0551,STR026,PRD0044,Sepatu Anak Velcro,Perlengkapan Bayi & Anak,2,95500.0,0.0,0.0,190900.0,Transfer Mandiri,delivered,Bandung
ORD03502,2024-07-22,CST0197,STR045,PRD0051,Topi Running,Olahraga & Outdoor,1,50100.0,15.0,7500.0,42600.0,ShopeePay,delivered,Bogor
ORD00948,2023-03-27,CST0523,STR036,PRD0011,Kopi Arabika Toraja 250gr,Makanan & Minuman,3,82900.0,0.0,0.0,248800.0,Indomaret,delivered,Tangerang
ORD03079,2024-07-08,CST0767,STR015,PRD0001,Batik Tulis Premium,Fashion & Pakaian,4,315700.0,0.0,0.0,1262600.0,GoPay,delivered,Jakarta
ORD03139,2024-10-03,CST0784,STR036,PRD0017,Skincare Serum Vit C Lokal,Kecantikan & Perawatan,2,98000.0,10.0,19600.0,176400.0,COD,returned,Tangerang
ORD05006,2024-11-18,CST0030,STR010,PRD0021,Sunscreen SPF50 Lokal,Kecantikan & Perawatan,3,88600.0,5.0,13300.0,252500.0,LinkAja,cancelled,Palembang
ORD05215,2024-03-13,CST0759,STR021,PRD0005,Dress Casual Wanita,Fashion & Pakaian,1,187000.0,15.0,28100.0,159000.0,Transfer BRI,cancelled,Depok
ORD04821,2023-02-09,CST0739,STR041,PRD0011,Kopi Arabika Toraja 250gr,Makanan & Minuman,1,76600.0,5.0,3800.0,72700.0,COD,returned,Semarang
ORD03230,2023-12-12,CST0534,STR017,PRD0014,Madu Hutan Asli 500ml,Makanan & Minuman,4,166700.0,0.0,0.0,666900.0,LinkAja,cancelled,Tangerang
ORD03762,2023-07-17,CST0022,STR015,PRD0043,Tas Sekolah Anak SD,Perlengkapan Bayi & Anak,2,118800.0,0.0,0.0,237600.0,GoPay,returned,
ORD01453,2024-09-16,CST0647,STR028,PRD0047,Kaos Olahraga Dryfit,Olahraga & Outdoor,3,74700.0,0.0,0.0,224100.0,Indomaret,cancelled,Palembang
ORD00594,2024/02/21,CST0124,STR038,PRD0014,Madu Hutan Asli 500ml,Makanan & Minuman,1,181900.0,5.0,9100.0,172800.0,Transfer BCA,returned,Semarang
ORD02726,2023-07-29,CST0556,STR030,PRD0038,Talenan Kayu Jati,Rumah Tangga,4,83800.0,0.0,0.0,335300.0,LinkAja,cancelled,Surabaya
ORD00042,2024-02-02,CST0040,STR003,PRD0038,Talenan Kayu Jati,Rumah Tangga,3,88800.0,10.0,26600.0,239800.0,LinkAja,delivered,Depok
ORD00561,2023-09-19,CST0390,STR019,PRD0020,Lip Cream Matte Halal,Kecantikan & Perawatan,3,44300.0,20.0,26600.0,106400.0,Indomaret,delivered,Surabaya
ORD04521,2023-10-23,CST0468,STR042,PRD0054,Lukisan Kanvas UMKM,Kerajinan & Souvenir,1,205500.0,5.0,10300.0,195300.0,LinkAja,delivered,Bogor
ORD03672,2024-12-22,CST0211,STR039,PRD0018,Masker Wajah Clay BPOM,Kecantikan & Perawatan,1,50100.0,10.0,5000.0,45100.0,Transfer BCA,delivered,Bandung
ORD04783,2024-09-09,CST0350,STR002,PRD0011,Kopi Arabika Toraja 250gr,makanan & minuman,1,77400.0,0.0,0.0,77400.0,COD,delivered,Medan
ORD00244,2024-05-15,CST0599,STR008,PRD0030,Mouse Wireless USB,Elektronik & Aksesori,1,99000.0,10.0,9900.0,89100.0,Transfer Mandiri,returned,Palembang
ORD03173,2024-05-19,CST0528,STR005,PRD0043,Tas Sekolah Anak SD,Perlengkapan Bayi & Anak,1,113600.0,0.0,0.0,113600.0,QRIS,delivered,Medan
ORD01340,2024-01-17,CST0358,STR039,PRD0014,Madu Hutan Asli 500ml,Makanan & Minuman,3,182900.0,15.0,82300.0,466500.0,Transfer BCA,delivered,Bandung
ORD04602,2023-05-23,CST0976,STR029,PRD0024,Parfum Roll-On Halal,Kecantikan & Perawatan,2,39700.0,20.0,15900.0,63500.0,Dana,delivered,Bandung
ORD03998,2024-05-17,CST0945,STR050,PRD0011,Kopi Arabika Toraja 250gr,Makanan & Minuman,1,79300.0,15.0,11900.0,67400.0,Transfer BCA,cancelled,Medan
ORD00406,2023-09-09,CST0340,STR026,PRD0005,Dress Casual Wanita,Fashion & Pakaian,3,165100.0,5.0,24800.0,470400.0,Transfer BRI,cancelled,Bandung
ORD01443,2024-03-24,CST0185,STR016,PRD0043,Tas Sekolah Anak SD,Perlengkapan Bayi & Anak,1,115400.0,10.0,11500.0,103800.0,LinkAja,returned,Medan
ORD00262,2023-08-30,CST0758,STR050,PRD0008,Sandal Kulit Handmade,Fashion & Pakaian,1,168000.0,25.0,42000.0,126000.0,QRIS,delivered,Medan
ORD05428,2023-11-23,CST0961,STR022,PRD0039,Keranjang Rotan Mini,Rumah Tangga,1,112900.0,,22600.0,90300.0,OVO,delivered,Jakarta
ORD05118,2024-08-03,CST0190,STR023,PRD0034,Sapu Lantai Ijuk,Rumah Tangga,1,27600.0,0.0,0.0,27600.0,Transfer BRI,delivered,Palembang
ORD01690,2023-06-13,CST0607,STR050,PRD0003,Hijab Voal Motif,Fashion & Pakaian,2,64600.0,0.0,0.0,129200.0,OVO,delivered,Medan
ORD01726,2024-07-17,CST0571,STR034,PRD0016,Rendang Kemasan Vacuum,Makanan & Minuman,1,118900.0,0.0,0.0,118900.0,ShopeePay,returned,Depok
ORD01204,2023-05-27,CST0637,STR027,PRD0014,Madu Hutan Asli 500ml,Makanan & Minuman,1,190700.0,15.0,28600.0,162100.0,Alfamart,delivered,Depok
ORD00835,2023-01-06,CST0758,STR027,PRD0053,Tas Anyaman Pandan,Kerajinan & Souvenir,1,1026000.0,5.0,5100.0,97400.0,GoPay,delivered,Depok
ORD01867,2023-09-15,CST0965,STR031,PRD0003,Hijab Voal Motif,Fashion & Pakaian,2,61500.0,5.0,6200.0,116900.0,Transfer Mandiri,delivered,Palembang
ORD02497,2023-04-01,CST0113,STR007,PRD0002,Kaos Polos Cotton Combed,Fashion & Pakaian,5,52200.0,5.0,13000.0,247800.0,Dana,cancelled,Bogor
ORD03017,2023-02-25,CST0759,STR009,PRD0020,Lip Cream Matte Halal,Kecantikan & Perawatan,1,48000.0,5.0,2400.0,45600.0,Transfer Mandiri,delivered,Medan
ORD04225,2024-07-24,CST0220,STR005,PRD0041,Baju Bayi Newborn Set,Perlengkapan Bayi & Anak,1,122200.0,5.0,6100.0,116100.0,Transfer BCA,delivered,Medan
ORD02011,2024-08-01,CST0664,STR011,PRD0015,Dodol Garut Premium,Makanan & Minuman,4,43000.0,15.0,25800.0,146200.0,ShopeePay,cancelled,Bogor
ORD04447,2024-02-25,CST0208,STR038,PRD0023,Shampo Kemiri Organik,Kecantikan & Perawatan,1,79300.0,10.0,7900.0,71400.0,COD,processing,Semarang
ORD00341,2024-12-02,CST0031,STR006,PRD0039,Keranjang Rotan Mini,Rumah Tangga,3,115500.0,5.0,17300.0,329100.0,Transfer BCA,delivered,Depok
ORD05437,2024-09-29,CST0285,STR050,PRD0032,Charger Fast Charging,Elektronik & Aksesori,1,69100.0,5.0,3500.0,65700.0,OVO,delivered,Medan
ORD01602,2023-10-07,CST0655,STR043,PRD0046,Botol Susu Anti-Kolik,Perlengkapan Bayi & Anak,2,90400.0,15.0,27100.0,153700.0,Transfer BRI,delivered,Surabaya
ORD02797,2024-05-28,CST0307,STR011,PRD0024,Parfum Roll-On Halal,Kecantikan&Perawatan,2,41000.0,15.0,12300.0,69700.0,ShopeePay,delivered,Bogor
ORD03765,2023-08-13,CST0316,STR006,PRD0020,Lip Cream Matte Halal,Kecantikan&Perawatan,3,50600.0,15.0,22800.0,129100.0,COD,cancelled,Depok
ORD05269,2023-04-28,CST0419,STR016,PRD0035,Lap Microfiber Set 3pcs,Rumah Tangga,4,34300.0,10.0,13700.0,123400.0,COD,returned,Medan
ORD00481,2024-04-05,CST0133,STR010,PRD0005,Dress Casual Wanita,Fashion & Pakaian,2,163600.0,20.0,65400.0,261700.0,Dana,delivered,Palembang
ORD04618,2024-12-27,CST0508,STR001,PRD0018,Masker Wajah Clay BPOM,Kecantikan & Perawatan,1,48900.0,15.0,7300.0,41600.0,Transfer BRI,returned,Surabaya
ORD02786,2023-04-03,CST0657,STR034,PRD0038,Talenan Kayu Jati,Rumah Tangga,2,90300.0,0.0,0.0,180600.0,Transfer BRI,returned,Depok
ORD01524,2024-01-01,CST0824,STR023,PRD0032,Charger Fast Charging,Elektronik & Aksesori,1,66700.0,15.0,10000.0,56700.0,ShopeePay,returned,Palembang
ORD04182,2023/01/16,CST0130,STR004,PRD0037,Botol Minum Tumbler,Rumah Tangga,1,76700.0,0.0,0.0,76700.0,Alfamart,processing,Jakarta
ORD04982,2024-06-29,CST0952,STR027,PRD0038,Talenan Kayu Jati,Rumah Tangga,5,91700.0,0.0,0.0,458500.0,COD,delivered,Depok
ORD05202,2023-02-06,CST0459,STR041,PRD0019,Sabun Sirih Herbal,Kecantikan & Perawatan,3,24700.0,0.0,0.0,74000.0,Transfer BCA,delivered,Semarang
ORD03818,2023-06-05,CST0837,STR017,PRD0012,Teh Herbal Jahe Merah,makanan & minuman,1,44500.0,0.0,0.0,44500.0,Dana,processing,Tangerang
ORD00800,2024-09-12,CST0286,STR038,PRD0018,Masker Wajah Clay BPOM,Kecantikan & Perawatan,2,49800.0,0.0,0.0,99500.0,GoPay,delivered,Semarang
ORD01767,2023-01-01,CST0079,STR013,PRD0033,Tempat Makan Tupperware KW,Rumah Tangga,4,57900.0,15.0,34700.0,196900.0,Transfer Mandiri,delivered,Depok
ORD05020,2024-04-07,CST0484,STR042,PRD0048,Tali Skipping Premium,Olahraga & Outdoor,1,53100.0,25.0,13300.0,39800.0,Transfer BRI,processing,Bogor
ORD05271,2023-12-07,CST0037,STR010,PRD0005,Dress Casual Wanita,Fashion & Pakaian,1,185300.0,5.0,9300.0,176100.0,Transfer BCA,delivered,Palembang
ORD02454,2024-08-25,CST0715,STR026,PRD0024,Parfum Roll-On Halal,Kecantikan & Perawatan,1,44600.0,0.0,0.0,44600.0,Alfamart,delivered,Bandung
ORD04149,2024-04-05,CST0182,STR048,PRD0017,Skincare Serum Vit C Lokal,Kecantikan & Perawatan,2,99300.0,10.0,19900.0,178800.0,GoPay,returned,Surabaya
ORD04435,2023-02-19,CST0417,STR013,PRD0022,Body Lotion Bengkoang,Kecantikan & Perawatan,1,56200.0,0.0,0.0,56200.0,GoPay,cancelled,Depok
ORD04924,2024-11-07,CST0768,STR045,PRD0044,Sepatu Anak Velcro,Perlengkapan Bayi & Anak,-2,102000.0,0.0,0.0,204000.0,dana,returned,Bogor
ORD05417,2024-10-18,CST0685,STR016,PRD0054,Lukisan Kanvas UMKM,Kerajinan & Souvenir,1,180300.0,15.0,27000.0,153300.0,,cancelled,Medan
ORD00364,2024-07-21,CST0121,STR028,PRD0056,Topeng Kayu Dekorasi,Kerajinan & Souvenir,2,120000.0,5.0,12000.0,228000.0,OVO,cancelled,Palembang
ORD01272,2023-10-14,CST0814,STR018,PRD0019,Sabun Sirih Herbal,Kecantikan & Perawatan,1,26800.0,0.0,0.0,26800.0,COD,returned,Makassar
ORD05230,2024-05-18,CST0231,STR044,PRD0045,Buku Mewarnai + Crayon,Perlengkapan Bayi & Anak,2,30800.0,10.0,6200.0,55500.0,COD,delivered,Tangerang
ORD05050,2024-09-08,CST0535,STR005,PRD0041,Baju Bayi Newborn Set,Perlengkapan Bayi & Anak,1,127200.0,0.0,0.0,127200.0,COD,cancelled,Medan
ORD03874,2024-08-31,CST0996,STR043,PRD0044,Sepatu Anak Velcro,Perlengkapan Bayi & Anak,3,89400.0,20.0,53600.0,214500.0,COD,cancelled,Surabaya
ORD05262,2023-07-12,CST0436,STR037,PRD0036,Gantungan Baju Kayu,Rumah Tangga,3,21500.0,5.0,3200.0,61300.0,LinkAja,delivered,Depok
ORD04641,2023-12-28,CST0972,STR013,PRD0004,Celana Chino Pria,Fashion & Pakaian,2,162500.0,5.0,16300.0,308800.0,QRIS,returned,Depok
ORD00348,2024-12-27,CST0864,STR027,PRD0023,Shampo Kemiri Organik,Kecantikan & Perawatan,1,77800.0,0.0,0.0,77800.0,Dana,processing,Depok
ORD04240,2024-05-13,CST0903,STR017,PRD0016,Rendang Kemasan Vacuum,Makanan & Minuman,2,137000.0,0.0,0.0,273900.0,OVO,delivered,Tangerang
ORD01566,2024-01-02,CST0531,STR031,PRD0019,Sabun Sirih Herbal,Kecantikan & Perawatan,2,27900.0,0.0,0.0,55800.0,OVO,returned,Palembang
ORD05184,2024-11-22,CST0955,STR039,PRD0055,Gantungan Kunci Batik,Kerajinan & Souvenir,1,11600.0,0.0,0.0,11600.0,ShopeePay,cancelled,Bandung
ORD02563,2024-08-18,CST0118,STR011,PRD0033,Tempat Makan Tupperware KW,Rumah Tangga,2,49800.0,5.0,5000.0,94700.0,Transfer BCA,delivered,Bogor
ORD03028,2024-11-26,CST0730,STR008,PRD0047,Kaos Olahraga Dryfit,Olahraga & Outdoor,1,78800.0,20.0,15800.0,63000.0,Transfer BRI,cancelled,Palembang
ORD05146,2023-02-16,CST0726,STR001,PRD0018,Masker Wajah Clay BPOM,Kecantikan & Perawatan,5,49800.0,0.0,0.0,248800.0,Dana,delivered,Surabaya
ORD01424,2023-03-09,CST0327,STR026,PRD0025,Powerbank 10000mAh,Elektronik & Aksesori,3,135900.0,0.0,0.0,407600.0,Transfer Mandiri,delivered,Bandung
ORD00657,2023-11-30,CST0325,STR045,PRD0014,Madu Hutan Asli 500ml,Makanan & Minuman,2,178100.0,0.0,0.0,356200.0,Dana,delivered,Bogor
ORD04013,2023-12-07,CST0424,STR046,PRD0043,Tas Sekolah Anak SD,Perlengkapan Bayi & Anak,2,110400.0,5.0,11000.0,209700.0,,processing,Medan
ORD05171,2023-04-02,CST0630,STR015,PRD0046,Botol Susu Anti-Kolik,Perlengkapan Bayi & Anak,2,109200.0,0.0,0.0,218400.0,Transfer BCA,delivered,Jakarta
ORD02103,2023-01-28,CST0002,STR006,PRD0032,Charger Fast Charging,Elektronik & Aksesori,1,74700.0,0.0,0.0,74700.0,Alfamart,delivered,
ORD00633,2023-12-02,CST0837,STR011,PRD0011,Kopi Arabika Toraja 250gr,Makanan & Minuman,1,84900.0,0.0,0.0,84900.0,Dana,returned,Bogor
ORD03621,2023-10-27,CST0723,STR015,PRD0027,Earphone Bluetooth TWS,Elektronik & Aksesori,2,136100.0,5.0,13600.0,258600.0,Indomaret,delivered,Jakarta
ORD02494,2023-11-16,CST0523,STR024,PRD0013,Snack Box Mix,Makanan & Minuman,2,47700.0,0.0,0.0,95400.0,,delivered,Bogor
ORD02666,2024-09-29,CST0854,STR032,PRD0048,Tali Skipping Premium,Olahraga & Outdoor,4,56100.0,0.0,0.0,224300.0,Indomaret,delivered,Bogor
ORD04029,2023-07-16,CST0472,STR004,PRD0001,Batik Tulis Premium,Fashion & Pakaian,5,312600.0,5.0,78200.0,1484900.0,Dana,delivered,Jakarta
ORD04343,2024-02-22,CST0093,STR018,PRD0048,Tali Skipping Premium,Olahraga & Outdoor,1,56300.0,20.0,11300.0,45100.0,COD,cancelled,Makassar
ORD04119,2023-12-18,CST0348,STR002,PRD0051,Topi Running,Olahraga & Outdoor,10,50400.0,0.0,0.0,504300.0,Indomaret,returned,Medan
ORD03879,2024-10-20,CST0437,STR026,PRD0039,Keranjang Rotan Mini,Rumah Tangga,2,110700.0,0.0,0.0,221300.0,ShopeePay,delivered,Bandung
ORD03878,2024-05-20,CST0818,STR035,PRD0037,Botol Minum Tumbler,Rumah Tangga,1,85600.0,20.0,17100.0,68500.0,Transfer BRI,processing,Surabaya
ORD04302,2024-08-25,CST0535,STR029,PRD0003,Hijab Voal Motif,FASHION & PAKAIAN,2,61400.0,0.0,0.0,122900.0,Indomaret,delivered,Bandung
ORD02501,2024-01-04,CST0128,STR012,PRD0027,Earphone Bluetooth TWS,Elektronik & Aksesori,2,148400.0,15.0,44500.0,252200.0,ShopeePay,delivered,Depok
ORD01466,2023-04-06,CST0127,STR027,PRD0023,Shampo Kemiri Organik,Kecantikan & Perawatan,5,74400.0,5.0,18600.0,353400.0,COD,delivered,Depok
ORD03544,2023-05-12,CST0592,STR015,PRD0016,Rendang Kemasan Vacuum,Makanan & Minuman,1,130900.0,0.0,0.0,130900.0,QRIS,returned,Jakarta
ORD04536,2024-01-01,CST0130,STR029,PRD0035,Lap Microfiber Set 3pcs,Rumah Tangga,1,32700.0,5.0,1600.0,31100.0,ShopeePay,delivered,Bandung
ORD00116,2024-04-06,CST0854,STR014,PRD0051,Topi Running,Olahraga & Outdoor,1,49200.0,15.0,7400.0,41800.0,ShopeePay,cancelled,Makassar
ORD01822,2024-09-04,CST0596,STR028,PRD0055,Gantungan Kunci Batik,Kerajinan & Souvenir,3,13500.0,0.0,0.0,40600.0,Indomaret,cancelled,Palembang
ORD01495,2023-10-14,CST0066,STR037,PRD0022,Body Lotion Bengkoang,Kecantikan & Perawatan,3,53100.0,0.0,0.0,159400.0,Dana,delivered,Depok
ORD02402,2023-07-01,CST0486,STR040,PRD0031,Casing HP Anti Crack,Elektronik & Aksesori,1,34400.0,0.0,0.0,34400.0,COD,delivered,Tangerang
ORD01233,2024-08-09,CST0423,STR013,PRD0031,Casing HP Anti Crack,Elektronik & Aksesori,4,31700.0,10.0,12700.0,114200.0,OVO,returned,Depok
ORD02662,2024-11-20,CST0783,STR039,PRD0049,Matras Yoga 6mm,Olahraga & Outdoor,1,158400.0,0.0,0.0,158400.0,Indomaret,delivered,Bandung
ORD02818,2024-03-09,CST0837,STR017,PRD0016,Rendang Kemasan Vacuum,Makanan & Minuman,2,138100.0,0.0,0.0,276200.0,Transfer Mandiri,returned,Tangerang
ORD03594,2024-01-15,CST0670,STR044,PRD0048,Tali Skipping Premium,Olahraga & Outdoor,4,56800.0,0.0,0.0,227200.0,Transfer Mandiri,cancelled,Tangerang
ORD05128,2024-12-26,CST0173,STR002,PRD0002,Kaos Polos Cotton Combed,Fashion & Pakaian,1,45900.0,5.0,2300.0,43600.0,Transfer Mandiri,delivered,Medan
ORD01154,2024-05-25,CST0976,STR020,PRD0036,Gantungan Baju Kayu,Rumah Tangga,4,19200.0,5.0,3800.0,73000.0,LinkAja,delivered,Bandung
ORD04863,2023-07-10,CST0213,STR001,PRD0004,Celana Chino Pria,Fashion & Pakaian,2,157800.0,0.0,0.0,315500.0,OVO,delivered,Surabaya
ORD04987,2023-09-15,CST0287,STR031,PRD0015,Dodol Garut Premium,Makanan & Minuman,5,41300.0,10.0,20600.0,185800.0,GoPay,delivered,Palembang
ORD00058,2024-07-20,CST0466,STR048,PRD0055,Gantungan Kunci Batik,Kerajinan & Souvenir,2,12900.0,5.0,1300.0,24500.0,OVO,delivered,Surabaya
ORD04183,2023-09-20,CST0630,STR047,PRD0041,Baju Bayi Newborn Set,Perlengkapan Bayi & Anak,4,135000.0,15.0,81000.0,459100.0,Transfer BCA,processing,Makassar
ORD04014,2024-09-04,CST0319,STR050,PRD0051,Topi Running,Olahraga & Outdoor,5,50100.0,15.0,37600.0,212800.0,Dana,cancelled,Medan
ORD05190,2024-04-22,CST0640,STR018,PRD0055,Gantungan Kunci Batik,Kerajinan & Souvenir,3,12000.0,,5400.0,30700.0,Alfamart,cancelled,Makassar
ORD00260,2023-06-28,CST0490,STR008,PRD0048,Tali Skipping Premium,Olahraga & Outdoor,2,51200.0,0.0,0.0,102400.0,Transfer Mandiri,returned,Palembang
ORD01736,2023-01-25,CST0561,STR047,PRD0052,Gelang Batok Kelapa,Kerajinan & Souvenir,1,23900.0,0.0,0.0,23900.0,Transfer BCA,delivered,Makassar
ORD05056,2023-10-30,CST0429,STR012,PRD0025,Powerbank 10000mAh,Elektronik & Aksesori,2,138300.0,0.0,0.0,276700.0,Transfer BRI,processing,Depok
ORD02824,2024-06-30,CST0869,STR005,PRD0021,Sunscreen SPF50 Lokal,Kecantikan & Perawatan,1,88200.0,10.0,8800.0,79400.0,,delivered,Medan
ORD02197,2024-04-16,CST0585,STR029,PRD0019,Sabun Sirih Herbal,Kecantikan & Perawatan,2,25000.0,0.0,0.0,50000.0,QRIS,delivered,Bandung
ORD00160,2023-11-16,CST0579,STR020,PRD0015,Dodol Garut Premium,Makanan & Minuman,1,47500.0,10.0,4800.0,42800.0,ShopeePay,delivered,Bandung
ORD02476,2024-04-05,CST0012,STR037,PRD0004,Celana Chino Pria,Fashion & Pakaian,1,170800.0,25.0,42700.0,128100.0,LinkAja,processing,Depok
ORD02565,2023-06-16,CST0273,STR045,PRD0014,Madu Hutan Asli 500ml,Makanan & Minuman,1,165000.0,0.0,0.0,165000.0,LinkAja,returned,Bogor
ORD03956,2024-06-01,CST0804,STR004,PRD0007,Sepatu Sneakers Lokal,Fashion & Pakaian,1,251400.0,0.0,0.0,251400.0,COD,processing,Jakarta
ORD03701,2023-04-21,CST0906,STR010,PRD0010,Sambal Bawang Homemade,Makanan & Minuman,1,33400.0,5.0,1700.0,31700.0,QRIS,delivered,Palembang
ORD02609,2023-03-31,CST0990,STR018,PRD0054,Lukisan Kanvas UMKM,Kerajinan & Souvenir,4,182300.0,0.0,0.0,729100.0,Dana,delivered,Makassar
ORD04338,2023-06-03,CST0051,STR007,PRD0045,Buku Mewarnai + Crayon,Perlengkapan Bayi & Anak,2,33400.0,0.0,0.0,66800.0,Transfer BRI,processing,Bogor
ORD00708,2023-07-07,CST0669,STR025,PRD0056,Topeng Kayu Dekorasi,Kerajinan & Souvenir,2,99500.0,15.0,29900.0,169200.0,OVO,delivered,Tangerang
ORD03047,2023-11-15,CST0251,STR039,PRD0052,Gelang Batok Kelapa,Kerajinan & Souvenir,1,26500.0,0.0,0.0,26500.0,Alfamart,delivered,Bandung
ORD04791,2024-10-26,CST0349,STR031,PRD0046,Botol Susu Anti-Kolik,Perlengkapan Bayi & Anak,1,95900.0,15.0,14400.0,81500.0,Transfer BCA,cancelled,Palembang
ORD01094,2023-01-07,CST0692,STR038,PRD0047,Kaos Olahraga Dryfit,Olahraga & Outdoor,4,81300.0,0.0,0.0,325000.0,OVO,delivered,Semarang
ORD04284,2023-08-08,CST0204,STR038,PRD0045,Buku Mewarnai + Crayon,Perlengkapan Bayi & Anak,1,32800.0,0.0,0.0,32800.0,LinkAja,delivered,Semarang
ORD01377,2024-11-30,CST0345,STR023,PRD0035,Lap Microfiber Set 3pcs,Rumah Tangga,5,31400.0,10.0,15700.0,141500.0,Transfer BRI,cancelled,Palembang
ORD01961,2023-05-20,CST0027,STR004,PRD0018,Masker Wajah Clay BPOM,Kecantikan & Perawatan,2,53200.0,,5300.0,101100.0,Transfer BCA,delivered,Jakarta
ORD00073,2023-11-28,CST0198,STR007,PRD0039,Keranjang Rotan Mini,Rumah Tangga,3,120300.0,0.0,0.0,360900.0,Transfer BRI,cancelled,
ORD01923,2023-12-01,CST0488,STR048,PRD0019,Sabun Sirih Herbal,Kecantikan & Perawatan,3,27600.0,10.0,8300.0,74400.0,QRIS,processing,Surabaya
ORD04511,2024-12-15,CST0636,STR038,PRD0027,Earphone Bluetooth TWS,Elektronik & Aksesori,3,138000.0,10.0,41400.0,372700.0,Transfer Mandiri,returned,Semarang
ORD01765,2024-11-03,CST0397,STR024,PRD0051,Topi Running,Olahraga & Outdoor,4,47000.0,0.0,0.0,187800.0,Transfer BRI,processing,Bogor
ORD00744,2023-11-19,CST0938,STR047,PRD0005,Dress Casual Wanita,Fashion & Pakaian,4,185600.0,10.0,74200.0,668200.0,Transfer BRI,returned,Makassar
ORD03600,2024-10-11,CST0803,STR006,PRD0033,Tempat Makan Tupperware KW,Rumah Tangga,4,53900.0,15.0,32400.0,183400.0,,delivered,Depok
ORD01006,2023-10-29,CST0932,STR050,PRD0017,Skincare Serum Vit C Lokal,Kecantikan & Perawatan,2,114100.0,5.0,11400.0,216800.0,Transfer BRI,delivered,Medan
ORD02669,2024-08-02,CST0481,STR033,PRD0018,Masker Wajah Clay BPOM,Kecantikan & Perawatan,5,52400.0,,0.0,262100.0,Transfer BRI,cancelled,Depok
ORD01191,2024-03-07,CST0833,STR002,PRD0019,Sabun Sirih Herbal,Kecantikan & Perawatan,2,24700.0,5.0,2500.0,47000.0,ShopeePay,delivered,Medan
ORD03995,2023-02-24,CST0112,STR035,PRD0004,Celana Chino Pria,Fashion & Pakaian,4,163700.0,,65500.0,589400.0,COD,returned,Surabaya
ORD02602,2024-02-04,CST0097,STR044,PRD0010,Sambal Bawang Homemade,Makanan & Minuman,5,34900.0,0.0,0.0,174300.0,Transfer BCA,cancelled,Tangerang
ORD01126,2023-03-22,CST0193,STR001,PRD0053,Tas Anyaman Pandan,Kerajinan & Souvenir,1,98700.0,0.0,0.0,98700.0,Transfer Mandiri,delivered,Surabaya
ORD01242,2023-03-28,CST0689,STR018,PRD0054,Lukisan Kanvas UMKM,Kerajinan & Souvenir,1,194100.0,10.0,19400.0,174600.0,Alfamart,cancelled,Makassar
ORD03566,2024-05-29,CST0430,STR003,PRD0037,Botol Minum Tumbler,Rumah Tangga,1,78000.0,10.0,7800.0,70200.0,Transfer Mandiri,delivered,Depok
ORD04629,2024-07-19,CST0771,STR031,PRD0018,Masker Wajah Clay BPOM,Kecantikan & Perawatan,5,50900.0,15.0,38200.0,216300.0,ShopeePay,cancelled,Palembang
ORD05289,21/03/2024,CST0611,STR040,PRD0028,Holder HP Mobil,Elektronik & Aksesori,4,64700.0,5.0,12900.0,245900.0,COD,processing,Tangerang
ORD03352,2024-11-19,CST0611,STR015,PRD0011,Kopi Arabika Toraja 250gr,Makanan & Minuman,10,77200.0,0.0,0.0,772500.0,QRIS,cancelled,Jakarta
ORD00999,2024-04-06,CST0893,STR048,PRD0041,Baju Bayi Newborn Set,Perlengkapan Bayi & Anak,4,126300.0,0.0,0.0,505100.0,Dana,processing,Surabaya
ORD05000,2024-10-12,CST0866,STR036,PRD0007,Sepatu Sneakers Lokal,Fashion & Pakaian,4,249500.0,10.0,99800.0,898100.0,QRIS,returned,Tangerang
ORD03561,2024-01-18,CST0169,STR009,PRD0001,Batik Tulis Premium,Fashion & Pakaian,3,303000.0,15.0,136300.0,772600.0,Dana,delivered,Medan
ORD02685,2024-08-01,CST0868,STR025,PRD0041,Baju Bayi Newborn Set,Perlengkapan Bayi & Anak,2,126500.0,5.0,12600.0,240300.0,OVO,delivered,Tangerang
ORD04865,2024-05-29,CST0712,STR014,PRD0009,Keripik Tempe Renceng,Makanan & Minuman,1,13500.0,0.0,0.0,13500.0,QRIS,delivered,Makassar
ORD01578,2024-09-06,CST0485,STR032,PRD0004,Celana Chino Pria,Fashion & Pakaian,1,154200.0,5.0,7700.0,146500.0,Dana,returned,Bogor
ORD05374,2023-09-27,CST0430,STR032,PRD0049,Matras Yoga 6mm,Olahraga & Outdoor,1,173700.0,0.0,0.0,173700.0,Indomaret,delivered,Bogor
ORD01827,2024-03-06,CST0545,STR023,PRD0036,Gantungan Baju Kayu,Rumah Tangga,1,18400.0,5.0,900.0,17400.0,Transfer Mandiri,returned,Palembang
ORD01344,2023-10-16,CST0715,STR001,PRD0003,Hijab Voal Motif,Fashion & Pakaian,1,67000.0,5.0,3400.0,63700.0,GoPay,returned,Surabaya
ORD02533,2024-07-14,CST0994,STR001,PRD0027,Earphone Bluetooth TWS,Elektronik & Aksesori,1,149000.0,10.0,14900.0,134100.0,Transfer Mandiri,delivered,Surabaya
ORD04326,2024-04-20,CST0645,STR009,PRD0004,Celana Chino Pria,Fashion & Pakaian,4,162300.0,0.0,0.0,649200.0,Transfer BRI,delivered,Medan
ORD04635,2024-07-19,CST0830,STR050,PRD0034,Sapu Lantai Ijuk,Rumah Tangga,2,25300.0,0.0,0.0,50700.0,Transfer Mandiri,delivered,Medan
ORD00441,2024-10-24,CST0620,STR014,PRD0035,Lap Microfiber Set 3pcs,Rumah Tangga,2,29200.0,0.0,0.0,58300.0,Transfer BCA,processing,Makassar
ORD03635,2024-05-28,CST0476,STR015,PRD0028,Holder HP Mobil,Elektronik & Aksesori,4,64400.0,0.0,0.0,257800.0,LinkAja,delivered,Jakarta
ORD01101,2024-11-14,CST0855,STR008,PRD0003,Hijab Voal Motif,Fashion & Pakaian,1,63700.0,0.0,0.0,63700.0,LinkAja,cancelled,Palembang
ORD02638,2023-01-02,CST0874,STR025,PRD0012,Teh Herbal Jahe Merah,Makanan & Minuman,1,44800.0,10.0,4500.0,40300.0,ShopeePay,delivered,Tangerang
ORD03831,2023-10-18,CST0859,STR015,PRD0038,Talenan Kayu Jati,Rumah Tangga,3,84000.0,0.0,0.0,252000.0,ShopeePay,delivered,Jakarta
ORD00650,2024-08-16,CST0877,STR034,PRD0036,Gantungan Baju Kayu,Rumah Tangga,3,18200.0,10.0,5500.0,49200.0,Dana,cancelled,Depok
ORD01547,2024-07-15,CST0757,STR011,PRD0001,Batik Tulis Premium,Fashion & Pakaian,1,345100.0,0.0,0.0,345100.0,ShopeePay,processing,Bogor
ORD03232,2024-11-12,CST0765,STR017,PRD0001,Batik Tulis Premium,Fashion & Pakaian,1,334500.0,5.0,16700.0,317800.0,,returned,Tangerang
ORD04205,2024-02-21,CST0123,STR003,PRD0018,Masker Wajah Clay BPOM,Kecantikan & Perawatan,1,50800.0,10.0,5100.0,45800.0,Indomaret,cancelled,Depok
ORD04266,2023-09-03,CST0113,STR007,PRD0053,Tas Anyaman Pandan,Kerajinan & Souvenir,1,101700.0,0.0,0.0,101700.0,COD,returned,Bogor
ORD05396,2023-01-25,CST0186,STR029,PRD0006,Jaket Bomber,Fashion & Pakaian,1,324200.0,10.0,32400.0,291800.0,Alfamart,returned,Bandung
ORD03962,2024-02-25,CST0982,STR026,PRD0023,Shampo Kemiri Organik,Kecantikan & Perawatan,1,79100.0,0.0,0.0,79100.0,QRIS,processing,Bandung
ORD03504,2024-04-10,CST0467,STR012,PRD0050,Botol Infuser Air,Olahraga & Outdoor,5,59300.0,0.0,0.0,296300.0,Transfer BRI,cancelled,Depok
ORD05330,2024-10-29,CST0299,STR018,PRD0051,Topi Running,Olahraga & Outdoor,2,50900.0,20.0,20400.0,81500.0,LinkAja,delivered,Makassar
ORD04388,2023-05-10,CST0527,STR031,PRD0054,Lukisan Kanvas UMKM,Kerajinan & Souvenir,1,201500.0,20.0,40300.0,161200.0,,delivered,Palembang
ORD00631,2024-01-23,CST0909,STR010,PRD0046,Botol Susu Anti-Kolik,Perlengkapan Bayi & Anak,3,96300.0,5.0,14400.0,274300.0,Indomaret,delivered,Palembang
ORD00673,2024-11-05,CST0353,STR021,PRD0040,Lilin Aromaterapi,Rumah Tangga,1,66300.0,0.0,0.0,66300.0,GoPay,delivered,Depok
ORD01250,2023-08-26,CST0133,STR031,PRD0015,Dodol Garut Premium,Makanan & Minuman,2,45100.0,0.0,0.0,90200.0,LinkAja,delivered,Palembang
ORD04100,2024-02-03,CST0959,STR046,PRD0041,Baju Bayi Newborn Set,Perlengkapan Bayi & Anak,2,136000.0,,0.0,271900.0,LinkAja,delivered,Medan
ORD00483,2024-03-20,CST0208,STR014,PRD0001,Batik Tulis Premium,Fashion & Pakaian,2,285800.0,0.0,0.0,571500.0,Dana,processing,Makassar
ORD01585,2024-12-25,CST0240,STR038,PRD0016,Rendang Kemasan Vacuum,makanan & minuman,3,128300.0,15.0,57800.0,327300.0,OVO,processing,Semarang
ORD03850,2023-08-14,CST0035,STR027,PRD0034,Sapu Lantai Ijuk,Rumah Tangga,1,27400.0,25.0,6900.0,20600.0,GoPay,delivered,Depok
ORD05188,2024-01-06,CST0757,STR016,PRD0039,Keranjang Rotan Mini,Rumah Tangga,5,117300.0,0.0,0.0,586600.0,Transfer Mandiri,cancelled,
ORD03810,29/03/2024,CST0499,STR040,PRD0049,Matras Yoga 6mm,Olahraga & Outdoor,5,149800.0,0.0,0.0,748800.0,Dana,processing,Tangerang
ORD01463,2023-12-30,CST0616,STR010,PRD0018,Masker Wajah Clay BPOM,Kecantikan & Perawatan,1,56500.0,20.0,11300.0,45200.0,OVO,cancelled,Palembang
ORD03041,2024-11-17,CST0358,STR040,PRD0048,Tali Skipping Premium,Olahraga & Outdoor,3,56000.0,0.0,0.0,168100.0,COD,delivered,Tangerang
ORD04501,2023-02-12,CST0179,STR003,PRD0022,Body Lotion Bengkoang,Kecantikan & Perawatan,1,48700.0,15.0,7300.0,41400.0,OVO,returned,Depok
ORD04317,2023-02-18,CST0167,STR013,PRD0035,Lap Microfiber Set 3pcs,Rumah Tangga,5,33800.0,0.0,0.0,168900.0,COD,delivered,Depok
ORD00927,2023-02-25,CST0617,STR014,PRD0032,Charger Fast Charging,Elektronik & Aksesori,4,74200.0,0.0,0.0,296800.0,OVO,delivered,Makassar
ORD03274,2024-09-01,CST0644,STR047,PRD0023,Shampo Kemiri Organik,Kecantikan & Perawatan,1,76400.0,10.0,7600.0,68800.0,Transfer BCA,returned,Makassar
ORD03239,2023-11-19,CST0303,STR007,PRD0016,Rendang Kemasan Vacuum,Makanan & Minuman,3,129500.0,15.0,58300.0,330100.0,Indomaret,processing,Bogor
ORD03132,2023-06-10,CST0625,STR048,PRD0037,Botol Minum Tumbler,Rumah Tangga,4,86300.0,10.0,34500.0,310700.0,COD,delivered,Surabaya
ORD02579,2023-03-17,CST0759,STR023,PRD0052,Gelang Batok Kelapa,Kerajinan & Souvenir,2,24700.0,10.0,4900.0,44400.0,Dana,returned,Palembang
ORD04425,19-03-2024,CST0476,STR020,PRD0023,Shampo Kemiri Organik,Kecantikan & Perawatan,2,72400.0,15.0,21700.0,123000.0,,delivered,Bandung
ORD00050,2024-01-02,CST0926,STR021,PRD0021,Sunscreen SPF50 Lokal,Kecantikan & Perawatan,3,93700.0,5.0,14100.0,267200.0,OVO,delivered,Depok
ORD04801,2024-07-03,CST0089,STR020,PRD0020,Lip Cream Matte Halal,Kecantikan & Perawatan,2,44400.0,10.0,8900.0,79800.0,COD,delivered,Bandung
ORD03829,2023-10-18,CST0789,STR003,PRD0046,Botol Susu Anti-Kolik,Perlengkapan Bayi & Anak,2,99200.0,0.0,0.0,198400.0,LinkAja,cancelled,Depok
ORD00859,2024-01-08,CST0371,STR025,PRD0034,Sapu Lantai Ijuk,Rumah Tangga,1,23900.0,10.0,2400.0,21500.0,Indomaret,returned,Tangerang
ORD03226,2024-09-15,CST0503,STR013,PRD0026,Kabel Data Type-C 1m,Elektronik & Aksesori,2,45400.0,0.0,0.0,90800.0,Transfer Mandiri,processing,Depok
ORD01073,2023-06-16,CST0570,STR011,PRD0002,Kaos Polos Cotton Combed,Fashion & Pakaian,1,47400.0,15.0,7100.0,40300.0,GoPay,cancelled,Bogor
ORD00720,2024-02-19,CST0128,STR037,PRD0051,Topi Running,Olahraga & Outdoor,5,53800.0,25.0,67200.0,201700.0,Transfer BCA,cancelled,Depok
ORD03955,2023-03-12,CST0357,STR040,PRD0031,Casing HP Anti Crack,Elektronik & Aksesori,2,32800.0,0.0,0.0,65700.0,Transfer BRI,returned,Tangerang
ORD02632,2023-03-30,CST0731,STR042,PRD0002,Kaos Polos Cotton Combed,Fashion & Pakaian,2,46300.0,0.0,0.0,92500.0,OVO,delivered,Bogor
ORD05466,2023-06-16,CST0110,STR026,PRD0014,Madu Hutan Asli 500ml,Makanan & Minuman,4,160100.0,5.0,32000.0,608400.0,GoPay,delivered,Bandung
ORD01661,2024-07-19,CST0466,STR031,PRD0054,Lukisan Kanvas UMKM,Kerajinan & Souvenir,1,185800.0,0.0,0.0,185800.0,Transfer Mandiri,processing,Palembang
ORD01657,2024-04-14,CST0823,STR008,PRD0019,Sabun Sirih Herbal,Kecantikan & Perawatan,3,25700.0,0.0,0.0,77000.0,QRIS,delivered,Palembang
ORD02426,2023-04-17,CST0566,STR016,PRD0018,Masker Wajah Clay BPOM,Kecantikan & Perawatan,2,54800.0,0.0,0.0,109700.0,Transfer Mandiri,returned,Medan
ORD04259,2024-09-15,CST0355,STR005,PRD0011,Kopi Arabika Toraja 250gr,Makanan & Minuman,4,76500.0,0.0,0.0,306100.0,Transfer BCA,returned,Medan
ORD04734,2024-02-14,CST0109,STR017,PRD0007,Sepatu Sneakers Lokal,Fashion & Pakaian,2,294300.0,0.0,0.0,588600.0,GoPay,cancelled,Tangerang
ORD02840,2024-06-27,CST0751,STR035,PRD0052,Gelang Batok Kelapa,Kerajinan & Souvenir,2,24800.0,10.0,5000.0,44700.0,GoPay,delivered,Surabaya
ORD04120,2023-03-11,CST0419,STR009,PRD0010,Sambal Bawang Homemade,Makanan & Minuman,1,32200.0,0.0,0.0,32200.0,,delivered,Medan
ORD03098,2023-03-16,CST0543,STR001,PRD0019,Sabun Sirih Herbal,Kecantikan & Perawatan,4,26500.0,0.0,0.0,106200.0,Transfer Mandiri,processing,Surabaya
ORD05023,2024-03-28,CST0998,STR003,PRD0047,Kaos Olahraga Dryfit,Olahraga & Outdoor,1,84800.0,0.0,0.0,84800.0,LinkAja,delivered,Depok
ORD05494,2023-10-08,CST0491,STR009,PRD0020,Lip Cream Matte Halal,Kecantikan & Perawatan,1,50900.0,0.0,0.0,50900.0,Transfer Mandiri,processing,Medan
ORD05332,2023-09-19,CST0111,STR021,PRD0020,Lip Cream Matte Halal,Kecantikan & Perawatan,5,46200.0,15.0,34600.0,196200.0,LinkAja,delivered,Depok
ORD03190,2024-08-17,CST0519,STR014,PRD0045,Buku Mewarnai + Crayon,Perlengkapan Bayi & Anak,1,29800.0,0.0,0.0,29800.0,LinkAja,processing,Makassar
ORD02935,2024-06-03,CST0250,STR004,PRD0045,Buku Mewarnai + Crayon,Perlengkapan Bayi & Anak,2,31900.0,5.0,3200.0,60700.0,Alfamart,delivered,Jakarta
ORD04625,2024-08-23,CST0889,STR030,PRD0003,Hijab Voal Motif,Fashion & Pakaian,1,57800.0,0.0,0.0,57800.0,,delivered,Surabaya
ORD03893,2023-08-10,CST0602,STR018,PRD0039,Keranjang Rotan Mini,Rumah Tangga,2,116100.0,0.0,0.0,232300.0,Transfer BCA,delivered,Makassar
ORD02607,2023-03-22,CST0483,STR010,PRD0050,Botol Infuser Air,Olahraga & Outdoor,1,59800.0,0.0,0.0,59800.0,Alfamart,delivered,Palembang
ORD01386,2024-04-18,CST0970,STR006,PRD0052,Gelang Batok Kelapa,Kerajinan & Souvenir,3,23200.0,10.0,7000.0,62600.0,Indomaret,processing,Depok
ORD04448,2024-01-09,CST0031,STR032,PRD0018,Masker Wajah Clay BPOM,Kecantikan & Perawatan,4,54800.0,0.0,0.0,219300.0,Dana,delivered,Bogor
ORD01400,2023-05-31,CST0746,STR021,PRD0012,Teh Herbal Jahe Merah,Makanan & Minuman,2,44800.0,0.0,0.0,89600.0,ShopeePay,delivered,Depok
ORD01196,2023-05-02,CST0115,STR017,PRD0036,Gantungan Baju Kayu,Rumah Tangga,1,21300.0,0.0,0.0,21300.0,QRIS,returned,Tangerang
ORD01409,03-10-2024,CST0636,STR042,PRD0051,Topi Running,Olahraga & Outdoor,1,48000.0,0.0,0.0,48000.0,COD,returned,Bogor
ORD01846,2023-01-25,CST0130,STR002,PRD0040,Lilin Aromaterapi,Rumah Tangga,3,66200.0,10.0,19900.0,178700.0,ovo,cancelled,Medan
ORD01799,2023-01-10,CST0559,STR012,PRD0033,Tempat Makan Tupperware KW,Rumah Tangga,1,56300.0,0.0,0.0,56300.0,ShopeePay,cancelled,Depok
ORD01476,2024-02-29,CST0186,STR050,PRD0020,Lip Cream Matte Halal,Kecantikan&Perawatan,4,46700.0,0.0,0.0,187000.0,COD,delivered,Medan
ORD05450,2023-02-21,CST0400,STR036,PRD0017,Skincare Serum Vit C Lokal,Kecantikan & Perawatan,2,113900.0,0.0,0.0,227700.0,QRIS,returned,Tangerang
ORD00036,2024-01-11,CST0231,STR027,PRD0035,Lap Microfiber Set 3pcs,Rumah Tangga,2,33800.0,5.0,3400.0,64300.0,Alfamart,delivered,Depok
ORD04554,2023-08-02,CST0427,STR036,PRD0026,Kabel Data Type-C 1m,Elektronik & Aksesori,4,42200.0,5.0,8400.0,160300.0,GoPay,delivered,Tangerang
ORD02346,2024-04-30,CST0287,STR048,PRD0012,Teh Herbal Jahe Merah,Makanan & Minuman,1,43300.0,,6500.0,36800.0,Dana,delivered,Surabaya
ORD03977,2024-06-21,CST0586,STR021,PRD0042,Mainan Edukasi Kayu,Perlengkapan Bayi & Anak,2,76300.0,25.0,38100.0,114400.0,Dana,processing,Depok
ORD03313,2024-09-22,CST0423,STR049,PRD0035,Lap Microfiber Set 3pcs,Rumah Tangga,2,29700.0,5.0,3000.0,56400.0,QRIS,delivered,Makassar
ORD02360,2023-05-26,CST0621,STR045,PRD0002,Kaos Polos Cotton Combed,Fashion & Pakaian,1,53500.0,5.0,2700.0,50800.0,ShopeePay,processing,Bogor
ORD03007,2023-04-04,CST0217,STR032,PRD0009,Keripik Tempe Renceng,Makanan & Minuman,3,13300.0,0.0,0.0,39900.0,ShopeePay,returned,Bogor
ORD02207,2023-01-17,CST0224,STR003,PRD0043,Tas Sekolah Anak SD,Perlengkapan Bayi & Anak,2,119400.0,10.0,23900.0,214800.0,LinkAja,delivered,Depok
ORD04010,2023-09-05,CST0452,STR010,PRD0034,Sapu Lantai Ijuk,Rumah Tangga,1,26400.0,5.0,1300.0,25000.0,linkaja,returned,Palembang
ORD04808,2024-04-27,CST0356,STR029,PRD0016,Rendang Kemasan Vacuum,Makanan & Minuman,1,125300.0,0.0,0.0,125300.0,GoPay,processing,Bandung
ORD03180,2024-06-04,CST0408,STR007,PRD0037,Botol Minum Tumbler,Rumah Tangga,1,841000.0,10.0,8400.0,75700.0,Dana,delivered,Bogor
ORD03423,2024-08-23,CST0342,STR010,PRD0051,Topi Running,Olahraga & Outdoor,1,49800.0,0.0,0.0,49800.0,QRIS,processing,Palembang
ORD01287,2024-05-05,CST0306,STR015,PRD0044,Sepatu Anak Velcro,Perlengkapan Bayi & Anak,1,104200.0,10.0,10400.0,93700.0,LinkAja,processing,Jakarta
ORD04160,2023-06-24,CST0223,STR009,PRD0022,Body Lotion Bengkoang,Kecantikan & Perawatan,3,51800.0,10.0,15500.0,139800.0,Transfer BRI,delivered,Medan
ORD00350,2024-12-08,CST0284,STR046,PRD0012,Teh Herbal Jahe Merah,Makanan & Minuman,3,38800.0,0.0,0.0,116500.0,Transfer Mandiri,cancelled,Medan
ORD03417,2023-02-24,CST0839,STR004,PRD0017,Skincare Serum Vit C Lokal,Kecantikan & Perawatan,1,107700.0,0.0,0.0,107700.0,Indomaret,cancelled,Jakarta
ORD02138,2024-02-03,CST0767,STR026,PRD0005,Dress Casual Wanita,Fashion & Pakaian,1,156700.0,15.0,23500.0,133200.0,Transfer BRI,returned,Bandung
ORD02692,2023-11-02,CST0191,STR042,PRD0027,Earphone Bluetooth TWS,Elektronik & Aksesori,10,154800.0,15.0,232200.0,1316000.0,LinkAja,processing,Bogor
ORD04089,2024-11-27,CST0243,STR033,PRD0027,Earphone Bluetooth TWS,Elektronik & Aksesori,1,151300.0,0.0,0.0,151300.0,COD,returned,Depok
ORD03913,2024-11-22,CST0934,STR004,PRD0014,Madu Hutan Asli 500ml,Makanan & Minuman,1,165200.0,10.0,16500.0,148700.0,OVO,processing,Jakarta
ORD01682,2023-11-17,CST0895,STR016,PRD0003,Hijab Voal Motif,Fashion & Pakaian,2,65500.0,0.0,0.0,131100.0,Dana,delivered,Medan
ORD04550,2024-03-16,CST0959,STR019,PRD0028,Holder HP Mobil,Elektronik & Aksesori,1,58000.0,10.0,5800.0,52200.0,Transfer Mandiri,delivered,Surabaya
ORD01444,2024-06-27,CST0634,STR010,PRD0028,Holder HP Mobil,Elektronik & Aksesori,4,61700.0,0.0,0.0,246700.0,OVO,processing,Palembang
ORD04061,2023-12-03,CST0609,STR015,PRD0038,Talenan Kayu Jati,Rumah Tangga,1,87700.0,15.0,13200.0,74500.0,COD,delivered,Jakarta
ORD03216,2023-01-04,CST0297,STR009,PRD0054,Lukisan Kanvas UMKM,Kerajinan & Souvenir,2,183800.0,15.0,55100.0,312500.0,Indomaret,delivered,Medan
ORD01672,2023-07-09,CST0789,STR039,PRD0030,Mouse Wireless USB,Elektronik & Aksesori,2,86200.0,25.0,43100.0,129300.0,,delivered,Bandung
ORD03694,2024-07-19,CST0234,STR041,PRD0042,Mainan Edukasi Kayu,Perlengkapan Bayi & Anak,1,77400.0,10.0,7700.0,69600.0,COD,delivered,Semarang
ORD01180,2024-06-04,CST0157,STR013,PRD0034,Sapu Lantai Ijuk,Rumah Tangga,3,26900.0,20.0,16100.0,64500.0,Transfer BRI,returned,Depok
ORD02799,2024-10-08,CST0610,STR040,PRD0006,Jaket Bomber,Fashion & Pakaian,5,328200.0,10.0,164100.0,1477100.0,Transfer BRI,delivered,Tangerang
ORD01693,2024-10-07,CST0880,STR006,PRD0017,Skincare Serum Vit C Lokal,Kecantikan & Perawatan,1,110200.0,10.0,11000.0,99200.0,QRIS,delivered,Depok
ORD04140,2024-08-24,CST0788,STR041,PRD0032,Charger Fast Charging,Elektronik & Aksesori,1,72600.0,20.0,14500.0,58100.0,,returned,Semarang
ORD04471,2023-12-26,CST0925,STR017,PRD0043,Tas Sekolah Anak SD,Perlengkapan Bayi & Anak,3,120200.0,15.0,54100.0,306500.0,ShopeePay,delivered,Tangerang
ORD00373,2024-10-05,CST0035,STR014,PRD0055,Gantungan Kunci Batik,Kerajinan & Souvenir,5,11600.0,10.0,5800.0,52200.0,OVO,cancelled,Makassar
ORD03056,2023-06-09,CST0027,STR021,PRD0008,Sandal Kulit Handmade,Fashion & Pakaian,3,166600.0,10.0,50000.0,449900.0,QRIS,delivered,Depok
ORD05040,2023-09-15,CST0849,STR003,PRD0015,Dodol Garut Premium,Makanan & Minuman,2,46100.0,0.0,0.0,92200.0,OVO,delivered,Depok
ORD01917,2023-06-02,CST0528,STR034,PRD0053,Tas Anyaman Pandan,Kerajinan & Souvenir,3,94300.0,0.0,0.0,283000.0,Transfer BCA,returned,Depok
ORD01358,2023-07-05,CST0832,STR036,PRD0018,Masker Wajah Clay BPOM,Kecantikan & Perawatan,3,50400.0,5.0,7600.0,143600.0,GoPay,cancelled,Tangerang
ORD01826,2024-04-10,CST0759,STR049,PRD0041,Baju Bayi Newborn Set,Perlengkapan Bayi & Anak,5,135800.0,15.0,101800.0,577100.0,COD,returned,Makassar
ORD00787,2024-10-30,CST0928,STR044,PRD0044,Sepatu Anak Velcro,Perlengkapan Bayi & Anak,2,86300.0,0.0,0.0,172600.0,OVO,cancelled,Tangerang
ORD00470,2024-05-16,CST0603,STR035,PRD0043,Tas Sekolah Anak SD,Perlengkapan Bayi & Anak,2,111400.0,0.0,0.0,222800.0,QRIS,cancelled,Surabaya
ORD00141,2024-02-28,CST0128,STR045,PRD0037,Botol Minum Tumbler,Rumah Tangga,1,82000.0,15.0,12300.0,69700.0,shopeepay,delivered,Bogor
ORD00789,2024-05-06,CST0417,STR050,PRD0047,Kaos Olahraga Dryfit,Olahraga & Outdoor,1,83100.0,15.0,12500.0,70600.0,,cancelled,Medan
ORD00324,2023-10-23,CST0159,STR038,PRD0006,Jaket Bomber,Fashion & Pakaian,1,317500.0,15.0,47600.0,269900.0,Alfamart,cancelled,Semarang
ORD00051,2023-07-04,CST0008,STR011,PRD0055,Gantungan Kunci Batik,Kerajinan & Souvenir,2,12700.0,10.0,2500.0,22900.0,COD,returned,Bogor
ORD00715,2023-06-09,CST0537,STR038,PRD0006,Jaket Bomber,Fashion & Pakaian,4,321300.0,0.0,0.0,1285300.0,,cancelled,Semarang
ORD05037,2024-02-09,CST0326,STR024,PRD0047,Kaos Olahraga Dryfit,Olahraga & Outdoor,1,76700.0,0.0,0.0,76700.0,GoPay,returned,Bogor
ORD02841,2023-04-26,CST0303,STR006,PRD0016,Rendang Kemasan Vacuum,Makanan & Minuman,2,119000.0,0.0,0.0,238100.0,Alfamart,delivered,Depok
ORD02447,2024-01-31,CST0670,STR048,PRD0031,Casing HP Anti Crack,Elektronik & Aksesori,1,31800.0,15.0,4800.0,27000.0,ShopeePay,delivered,Surabaya
ORD05397,2024-04-17,CST0065,STR017,PRD0049,Matras Yoga 6mm,Olahraga & Outdoor,2,160300.0,5.0,16000.0,304600.0,GoPay,delivered,Tangerang
ORD03947,2024-05-14,CST0764,STR050,PRD0044,Sepatu Anak Velcro,Perlengkapan Bayi & Anak,1,97800.0,0.0,0.0,97800.0,QRIS,processing,Medan
ORD04958,2023-07-28,CST0200,STR018,PRD0012,Teh Herbal Jahe Merah,Makanan & Minuman,2,39700.0,5.0,4000.0,75400.0,,cancelled,Makassar
ORD05152,2023-05-23,CST0459,STR035,PRD0008,Sandal Kulit Handmade,FASHION & PAKAIAN,1,168200.0,15.0,25200.0,142900.0,OVO,delivered,Surabaya
ORD03781,2023-03-07,CST0682,STR041,PRD0020,Lip Cream Matte Halal,Kecantikan & Perawatan,1,46400.0,5.0,2300.0,44100.0,OVO,processing,Semarang
ORD02667,2023-06-03,CST0379,STR043,PRD0004,Celana Chino Pria,Fashion & Pakaian,1,178100.0,5.0,8900.0,169200.0,Alfamart,cancelled,Surabaya
ORD00407,2024-10-24,CST0615,STR025,PRD0043,Tas Sekolah Anak SD,Perlengkapan Bayi & Anak,5,107300.0,0.0,0.0,536700.0,GoPay,delivered,Tangerang
ORD00021,2024-01-26,CST0440,STR025,PRD0013,Snack Box Mix,Makanan & Minuman,4,45800.0,10.0,18300.0,164800.0,ShopeePay,cancelled,Tangerang
ORD01005,2023-10-08,CST0191,STR048,PRD0048,Tali Skipping Premium,Olahraga & Outdoor,2,61000.0,0.0,0.0,121900.0,COD,processing,Surabaya
ORD03768,2023-05-10,CST0997,STR023,PRD0033,Tempat Makan Tupperware KW,Rumah Tangga,1,50700.0,20.0,10100.0,40500.0,COD,delivered,Palembang
ORD00891,2023-01-14,CST0422,STR022,PRD0028,Holder HP Mobil,Elektronik & Aksesori,3,54000.0,15.0,24300.0,137600.0,COD,processing,Jakarta
ORD02412,2024-06-10,CST0584,STR028,PRD0029,Lampu LED Ring Light,Elektronik & Aksesori,1,161300.0,10.0,16100.0,145100.0,Alfamart,delivered,Palembang
ORD02546,2024-02-07,CST0069,STR042,PRD0001,Batik Tulis Premium,Fashion & Pakaian,2,333200.0,10.0,66600.0,599700.0,GoPay,delivered,Bogor
ORD01350,2024-09-24,CST0504,STR045,PRD0023,Shampo Kemiri Organik,Kecantikan & Perawatan,1,78900.0,15.0,11800.0,67100.0,Alfamart,returned,Bogor
ORD02391,2024-03-21,CST0327,STR008,PRD0033,Tempat Makan Tupperware KW,Rumah Tangga,2,52200.0,0.0,0.0,104500.0,Transfer BRI,delivered,Palembang
ORD04509,2023-03-22,CST0115,STR046,PRD0020,Lip Cream Matte Halal,Kecantikan & Perawatan,1,44700.0,0.0,0.0,44700.0,OVO,delivered,Medan
ORD00043,2024-01-11,CST0772,STR017,PRD0017,Skincare Serum Vit C Lokal,Kecantikan & Perawatan,1,112300.0,0.0,0.0,112300.0,,processing,Tangerang
ORD02831,2023-12-04,CST0152,STR025,PRD0026,Kabel Data Type-C 1m,Elektronik & Aksesori,2,43200.0,5.0,4300.0,82100.0,ShopeePay,returned,Tangerang
ORD04411,2024-04-16,CST0378,STR024,PRD0020,Lip Cream Matte Halal,Kecantikan & Perawatan,1,44600.0,0.0,0.0,44600.0,OVO,delivered,
ORD03372,2023-02-14,CST0781,STR040,PRD0026,Kabel Data Type-C 1m,Elektronik & Aksesori,1,43900.0,20.0,8800.0,35100.0,LinkAja,processing,Tangerang
ORD03023,2023-07-01,CST0053,STR027,PRD0054,Lukisan Kanvas UMKM,Kerajinan & Souvenir,4,211600.0,5.0,42300.0,803900.0,ShopeePay,processing,Depok
ORD03365,2023-08-10,CST0228,STR021,PRD0029,Lampu LED Ring Light,Elektronik & Aksesori,2,176600.0,25.0,88300.0,264900.0,GoPay,processing,Depok
ORD00304,2024-11-12,CST0917,STR026,PRD0041,Baju Bayi Newborn Set,Perlengkapan Bayi & Anak,3,143200.0,5.0,21500.0,408200.0,,returned,Bandung
ORD05063,2023-06-07,CST0380,STR027,PRD0011,Kopi Arabika Toraja 250gr,Makanan & Minuman,5,78400.0,15.0,58800.0,333200.0,,delivered,Depok
ORD00012,2023-09-03,CST0072,STR022,PRD0034,Sapu Lantai Ijuk,Rumah Tangga,2,27300.0,10.0,5500.0,49100.0,Alfamart,processing,Jakarta
ORD00665,2023-04-24,CST0516,STR003,PRD0017,Skincare Serum Vit C Lokal,Kecantikan & Perawatan,1,106100.0,10.0,10600.0,95500.0,Transfer BRI,delivered,Depok
ORD01178,2024-09-28,CST0391,STR024,PRD0055,Gantungan Kunci Batik,Kerajinan & Souvenir,1,12400.0,0.0,0.0,12400.0,Dana,returned,Bogor
ORD03293,2024-02-22,CST0779,STR005,PRD0002,Kaos Polos Cotton Combed,Fashion & Pakaian,1,53100.0,0.0,0.0,53100.0,QRIS,returned,Medan
ORD02677,2023-05-29,CST0793,STR011,PRD0028,Holder HP Mobil,Elektronik & Aksesori,1,55200.0,0.0,0.0,55200.0,GoPay,delivered,Bogor
ORD01948,2023-04-27,CST0091,STR039,PRD0043,Tas Sekolah Anak SD,Perlengkapan Bayi & Anak,3,110300.0,5.0,16500.0,314300.0,COD,cancelled,Bandung
ORD02502,2023-06-05,CST0971,STR005,PRD0039,Keranjang Rotan Mini,Rumah Tangga,2,1087000.0,15.0,32600.0,184700.0,COD,cancelled,Medan
ORD01474,2023-01-10,CST0297,STR001,PRD0035,Lap Microfiber Set 3pcs,Rumah Tangga,1,30000.0,,3000.0,27000.0,GoPay,delivered,Surabaya
ORD02864,2023-10-30,CST0454,STR019,PRD0032,Charger Fast Charging,Elektronik & Aksesori,1,76200.0,5.0,3800.0,72400.0,Transfer BCA,returned,Surabaya
ORD02376,2024-07-18,CST0906,STR023,PRD0056,Topeng Kayu Dekorasi,Kerajinan & Souvenir,1,105100.0,5.0,5300.0,99800.0,Transfer BRI,returned,Palembang
ORD02133,2024-11-19,CST0939,STR007,PRD0008,Sandal Kulit Handmade,Fashion & Pakaian,4,164900.0,10.0,66000.0,593800.0,COD,delivered,Bogor
ORD01027,2023-01-30,CST0560,STR027,PRD0030,Mouse Wireless USB,Elektronik & Aksesori,1,99500.0,0.0,0.0,99500.0,Transfer BCA,processing,Depok
ORD02990,2024-06-17,CST0451,STR011,PRD0039,Keranjang Rotan Mini,Rumah Tangga,2,124900.0,25.0,62400.0,187300.0,OVO,delivered,Bogor
ORD00962,2024-05-01,CST0708,STR035,PRD0009,Keripik Tempe Renceng,Makanan & Minuman,2,15000.0,20.0,6000.0,24000.0,Transfer BRI,delivered,Surabaya
ORD02890,2024-04-07,CST0756,STR011,PRD0056,Topeng Kayu Dekorasi,Kerajinan & Souvenir,4,1091000.0,20.0,87200.0,349000.0,QRIS,returned,Bogor
ORD03022,2023-09-22,CST0753,STR045,PRD0001,Batik Tulis Premium,Fashion & Pakaian,1,329000.0,25.0,82200.0,246700.0,LinkAja,processing,Bogor
ORD03016,2024-04-20,CST0047,STR016,PRD0032,Charger Fast Charging,Elektronik & Aksesori,2,68300.0,0.0,0.0,136600.0,Transfer BRI,delivered,Medan
ORD05349,2024-01-11,CST0375,STR032,PRD0043,Tas Sekolah Anak SD,Perlengkapan Bayi & Anak,1,103800.0,0.0,0.0,103800.0,QRIS,delivered,Bogor
ORD03339,2024-12-01,CST0633,STR038,PRD0026,Kabel Data Type-C 1m,Elektronik & Aksesori,5,42900.0,10.0,21500.0,193200.0,GoPay,processing,Semarang
ORD02010,2024-05-19,CST0914,STR031,PRD0001,Batik Tulis Premium,Fashion & Pakaian,1,342900.0,0.0,0.0,342900.0,OVO,delivered,Palembang
ORD02150,2024-06-30,CST0364,STR004,PRD0024,Parfum Roll-On Halal,Kecantikan & Perawatan,1,45700.0,0.0,0.0,45700.0,Transfer Mandiri,delivered,Jakarta
ORD01964,2024-11-11,CST0947,STR034,PRD0017,Skincare Serum Vit C Lokal,Kecantikan & Perawatan,5,100300.0,0.0,0.0,501600.0,Transfer BRI,delivered,Depok
ORD02339,2024-05-31,CST0314,STR043,PRD0020,Lip Cream Matte Halal,Kecantikan & Perawatan,4,50000.0,5.0,10000.0,190000.0,Dana,delivered,Surabaya
ORD03845,2024-10-01,CST0761,STR027,PRD0012,Teh Herbal Jahe Merah,Makanan & Minuman,3,42900.0,0.0,0.0,128700.0,LinkAja,processing,Depok
ORD00736,2023-07-06,CST0357,STR041,PRD0025,Powerbank 10000mAh,Elektronik & Aksesori,2,121800.0,5.0,12200.0,231400.0,ShopeePay,delivered,Semarang
ORD00305,2023-05-16,CST0884,STR042,PRD0031,Casing HP Anti Crack,Elektronik & Aksesori,4,30300.0,15.0,18200.0,103100.0,ShopeePay,cancelled,Bogor
ORD01441,2023-04-24,CST0777,STR011,PRD0025,Powerbank 10000mAh,Elektronik & Aksesori,2,141100.0,0.0,0.0,282200.0,Alfamart,cancelled,Bogor
ORD01497,2024-11-15,CST0593,STR036,PRD0037,Botol Minum Tumbler,Rumah Tangga,4,88700.0,0.0,0.0,354700.0,Transfer BCA,cancelled,Tangerang
ORD02653,2024-05-05,CST0630,STR021,PRD0044,Sepatu Anak Velcro,Perlengkapan Bayi & Anak,4,90500.0,,54300.0,307900.0,OVO,returned,Depok
ORD02876,2024/01/23,CST0997,STR050,PRD0026,Kabel Data Type-C 1m,Elektronik & Aksesori,5,42600.0,0.0,0.0,213200.0,OVO,delivered,Medan
ORD00917,2023-01-31,CST0106,STR039,PRD0018,Masker Wajah Clay BPOM,Kecantikan & Perawatan,1,49100.0,0.0,0.0,49100.0,GoPay,returned,Bandung
ORD04684,2023-06-02,CST0089,STR023,PRD0029,Lampu LED Ring Light,Elektronik & Aksesori,1,170600.0,5.0,8500.0,162100.0,OVO,delivered,Palembang
ORD00711,2024-03-12,CST0435,STR015,PRD0043,Tas Sekolah Anak SD,Perlengkapan Bayi & Anak,3,109700.0,10.0,32900.0,296200.0,ShopeePay,cancelled,Jakarta
ORD05186,2024-02-01,CST0443,STR009,PRD0034,Sapu Lantai Ijuk,Rumah Tangga,2,25500.0,0.0,0.0,51000.0,,delivered,Medan
ORD04950,2023-11-06,CST0201,STR038,PRD0027,Earphone Bluetooth TWS,Elektronik & Aksesori,4,147400.0,20.0,117900.0,471600.0,,returned,Semarang
ORD02773,2023-03-27,CST0603,STR035,PRD0041,Baju Bayi Newborn Set,Perlengkapan Bayi & Anak,1,125600.0,20.0,25100.0,100500.0,Dana,delivered,Surabaya
ORD01625,2023-06-06,CST0965,STR021,PRD0052,Gelang Batok Kelapa,Kerajinan & Souvenir,2,27100.0,0.0,0.0,54200.0,LinkAja,processing,Depok
ORD04450,2023-02-26,CST0851,STR048,PRD0049,Matras Yoga 6mm,Olahraga & Outdoor,1,162500.0,0.0,0.0,162500.0,Transfer BCA,processing,Surabaya
ORD00822,2023-03-23,CST0550,STR013,PRD0018,Masker Wajah Clay BPOM,Kecantikan & Perawatan,1,50100.0,,0.0,50100.0,QRIS,delivered,Depok
ORD01368,2023-12-27,CST0547,STR014,PRD0042,Mainan Edukasi Kayu,Perlengkapan Bayi & Anak,2,78200.0,10.0,15600.0,140800.0,LinkAja,returned,Makassar
ORD01355,2023-07-16,CST0481,STR025,PRD0008,Sandal Kulit Handmade,Fashion & Pakaian,2,168200.0,10.0,33600.0,302800.0,COD,delivered,Tangerang
ORD05046,2023-07-01,CST0567,STR009,PRD0041,Baju Bayi Newborn Set,Perlengkapan Bayi & Anak,1,130300.0,25.0,32600.0,97800.0,ShopeePay,processing,Medan
ORD00851,29/05/2024,CST0592,STR008,PRD0049,Matras Yoga 6mm,Olahraga & Outdoor,2,151100.0,15.0,45300.0,256800.0,Indomaret,processing,Palembang
ORD03351,2023-04-25,CST0690,STR002,PRD0023,Shampo Kemiri Organik,Kecantikan & Perawatan,2,72900.0,0.0,0.0,145900.0,Transfer Mandiri,processing,Medan
ORD01001,2024-05-10,CST0500,STR035,PRD0054,Lukisan Kanvas UMKM,Kerajinan & Souvenir,10,197600.0,0.0,0.0,1975800.0,COD,processing,Surabaya
ORD05483,2023-02-23,CST0761,STR033,PRD0023,Shampo Kemiri Organik,Kecantikan & Perawatan,10,77200.0,15.0,115700.0,655800.0,Transfer Mandiri,cancelled,Depok
ORD05355,2024-06-06,CST0252,STR012,PRD0055,Gantungan Kunci Batik,Kerajinan & Souvenir,1,13400.0,0.0,0.0,13400.0,Transfer BCA,delivered,Depok
ORD04174,2024-06-01,CST0118,STR040,PRD0045,Buku Mewarnai + Crayon,Perlengkapan Bayi & Anak,1,31000.0,10.0,3100.0,27900.0,ShopeePay,delivered,Tangerang
ORD03526,2023-11-08,CST0036,STR020,PRD0027,Earphone Bluetooth TWS,Elektronik & Aksesori,2,161600.0,0.0,0.0,323300.0,Dana,delivered,Bandung
ORD00019,2024-12-14,CST0526,STR005,PRD0056,Topeng Kayu Dekorasi,Kerajinan & Souvenir,3,106300.0,15.0,47800.0,271100.0,Dana,delivered,Medan
ORD01638,2024-07-30,CST0980,STR005,PRD0054,Lukisan Kanvas UMKM,Kerajinan & Souvenir,3,199100.0,5.0,29900.0,567400.0,ShopeePay,delivered,Medan
ORD01668,2023-07-10,CST0759,STR007,PRD0038,Talenan Kayu Jati,Rumah Tangga,1,96000.0,0.0,0.0,96000.0,Indomaret,delivered,Bogor
ORD00494,2024-05-14,CST0442,STR035,PRD0047,Kaos Olahraga Dryfit,Olahraga & Outdoor,1,79600.0,10.0,8000.0,71600.0,Indomaret,cancelled,Surabaya
ORD03174,2023-08-02,CST0765,STR009,PRD0001,Batik Tulis Premium,Fashion & Pakaian,4,330900.0,5.0,66200.0,1257500.0,COD,cancelled,Medan
ORD04502,2023-02-02,CST0661,STR032,PRD0006,Jaket Bomber,Fashion & Pakaian,3,297400.0,0.0,0.0,892100.0,QRIS,delivered,Bogor
ORD04270,2023-11-14,CST0740,STR014,PRD0008,Sandal Kulit Handmade,Fashion & Pakaian,1,157700.0,25.0,39400.0,118300.0,ShopeePay,cancelled,Makassar
ORD01348,2024-02-10,CST0649,STR019,PRD0042,Mainan Edukasi Kayu,Perlengkapan Bayi & Anak,1,73200.0,0.0,0.0,73200.0,Alfamart,delivered,Surabaya
ORD03019,2024-08-04,CST0439,STR021,PRD0048,Tali Skipping Premium,Olahraga & Outdoor,3,60700.0,5.0,9100.0,172900.0,Transfer BCA,delivered,Depok
ORD04380,2023-01-14,CST0100,STR049,PRD0052,Gelang Batok Kelapa,Kerajinan & Souvenir,2,24600.0,20.0,9900.0,39400.0,Dana,delivered,Makassar
ORD03231,2024-08-29,CST0647,STR013,PRD0050,Botol Infuser Air,Olahraga & Outdoor,2,58900.0,0.0,0.0,117800.0,Indomaret,cancelled,Depok
ORD04074,2023-01-18,CST0440,STR016,PRD0048,Tali Skipping Premium,Olahraga & Outdoor,2,59100.0,5.0,5900.0,112300.0,Alfamart,returned,
ORD04314,2024-10-16,CST0290,STR006,PRD0044,Sepatu Anak Velcro,Perlengkapan Bayi & Anak,1,93500.0,5.0,4700.0,88800.0,Transfer BCA,delivered,Depok
ORD02829,2023-10-05,CST0813,STR010,PRD0018,Masker Wajah Clay BPOM,Kecantikan & Perawatan,2,50200.0,5.0,5000.0,95400.0,ShopeePay,delivered,Palembang
ORD00688,2024-01-19,CST0957,STR049,PRD0016,Rendang Kemasan Vacuum,Makanan & Minuman,5,118900.0,0.0,0.0,594700.0,GoPay,delivered,Makassar
ORD01113,2023-08-26,CST0451,STR024,PRD0051,Topi Running,Olahraga & Outdoor,1,45900.0,20.0,9200.0,36700.0,Transfer Mandiri,delivered,Bogor
ORD03233,2023-05-19,CST0292,STR025,PRD0048,Tali Skipping Premium,Olahraga & Outdoor,1,52700.0,5.0,2600.0,50100.0,Transfer Mandiri,returned,Tangerang
ORD01609,2024-07-22,CST0965,STR042,PRD0022,Body Lotion Bengkoang,Kecantikan & Perawatan,4,50000.0,5.0,10000.0,189800.0,GoPay,cancelled,Bogor
ORD04587,2024-12-11,CST0466,STR014,PRD0025,Powerbank 10000mAh,Elektronik & Aksesori,1,135100.0,0.0,0.0,135100.0,Dana,cancelled,Makassar
ORD00704,2024-03-30,CST0912,STR025,PRD0026,Kabel Data Type-C 1m,Elektronik & Aksesori,3,40500.0,0.0,0.0,121600.0,Indomaret,delivered,Tangerang
ORD01010,2024-09-29,CST0155,STR028,PRD0049,Matras Yoga 6mm,Olahraga & Outdoor,1,157000.0,0.0,0.0,157000.0,Transfer BCA,delivered,Palembang
ORD03292,2024-03-02,CST0894,STR020,PRD0048,Tali Skipping Premium,Olahraga & Outdoor,1,61100.0,,12200.0,48900.0,QRIS,returned,Bandung
ORD03674,2024-06-27,CST0281,STR038,PRD0040,Lilin Aromaterapi,Rumah Tangga,2,70700.0,0.0,0.0,141400.0,Transfer BRI,delivered,Semarang
ORD02409,2024-06-25,CST0461,STR029,PRD0006,Jaket Bomber,Fashion & Pakaian,1,317900.0,15.0,47700.0,270300.0,Transfer BCA,delivered,Bandung
ORD01093,2023-08-17,CST0896,STR026,PRD0040,Lilin Aromaterapi,Rumah Tangga,4,67100.0,0.0,0.0,268600.0,Indomaret,delivered,Bandung
ORD01328,2023-05-12,CST0702,STR019,PRD0020,Lip Cream Matte Halal,Kecantikan & Perawatan,1,51400.0,0.0,0.0,51400.0,Transfer BCA,delivered,
ORD03079,2024-07-08,CST0767,STR015,PRD0001,Batik Tulis Premium,Fashion & Pakaian,4,315700.0,0.0,0.0,1262600.0,GoPay,delivered,Jakarta
ORD01678,2023-03-03,CST0790,STR036,PRD0019,Sabun Sirih Herbal,Kecantikan & Perawatan,2,28100.0,0.0,0.0,56300.0,Alfamart,cancelled,Tangerang
ORD02000,2023-10-02,CST0488,STR039,PRD0002,Kaos Polos Cotton Combed,Fashion & Pakaian,3,49600.0,,14900.0,134000.0,LinkAja,processing,Bandung
ORD01311,2023-04-03,CST0628,STR009,PRD0023,Shampo Kemiri Organik,Kecantikan & Perawatan,2,70200.0,0.0,0.0,140400.0,LinkAja,delivered,Medan
ORD04005,2024-08-10,CST1000,STR043,PRD0049,Matras Yoga 6mm,Olahraga & Outdoor,4,151800.0,15.0,91100.0,516000.0,Alfamart,returned,Surabaya
ORD03825,2023-01-10,CST0318,STR037,PRD0025,Powerbank 10000mAh,Elektronik & Aksesori,1,119800.0,5.0,6000.0,113800.0,COD,returned,Depok
ORD04079,2024-07-05,CST0584,STR043,PRD0030,Mouse Wireless USB,Elektronik & Aksesori,1,97400.0,5.0,4900.0,92500.0,Alfamart,delivered,Surabaya
ORD01988,2024-12-13,CST0310,STR009,PRD0032,Charger Fast Charging,Elektronik & Aksesori,1,66800.0,0.0,0.0,66800.0,Dana,delivered,Medan
ORD04335,2024-08-16,CST0860,STR026,PRD0049,Matras Yoga 6mm,Olahraga & Outdoor,3,154400.0,5.0,23200.0,440100.0,OVO,delivered,Bandung
ORD00345,2024-12-20,CST0227,STR041,PRD0005,Dress Casual Wanita,Fashion & Pakaian,3,158600.0,5.0,23800.0,452100.0,OVO,delivered,Semarang
ORD04689,2023-01-31,CST0927,STR046,PRD0013,Snack Box Mix,Makanan & Minuman,2,48400.0,20.0,19400.0,77500.0,Dana,delivered,Medan
ORD00987,2023-11-22,CST0710,STR031,PRD0018,Masker Wajah Clay BPOM,Kecantikan & Perawatan,2,52000.0,0.0,0.0,104100.0,Dana,returned,Palembang
ORD00588,2024-10-15,CST0976,STR042,PRD0051,Topi Running,Olahraga & Outdoor,1,53100.0,5.0,2700.0,50500.0,Transfer Mandiri,delivered,Bogor
ORD02792,2023-11-26,CST0547,STR011,PRD0023,Shampo Kemiri Organik,Kecantikan & Perawatan,2,71900.0,0.0,0.0,143700.0,ShopeePay,returned,Bogor
ORD04829,2023-11-17,CST0820,STR014,PRD0053,Tas Anyaman Pandan,Kerajinan & Souvenir,2,100100.0,15.0,30000.0,170200.0,Dana,cancelled,Makassar
ORD04648,2024-01-24,CST0171,STR036,PRD0021,Sunscreen SPF50 Lokal,Kecantikan & Perawatan,3,91900.0,0.0,0.0,275700.0,GoPay,returned,Tangerang
ORD04175,2023-04-07,CST0377,STR042,PRD0001,Batik Tulis Premium,Fashion & Pakaian,5,305200.0,15.0,228900.0,1297100.0,Transfer BRI,delivered,Bogor
ORD03894,2023-06-07,CST0455,STR036,PRD0021,Sunscreen SPF50 Lokal,Kecantikan & Perawatan,1,93100.0,5.0,4700.0,88400.0,Transfer BCA,returned,Tangerang
ORD04539,2024-05-06,CST0452,STR040,PRD0045,Buku Mewarnai + Crayon,Perlengkapan Bayi & Anak,3,28800.0,0.0,0.0,86400.0,ShopeePay,delivered,Tangerang
ORD03486,2023-11-20,CST0473,STR022,PRD0049,Matras Yoga 6mm,Olahraga & Outdoor,4,172000.0,10.0,68800.0,619200.0,Indomaret,processing,Jakarta
ORD03871,2024-02-10,CST0232,STR010,PRD0026,Kabel Data Type-C 1m,Elektronik & Aksesori,1,387000.0,5.0,1900.0,36700.0,OVO,processing,Palembang
ORD04465,2023-08-16,CST0644,STR043,PRD0055,Gantungan Kunci Batik,Kerajinan & Souvenir,1,12500.0,5.0,600.0,11900.0,COD,returned,Surabaya
ORD03290,2023-05-19,CST0491,STR002,PRD0025,Powerbank 10000mAh,Elektronik & Aksesori,3,142900.0,0.0,0.0,428600.0,COD,cancelled,Medan
ORD01143,2023-02-16,CST0533,STR018,PRD0029,Lampu LED Ring Light,Elektronik & Aksesori,10,157500.0,10.0,157500.0,1417700.0,,delivered,Makassar
ORD02359,2023-06-05,CST0398,STR007,PRD0048,Tali Skipping Premium,Olahraga & Outdoor,1,50900.0,5.0,2500.0,48400.0,OVO,cancelled,Bogor
ORD03265,2023-06-13,CST0873,STR027,PRD0021,Sunscreen SPF50 Lokal,Kecantikan & Perawatan,2,90800.0,10.0,18200.0,163400.0,Transfer BRI,returned,Depok
ORD01199,2023-05-18,CST0720,STR027,PRD0038,Talenan Kayu Jati,Rumah Tangga,3,92100.0,5.0,13800.0,262600.0,COD,delivered,Depok
ORD00086,2024-06-04,CST0298,STR035,PRD0054,Lukisan Kanvas UMKM,Kerajinan & Souvenir,10,179100.0,0.0,0.0,1791000.0,QRIS,returned,Surabaya
ORD01519,2024-10-03,CST0189,STR006,PRD0019,Sabun Sirih Herbal,Kecantikan & Perawatan,2,27000.0,15.0,8100.0,45800.0,Alfamart,cancelled,Depok
ORD00517,2023-05-22,CST0871,STR032,PRD0001,Batik Tulis Premium,Fashion & Pakaian,4,310300.0,5.0,62100.0,1179000.0,Transfer Mandiri,returned,Bogor
ORD01382,2024-04-13,CST0428,STR040,PRD0055,Gantungan Kunci Batik,Kerajinan & Souvenir,1,13600.0,0.0,0.0,13600.0,Alfamart,delivered,Tangerang
ORD03986,2024-07-18,CST0441,STR023,PRD0052,Gelang Batok Kelapa,Kerajinan & Souvenir,2,27500.0,0.0,0.0,55000.0,LinkAja,returned,Palembang
ORD02717,2024-07-07,CST0043,STR040,PRD0050,Botol Infuser Air,Olahraga & Outdoor,4,56800.0,15.0,34100.0,193000.0,Indomaret,delivered,Tangerang
ORD03862,2024-02-11,CST0951,STR026,PRD0008,Sandal Kulit Handmade,Fashion & Pakaian,1,150700.0,15.0,22600.0,128100.0,Dana,delivered,Bandung
ORD01015,2023-01-10,CST0075,STR019,PRD0022,Body Lotion Bengkoang,Kecantikan & Perawatan,1,48000.0,0.0,0.0,48000.0,Transfer Mandiri,returned,Surabaya
ORD00129,2023-12-06,CST0998,STR005,PRD0053,Tas Anyaman Pandan,Kerajinan & Souvenir,5,89900.0,5.0,22500.0,427300.0,Dana,delivered,Medan
ORD01365,2024-11-07,CST0590,STR008,PRD0045,Buku Mewarnai + Crayon,Perlengkapan Bayi & Anak,4,34500.0,10.0,13800.0,124100.0,COD,delivered,Palembang
ORD04318,2023-07-13,CST0876,STR027,PRD0037,Botol Minum Tumbler,Rumah Tangga,1,81700.0,5.0,4100.0,77600.0,Indomaret,returned,Depok
ORD04527,2023-10-15,CST0667,STR043,PRD0037,Botol Minum Tumbler,Rumah Tangga,2,91700.0,5.0,9200.0,174200.0,QRIS,delivered,Surabaya
ORD04041,2023-02-09,CST0564,STR025,PRD0034,Sapu Lantai Ijuk,Rumah Tangga,1,27400.0,0.0,0.0,27400.0,Transfer BCA,delivered,Tangerang
ORD00892,2023-12-13,CST0600,STR041,PRD0014,Madu Hutan Asli 500ml,Makanan & Minuman,4,161900.0,0.0,0.0,647800.0,QRIS,cancelled,Semarang
ORD02794,2024-03-03,CST0482,STR033,PRD0013,Snack Box Mix,Makanan & Minuman,4,50400.0,10.0,20200.0,181500.0,QRIS,returned,Depok
ORD04713,2023-01-27,CST0389,STR015,PRD0040,Lilin Aromaterapi,Rumah Tangga,5,71400.0,0.0,0.0,357000.0,QRIS,returned,Jakarta
ORD01360,2023-04-10,CST0388,STR016,PRD0029,Lampu LED Ring Light,Elektronik & Aksesori,1,157600.0,0.0,0.0,157600.0,OVO,returned,Medan
ORD00308,2023-07-06,CST0528,STR049,PRD0027,Earphone Bluetooth TWS,Elektronik & Aksesori,10,157200.0,,157200.0,1415100.0,Indomaret,delivered,
ORD01662,2023-03-28,CST0594,STR046,PRD0038,Talenan Kayu Jati,Rumah Tangga,4,95300.0,15.0,57200.0,324200.0,OVO,delivered,Medan
ORD02432,2023-11-25,CST0215,STR033,PRD0009,Keripik Tempe Renceng,Makanan & Minuman,1,14500.0,0.0,0.0,14500.0,Transfer Mandiri,returned,Depok
ORD04506,2023-05-09,CST0843,STR007,PRD0004,Celana Chino Pria,Fashion & Pakaian,3,175200.0,0.0,0.0,525600.0,Indomaret,processing,Bogor
ORD01318,2024-01-18,CST0656,STR047,PRD0005,Dress Casual Wanita,Fashion & Pakaian,2,170700.0,5.0,17100.0,324300.0,GoPay,delivered,Makassar
ORD03500,2024-05-15,CST0186,STR012,PRD0018,Masker Wajah Clay BPOM,Kecantikan & Perawatan,1,51700.0,10.0,5200.0,46500.0,QRIS,delivered,Depok
ORD04817,13/10/2024,CST0532,STR002,PRD0025,Powerbank 10000mAh,Elektronik & Aksesori,3,122200.0,5.0,18300.0,348200.0,Transfer Mandiri,delivered,Medan
ORD03250,2023-03-31,CST0467,STR010,PRD0011,Kopi Arabika Toraja 250gr,Makanan & Minuman,3,78700.0,0.0,0.0,236000.0,Indomaret,processing,Palembang
ORD02475,2023-06-16,CST0563,STR043,PRD0011,Kopi Arabika Toraja 250gr,Makanan & Minuman,1,89800.0,0.0,0.0,89800.0,QRIS,delivered,Surabaya
ORD02543,2023-02-10,CST0142,STR029,PRD0043,Tas Sekolah Anak SD,Perlengkapan Bayi & Anak,2,122300.0,15.0,36700.0,207900.0,GoPay,delivered,Bandung
ORD05409,2024-09-13,CST0233,STR008,PRD0052,Gelang Batok Kelapa,Kerajinan & Souvenir,1,27000.0,,2700.0,24300.0,QRIS,processing,Palembang
ORD01247,16/08/2023,CST0531,STR027,PRD0040,Lilin Aromaterapi,Rumah Tangga,5,66200.0,5.0,16500.0,314300.0,Alfamart,returned,Depok
ORD04672,2024/10/29,CST0367,STR030,PRD0044,Sepatu Anak Velcro,Perlengkapan Bayi & Anak,3,100700.0,15.0,45300.0,256900.0,Transfer Mandiri,cancelled,Surabaya
ORD01209,2023-01-29,CST0680,STR032,PRD0001,Batik Tulis Premium,Fashion & Pakaian,2,287800.0,15.0,86300.0,489300.0,COD,delivered,Bogor
ORD03378,2024/01/25,CST0635,STR013,PRD0011,Kopi Arabika Toraja 250gr,Makanan & Minuman,1,90200.0,5.0,4500.0,85700.0,Transfer BRI,delivered,Depok
ORD00217,2024-06-26,CST0463,STR033,PRD0051,Topi Running,Olahraga & Outdoor,3,45300.0,20.0,27200.0,108700.0,Indomaret,delivered,Depok
ORD04959,2023-03-06,CST0931,STR006,PRD0040,Lilin Aromaterapi,Rumah Tangga,2,64200.0,15.0,19300.0,109100.0,COD,delivered,Depok
ORD03836,2023-11-08,CST0744,STR001,PRD0032,Charger Fast Charging,Elektronik & Aksesori,3,70500.0,0.0,0.0,211500.0,OVO,returned,Surabaya
ORD01240,2023-11-05,CST0695,STR020,PRD0056,Topeng Kayu Dekorasi,Kerajinan & Souvenir,1,112600.0,10.0,11300.0,101300.0,GoPay,delivered,Bandung
ORD02290,2023-08-23,CST0798,STR015,PRD0009,Keripik Tempe Renceng,Makanan & Minuman,5,13200.0,0.0,0.0,66000.0,Transfer BRI,delivered,Jakarta
ORD02741,2023-06-09,CST0097,STR018,PRD0038,Talenan Kayu Jati,Rumah Tangga,1,80600.0,20.0,16100.0,64500.0,Alfamart,delivered,Makassar
ORD00276,2024-10-15,CST0766,STR026,PRD0019,Sabun Sirih Herbal,Kecantikan & Perawatan,5,28600.0,5.0,7100.0,135700.0,COD,delivered,Bandung
ORD00490,2023-04-30,CST0107,STR030,PRD0022,Body Lotion Bengkoang,Kecantikan & Perawatan,1,49500.0,10.0,4900.0,44500.0,Transfer Mandiri,cancelled,Surabaya
ORD01036,2024-10-24,CST0689,STR050,PRD0013,Snack Box Mix,Makanan & Minuman,3,46600.0,0.0,0.0,139700.0,Transfer Mandiri,delivered,Medan
ORD01230,2023-03-04,CST0692,STR010,PRD0014,Madu Hutan Asli 500ml,Makanan & Minuman,2,169900.0,10.0,34000.0,305900.0,Transfer BRI,cancelled,
ORD05140,2023-07-30,CST0983,STR020,PRD0030,Mouse Wireless USB,Elektronik & Aksesori,3,90200.0,0.0,0.0,270600.0,QRIS,returned,Bandung
ORD01009,2024-05-14,CST0262,STR009,PRD0001,Batik Tulis Premium,Fashion & Pakaian,2,312200.0,5.0,31200.0,593200.0,LinkAja,delivered,Medan
ORD05282,2024-05-15,CST0335,STR015,PRD0041,Baju Bayi Newborn Set,Perlengkapan Bayi & Anak,1,130100.0,5.0,6500.0,123600.0,Transfer BCA,delivered,Jakarta
ORD03910,2023-07-12,CST0686,STR036,PRD0053,Tas Anyaman Pandan,Kerajinan & Souvenir,1,102600.0,20.0,20500.0,82000.0,OVO,delivered,Tangerang
ORD03983,2024-09-07,CST0842,STR033,PRD0002,Kaos Polos Cotton Combed,Fashion & Pakaian,1,49700.0,5.0,2500.0,47200.0,Transfer BRI,delivered,Depok
ORD02533,2024-07-14,CST0994,STR001,PRD0027,Earphone Bluetooth TWS,Elektronik & Aksesori,1,149000.0,10.0,14900.0,134100.0,Transfer Mandiri,delivered,Surabaya
ORD04670,2024-07-19,CST0502,STR024,PRD0024,Parfum Roll-On Halal,Kecantikan & Perawatan,1,41700.0,0.0,0.0,41700.0,ShopeePay,delivered,Bogor
ORD01059,2024-11-27,CST0557,STR046,PRD0030,Mouse Wireless USB,Elektronik & Aksesori,10,99700.0,5.0,49900.0,947300.0,Dana,delivered,Medan
ORD02167,2023-04-28,CST0840,STR017,PRD0046,Botol Susu Anti-Kolik,Perlengkapan Bayi & Anak,4,93600.0,10.0,37400.0,336900.0,Transfer BCA,cancelled,Tangerang
ORD04596,2023-10-03,CST0835,STR048,PRD0009,Keripik Tempe Renceng,Makanan & Minuman,3,13100.0,5.0,2000.0,37300.0,ShopeePay,cancelled,Surabaya
ORD04167,2024-09-16,CST0691,STR043,PRD0050,Botol Infuser Air,Olahraga & Outdoor,1,59900.0,0.0,0.0,59900.0,alfamart,delivered,Surabaya
ORD00282,2024-04-08,CST0539,STR028,PRD0048,Tali Skipping Premium,Olahraga & Outdoor,2,51700.0,10.0,10300.0,93000.0,Alfamart,processing,Palembang
ORD01044,2024-11-08,CST0360,STR006,PRD0033,Tempat Makan Tupperware KW,Rumah Tangga,2,51700.0,0.0,0.0,103300.0,COD,delivered,Depok
ORD01317,2024-08-30,CST0045,STR035,PRD0003,Hijab Voal Motif,Fashion & Pakaian,2,61800.0,0.0,0.0,123700.0,ShopeePay,delivered,Surabaya
ORD00856,2024-01-08,CST0147,STR002,PRD0042,Mainan Edukasi Kayu,Perlengkapan Bayi & Anak,1,77300.0,5.0,3900.0,73400.0,Transfer BCA,delivered,
ORD00969,2023-06-20,CST0339,STR006,PRD0025,Powerbank 10000mAh,Elektronik & Aksesori,2,124400.0,0.0,0.0,248900.0,ShopeePay,processing,Depok
ORD04729,2023-07-15,CST0506,STR047,PRD0033,Tempat Makan Tupperware KW,Rumah Tangga,4,57000.0,,22800.0,205200.0,LinkAja,delivered,Makassar
ORD05138,2023-09-06,CST0292,STR013,PRD0013,Snack Box Mix,Makanan & Minuman,4,52000.0,20.0,41600.0,166500.0,Dana,returned,Depok
ORD01940,2024-09-06,CST0934,STR034,PRD0022,Body Lotion Bengkoang,Kecantikan & Perawatan,3,52900.0,5.0,7900.0,150900.0,COD,processing,Depok
ORD03965,2024-10-25,CST0758,STR023,PRD0008,Sandal Kulit Handmade,Fashion & Pakaian,2,153200.0,0.0,0.0,306400.0,gopay,delivered,Palembang
ORD01275,2023-06-22,CST0377,STR019,PRD0046,Botol Susu Anti-Kolik,Perlengkapan Bayi & Anak,1,94600.0,,0.0,94600.0,QRIS,delivered,Surabaya
ORD00620,2023-08-13,CST0198,STR026,PRD0013,Snack Box Mix,Makanan & Minuman,5,50600.0,10.0,25300.0,227900.0,Transfer Mandiri,returned,Bandung
ORD04052,2023-11-04,CST0938,STR030,PRD0022,Body Lotion Bengkoang,Kecantikan & Perawatan,3,53400.0,0.0,0.0,160100.0,ShopeePay,delivered,Surabaya
ORD01743,2023-11-01,CST0856,STR045,PRD0018,Masker Wajah Clay BPOM,Kecantikan & Perawatan,3,56700.0,0.0,0.0,170000.0,LinkAja,cancelled,Bogor
ORD01391,2024-06-07,CST0393,STR008,PRD0004,Celana Chino Pria,Fashion & Pakaian,2,162400.0,15.0,48700.0,276200.0,OVO,delivered,Palembang
ORD04824,2024-09-15,CST0089,STR010,PRD0009,Keripik Tempe Renceng,Makanan & Minuman,1,15500.0,0.0,0.0,15500.0,,delivered,Palembang
ORD01848,2024-05-17,CST0881,STR007,PRD0004,Celana Chino Pria,Fashion & Pakaian,2,162600.0,5.0,16300.0,309000.0,Transfer BRI,delivered,
ORD01580,2023-11-16,CST0648,STR040,PRD0034,Sapu Lantai Ijuk,Rumah Tangga,5,23900.0,10.0,11900.0,107500.0,QRIS,returned,Tangerang
ORD01656,2023-09-27,CST0027,STR038,PRD0008,Sandal Kulit Handmade,Fashion & Pakaian,2,1518000.0,0.0,0.0,303600.0,Alfamart,processing,Semarang
ORD03569,2024-05-12,CST0028,STR010,PRD0050,Botol Infuser Air,Olahraga & Outdoor,3,57300.0,5.0,8600.0,163300.0,GoPay,returned,Palembang
ORD02353,2024-03-13,CST0539,STR047,PRD0022,Body Lotion Bengkoang,Kecantikan&Perawatan,1,57000.0,10.0,5700.0,51300.0,,cancelled,Makassar
ORD02213,2023-04-20,CST0663,STR006,PRD0002,Kaos Polos Cotton Combed,Fashion & Pakaian,1,46300.0,,4600.0,41700.0,ShopeePay,cancelled,Depok
ORD03276,2023-10-30,CST0701,STR008,PRD0045,Buku Mewarnai + Crayon,Perlengkapan Bayi & Anak,4,34200.0,0.0,0.0,137000.0,Dana,processing,Palembang
ORD02021,2023-06-18,CST0922,STR017,PRD0004,Celana Chino Pria,Fashion & Pakaian,1,151700.0,10.0,15200.0,136600.0,GoPay,processing,Tangerang
ORD04440,2023-03-31,CST0087,STR018,PRD0005,Dress Casual Wanita,Fashion & Pakaian,1,162500.0,15.0,24400.0,138100.0,GoPay,cancelled,Makassar
ORD01957,2024-02-01,CST0724,STR033,PRD0041,Baju Bayi Newborn Set,Perlengkapan Bayi & Anak,1,131100.0,15.0,19700.0,111500.0,GoPay,cancelled,Depok
ORD03179,2024-03-23,CST0604,STR015,PRD0034,Sapu Lantai Ijuk,Rumah Tangga,3,25700.0,5.0,3900.0,73200.0,Dana,delivered,Jakarta
ORD03193,2023-05-18,CST0788,STR043,PRD0050,Botol Infuser Air,Olahraga & Outdoor,1,66300.0,0.0,0.0,66300.0,QRIS,delivered,Surabaya
ORD01308,2023-06-24,CST0509,STR031,PRD0056,Topeng Kayu Dekorasi,Kerajinan & Souvenir,1,116900.0,0.0,0.0,116900.0,COD,returned,Palembang
ORD02004,2024-06-25,CST0507,STR020,PRD0025,Powerbank 10000mAh,Elektronik & Aksesori,1,143000.0,0.0,0.0,143000.0,Alfamart,returned,Bandung
ORD04999,2024-09-23,CST0792,STR018,PRD0020,Lip Cream Matte Halal,Kecantikan & Perawatan,1,49500.0,0.0,0.0,49500.0,COD,delivered,Makassar
ORD00576,2024-09-17,CST0397,STR029,PRD0056,Topeng Kayu Dekorasi,Kerajinan & Souvenir,2,116200.0,15.0,34900.0,197500.0,Transfer BCA,processing,Bandung
ORD02361,2024-02-21,CST0333,STR044,PRD0015,Dodol Garut Premium,Makanan & Minuman,1,45700.0,0.0,0.0,45700.0,QRIS,delivered,Tangerang
ORD04706,2024-09-02,CST0924,STR011,PRD0037,Botol Minum Tumbler,Rumah Tangga,1,91200.0,15.0,13700.0,77500.0,QRIS,delivered,Bogor
ORD04980,2024-02-14,CST0851,STR048,PRD0011,Kopi Arabika Toraja 250gr,Makanan & Minuman,3,87000.0,10.0,26100.0,235000.0,ShopeePay,delivered,Surabaya
ORD01707,2023-07-19,CST0602,STR045,PRD0043,Tas Sekolah Anak SD,Perlengkapan Bayi & Anak,-2,113900.0,0.0,0.0,227800.0,Transfer BRI,cancelled,Bogor
ORD01800,2023-08-07,CST0175,STR023,PRD0049,Matras Yoga 6mm,Olahraga & Outdoor,1,159800.0,5.0,8000.0,151800.0,OVO,delivered,Palembang
ORD03348,2023-08-16,CST0220,STR029,PRD0002,Kaos Polos Cotton Combed,Fashion & Pakaian,1,46600.0,15.0,7000.0,39600.0,,cancelled,Bandung
ORD04880,2024-01-22,CST0404,STR050,PRD0054,Lukisan Kanvas UMKM,Kerajinan & Souvenir,3,183100.0,,0.0,549400.0,ShopeePay,processing,Medan
ORD01281,2024-03-28,CST0618,STR047,PRD0029,Lampu LED Ring Light,Elektronik & Aksesori,2,183100.0,10.0,36600.0,329600.0,COD,cancelled,Makassar
ORD04567,2023-05-11,CST0391,STR038,PRD0030,Mouse Wireless USB,Elektronik & Aksesori,1,101400.0,0.0,0.0,101400.0,LinkAja,processing,Semarang
ORD00862,2023-04-19,CST0094,STR023,PRD0013,Snack Box Mix,Makanan & Minuman,1,51600.0,0.0,0.0,51600.0,,processing,Palembang
ORD04645,2024-02-03,CST0150,STR024,PRD0021,Sunscreen SPF50 Lokal,Kecantikan & Perawatan,1,91500.0,15.0,13700.0,77700.0,,returned,Bogor
ORD01802,2024-11-14,CST0652,STR016,PRD0023,Shampo Kemiri Organik,Kecantikan & Perawatan,1,74500.0,15.0,11200.0,63300.0,OVO,cancelled,Medan
ORD01629,2023-08-02,CST0156,STR029,PRD0038,Talenan Kayu Jati,Rumah Tangga,5,87100.0,5.0,21800.0,413500.0,Alfamart,cancelled,Bandung
ORD01994,2024-06-20,CST0835,STR023,PRD0050,Botol Infuser Air,Olahraga & Outdoor,1,61300.0,15.0,9200.0,52100.0,Dana,delivered,Palembang
ORD02640,2024-04-25,CST0827,STR050,PRD0032,Charger Fast Charging,Elektronik & Aksesori,1,77800.0,5.0,3900.0,73900.0,Transfer Mandiri,delivered,Medan
ORD00270,2023-11-30,CST0362,STR009,PRD0030,Mouse Wireless USB,Elektronik & Aksesori,1,89000.0,5.0,4500.0,84600.0,ShopeePay,cancelled,Medan
ORD00630,2023-05-02,CST0874,STR011,PRD0001,Batik Tulis Premium,Fashion & Pakaian,1,340900.0,15.0,51100.0,289800.0,ShopeePay,returned,Bogor
ORD04937,2024-07-26,CST0644,STR002,PRD0035,Lap Microfiber Set 3pcs,Rumah Tangga,1,33400.0,15.0,5000.0,28400.0,Dana,processing,Medan
ORD03082,2024-01-09,CST0907,STR019,PRD0006,Jaket Bomber,Fashion & Pakaian,3,316700.0,25.0,237500.0,712600.0,Alfamart,delivered,Surabaya
ORD03467,2023-01-02,CST0340,STR043,PRD0010,Sambal Bawang Homemade,Makanan & Minuman,1,35200.0,0.0,0.0,35200.0,Indomaret,delivered,Surabaya
ORD02335,2023-08-08,CST0925,STR037,PRD0007,Sepatu Sneakers Lokal,Fashion & Pakaian,2,274400.0,15.0,82300.0,466400.0,COD,delivered,Depok
ORD04902,2023-12-07,CST0569,STR020,PRD0007,Sepatu Sneakers Lokal,Fashion & Pakaian,1,256300.0,5.0,12800.0,243500.0,Transfer BRI,delivered,Bandung
ORD02967,2024-08-24,CST0167,STR043,PRD0019,Sabun Sirih Herbal,Kecantikan & Perawatan,1,24400.0,20.0,4900.0,19500.0,Indomaret,processing,Surabaya
ORD00301,2023-12-22,CST0338,STR045,PRD0051,Topi Running,Olahraga & Outdoor,2,51900.0,0.0,0.0,103700.0,ShopeePay,delivered,Bogor
ORD04185,2024-08-26,CST0630,STR032,PRD0004,Celana Chino Pria,FASHION & PAKAIAN,3,152500.0,5.0,22900.0,434600.0,QRIS,processing,Bogor
ORD00460,2023-05-05,CST0304,STR011,PRD0027,Earphone Bluetooth TWS,Elektronik & Aksesori,1,150200.0,20.0,30000.0,120200.0,Transfer BCA,delivered,Bogor
ORD01448,2023-05-03,CST0577,STR044,PRD0010,Sambal Bawang Homemade,Makanan & Minuman,2,34000.0,15.0,10200.0,57700.0,GoPay,returned,Tangerang
ORD01473,2024-10-24,CST0350,STR049,PRD0035,Lap Microfiber Set 3pcs,Rumah Tangga,4,29400.0,15.0,17600.0,99900.0,Dana,returned,Makassar
ORD02047,2024-07-05,CST0948,STR035,PRD0015,Dodol Garut Premium,Makanan & Minuman,2,41500.0,10.0,8300.0,74700.0,QRIS,delivered,Surabaya
ORD04733,2024-12-20,CST0196,STR001,PRD0041,Baju Bayi Newborn Set,Perlengkapan Bayi & Anak,1,121700.0,5.0,6100.0,115600.0,Alfamart,processing,Surabaya
ORD04408,2023-09-25,CST0409,STR029,PRD0042,Mainan Edukasi Kayu,Perlengkapan Bayi & Anak,2,85900.0,0.0,0.0,171800.0,QRIS,delivered,Bandung
ORD05338,2024-07-10,CST0245,STR012,PRD0018,Masker Wajah Clay BPOM,Kecantikan & Perawatan,1,50300.0,0.0,0.0,50300.0,dana,delivered,Depok
ORD02114,2024-04-08,CST0063,STR009,PRD0051,Topi Running,Olahraga & Outdoor,10,50400.0,0.0,0.0,504000.0,QRIS,processing,
ORD00028,2024-12-08,CST0599,STR007,PRD0053,Tas Anyaman Pandan,Kerajinan & Souvenir,2,100200.0,0.0,0.0,200400.0,OVO,delivered,Bogor
ORD02041,2023-07-30,CST0827,STR031,PRD0047,Kaos Olahraga Dryfit,Olahraga & Outdoor,1,83800.0,10.0,8400.0,75400.0,OVO,returned,Palembang
ORD05073,2024-10-22,CST0531,STR038,PRD0037,Botol Minum Tumbler,Rumah Tangga,3,90500.0,10.0,27100.0,244200.0,QRIS,delivered,Semarang
ORD03217,2024-05-08,CST0457,STR046,PRD0044,Sepatu Anak Velcro,Perlengkapan Bayi & Anak,3,91000.0,0.0,0.0,272900.0,Alfamart,delivered,Medan
ORD00838,26/04/2024,CST0505,STR044,PRD0033,Tempat Makan Tupperware KW,Rumah Tangga,1,51100.0,5.0,2600.0,48600.0,Dana,returned,Tangerang
ORD03815,2024-12-27,CST0644,STR044,PRD0019,Sabun Sirih Herbal,Kecantikan & Perawatan,2,25800.0,0.0,0.0,51500.0,Transfer Mandiri,cancelled,Tangerang
ORD00130,2024-11-19,CST0716,STR024,PRD0004,Celana Chino Pria,Fashion & Pakaian,1,169400.0,10.0,16900.0,152400.0,QRIS,returned,Bogor
ORD04162,2023-01-04,CST0058,STR003,PRD0037,Botol Minum Tumbler,Rumah Tangga,1,85500.0,0.0,0.0,85500.0,,processing,Depok
ORD02009,2023-02-16,CST0014,STR038,PRD0052,Gelang Batok Kelapa,Kerajinan & Souvenir,4,24600.0,10.0,9800.0,88400.0,COD,delivered,Semarang
ORD04399,2024-10-06,CST0277,STR019,PRD0040,Lilin Aromaterapi,Rumah Tangga,4,69900.0,10.0,28000.0,251600.0,Transfer Mandiri,returned,Surabaya
ORD00504,2023-08-29,CST0124,STR023,PRD0018,Masker Wajah Clay BPOM,Kecantikan & Perawatan,1,48100.0,0.0,0.0,48100.0,LinkAja,delivered,Palembang
ORD04017,2023-07-08,CST0500,STR031,PRD0042,Mainan Edukasi Kayu,Perlengkapan Bayi & Anak,1,85300.0,0.0,0.0,85300.0,Alfamart,delivered,Palembang
ORD04818,2023-11-16,CST0922,STR036,PRD0015,Dodol Garut Premium,Makanan & Minuman,3,47800.0,0.0,0.0,143400.0,Alfamart,delivered,Tangerang
ORD00381,2024-11-22,CST0407,STR019,PRD0055,Gantungan Kunci Batik,Kerajinan & Souvenir,2,12900.0,5.0,1300.0,24400.0,,cancelled,Surabaya
ORD01852,2023-06-12,CST0003,STR050,PRD0028,Holder HP Mobil,Elektronik & Aksesori,1,61700.0,0.0,0.0,61700.0,OVO,returned,Medan
ORD01526,2024-07-28,CST0304,STR002,PRD0056,Topeng Kayu Dekorasi,Kerajinan & Souvenir,2,111200.0,10.0,22200.0,200200.0,Indomaret,cancelled,Medan
ORD02366,2024-01-02,CST0584,STR045,PRD0021,Sunscreen SPF50 Lokal,Kecantikan & Perawatan,3,98600.0,10.0,29600.0,266300.0,Dana,delivered,Bogor
ORD04077,2024-07-03,CST0715,STR046,PRD0023,Shampo Kemiri Organik,Kecantikan & Perawatan,2,80000.0,15.0,24000.0,135900.0,OVO,delivered,Medan
ORD03053,2023-02-03,CST0041,STR017,PRD0012,Teh Herbal Jahe Merah,Makanan & Minuman,5,39600.0,20.0,39600.0,158500.0,Transfer Mandiri,delivered,Tangerang
ORD02885,2024-04-13,CST0182,STR021,PRD0051,Topi Running,Olahraga & Outdoor,2,49000.0,5.0,4900.0,93200.0,Transfer BCA,cancelled,Depok
ORD02341,2024-10-02,CST0455,STR012,PRD0016,Rendang Kemasan Vacuum,Makanan & Minuman,2,121100.0,10.0,24200.0,218000.0,GoPay,delivered,Depok
ORD00375,2023-11-07,CST0407,STR014,PRD0047,Kaos Olahraga Dryfit,Olahraga & Outdoor,2,73300.0,0.0,0.0,146600.0,COD,cancelled,Makassar
ORD04081,2024-02-26,CST0340,STR038,PRD0021,Sunscreen SPF50 Lokal,Kecantikan & Perawatan,3,86000.0,10.0,25800.0,232100.0,,delivered,Semarang
ORD02382,2023-05-08,CST0802,STR040,PRD0044,Sepatu Anak Velcro,Perlengkapan Bayi & Anak,2,99200.0,10.0,19800.0,178600.0,GoPay,processing,Tangerang
ORD04825,2024-11-18,CST0789,STR002,PRD0016,Rendang Kemasan Vacuum,Makanan & Minuman,2,132100.0,0.0,0.0,264100.0,Alfamart,delivered,Medan
ORD00940,2024-12-30,CST0093,STR007,PRD0042,Mainan Edukasi Kayu,Perlengkapan Bayi & Anak,3,77800.0,0.0,0.0,233500.0,QRIS,returned,Bogor
ORD05375,2023-04-09,CST0823,STR047,PRD0047,Kaos Olahraga Dryfit,Olahraga & Outdoor,3,72000.0,20.0,43200.0,172800.0,LinkAja,cancelled,Makassar
ORD04457,2024-02-22,CST0953,STR024,PRD0026,Kabel Data Type-C 1m,Elektronik & Aksesori,5,41700.0,5.0,10400.0,198000.0,Transfer BCA,delivered,Bogor
ORD04666,2024-08-16,CST0647,STR028,PRD0046,Botol Susu Anti-Kolik,Perlengkapan Bayi & Anak,3,100000.0,20.0,60000.0,240000.0,COD,delivered,
ORD02800,2024-02-12,CST0366,STR029,PRD0036,Gantungan Baju Kayu,Rumah Tangga,2,19100.0,5.0,1900.0,36300.0,OVO,delivered,Bandung
ORD02148,2024-04-30,CST0859,STR011,PRD0015,Dodol Garut Premium,Makanan & Minuman,5,49000.0,25.0,61200.0,183600.0,QRIS,processing,Bogor
ORD03592,2024-07-17,CST0642,STR044,PRD0029,Lampu LED Ring Light,Elektronik & Aksesori,2,168900.0,10.0,33800.0,304100.0,ShopeePay,delivered,Tangerang
ORD04639,2024-09-15,CST0614,STR007,PRD0044,Sepatu Anak Velcro,Perlengkapan Bayi & Anak,10,90100.0,20.0,180200.0,720800.0,Transfer BCA,processing,Bogor
ORD05094,2023-05-23,CST0497,STR023,PRD0055,Gantungan Kunci Batik,Kerajinan & Souvenir,2,13000.0,0.0,0.0,26100.0,LinkAja,processing,Palembang
ORD03809,2024-05-31,CST0437,STR034,PRD0042,Mainan Edukasi Kayu,Perlengkapan Bayi & Anak,-5,75000.0,15.0,56200.0,318500.0,GoPay,delivered,Depok
ORD04832,2024-08-12,CST0708,STR030,PRD0054,Lukisan Kanvas UMKM,Kerajinan & Souvenir,2,201000.0,0.0,0.0,402100.0,COD,cancelled,Surabaya
ORD02069,2023-11-14,CST0728,STR010,PRD0053,Tas Anyaman Pandan,Kerajinan & Souvenir,5,93800.0,5.0,23400.0,445300.0,GoPay,cancelled,Palembang
ORD03624,2023-01-29,CST0733,STR025,PRD0018,Masker Wajah Clay BPOM,Kecantikan & Perawatan,1,55400.0,0.0,0.0,55400.0,QRIS,delivered,Tangerang
ORD00530,2023-04-24,CST0582,STR025,PRD0006,Jaket Bomber,Fashion & Pakaian,3,324100.0,0.0,0.0,972300.0,COD,delivered,Tangerang
ORD03309,2024-05-11,CST0889,STR047,PRD0047,Kaos Olahraga Dryfit,Olahraga & Outdoor,10,78300.0,20.0,156600.0,626400.0,OVO,returned,Makassar
ORD04899,2024-03-25,CST0437,STR010,PRD0040,Lilin Aromaterapi,Rumah Tangga,1,63100.0,5.0,3200.0,59900.0,,returned,Palembang
ORD05430,2023-06-11,CST0728,STR048,PRD0001,Batik Tulis Premium,Fashion & Pakaian,1,301700.0,0.0,0.0,301700.0,ShopeePay,cancelled,Surabaya
ORD00637,2024-12-12,CST0600,STR028,PRD0001,Batik Tulis Premium,Fashion & Pakaian,2,342800.0,5.0,34300.0,651400.0,QRIS,cancelled,Palembang
ORD01270,2023-11-10,CST0065,STR035,PRD0009,Keripik Tempe Renceng,Makanan & Minuman,1,15000.0,20.0,3000.0,12000.0,COD,returned,Surabaya
ORD00186,2023-12-19,CST0282,STR008,PRD0023,Shampo Kemiri Organik,Kecantikan & Perawatan,10,75500.0,10.0,75500.0,679300.0,COD,cancelled,Palembang
ORD01395,2023-09-08,CST0460,STR050,PRD0014,Madu Hutan Asli 500ml,Makanan & Minuman,3,170600.0,10.0,51200.0,460500.0,Transfer BCA,cancelled,Medan
ORD03979,2024-01-25,CST0506,STR010,PRD0013,Snack Box Mix,Makanan & Minuman,5,47500.0,15.0,35600.0,201800.0,,delivered,Palembang
ORD04588,2024-06-27,CST0797,STR046,PRD0035,Lap Microfiber Set 3pcs,Rumah Tangga,2,32800.0,0.0,0.0,65700.0,Transfer BCA,returned,Medan
ORD01798,2024-06-06,CST0779,STR015,PRD0042,Mainan Edukasi Kayu,Perlengkapan Bayi & Anak,3,73700.0,10.0,22100.0,198900.0,,returned,Jakarta
ORD02980,2024-08-08,CST0339,STR018,PRD0037,Botol Minum Tumbler,Rumah Tangga,1,81100.0,15.0,12200.0,68900.0,Dana,delivered,Makassar
ORD01442,2023-06-05,CST0036,STR042,PRD0005,Dress Casual Wanita,Fashion & Pakaian,4,174200.0,5.0,34800.0,661800.0,COD,delivered,Bogor
ORD05350,2023-05-24,CST0017,STR025,PRD0020,Lip Cream Matte Halal,Kecantikan & Perawatan,1,47900.0,5.0,2400.0,45500.0,Transfer BCA,delivered,Tangerang
ORD05467,2023-02-22,CST0115,STR021,PRD0045,Buku Mewarnai + Crayon,Perlengkapan Bayi & Anak,2,31700.0,0.0,0.0,63400.0,LinkAja,cancelled,Depok
ORD03812,2023-02-23,CST0052,STR019,PRD0019,Sabun Sirih Herbal,Kecantikan & Perawatan,1,27300.0,15.0,4100.0,23200.0,Alfamart,processing,Surabaya
ORD01536,2024-02-15,CST0168,STR015,PRD0025,Powerbank 10000mAh,Elektronik & Aksesori,3,138600.0,,0.0,415800.0,transfer mandiri,delivered,Jakarta
ORD02914,2023-07-10,CST0661,STR019,PRD0042,Mainan Edukasi Kayu,Perlengkapan Bayi & Anak,1,83900.0,0.0,0.0,83900.0,Transfer BRI,delivered,Surabaya
ORD03189,2023-05-18,CST0308,STR024,PRD0020,Lip Cream Matte Halal,Kecantikan & Perawatan,2,42900.0,20.0,17200.0,68700.0,Transfer BCA,delivered,Bogor
ORD01274,2023-10-11,CST0525,STR026,PRD0024,Parfum Roll-On Halal,Kecantikan & Perawatan,5,43800.0,10.0,21900.0,197200.0,Transfer Mandiri,delivered,Bandung
ORD02468,2024-10-08,CST0899,STR008,PRD0053,Tas Anyaman Pandan,Kerajinan & Souvenir,2,99500.0,15.0,29900.0,169200.0,Transfer BRI,delivered,Palembang
ORD03689,2024-03-16,CST0824,STR036,PRD0010,Sambal Bawang Homemade,Makanan & Minuman,2,31500.0,0.0,0.0,63000.0,Dana,returned,Tangerang
ORD00608,2024-10-28,CST0375,STR019,PRD0007,Sepatu Sneakers Lokal,Fashion & Pakaian,5,288300.0,5.0,72100.0,1369400.0,Transfer BCA,returned,Surabaya
ORD04177,2024-01-26,CST0077,STR001,PRD0027,Earphone Bluetooth TWS,Elektronik & Aksesori,1,153200.0,20.0,30600.0,122600.0,QRIS,returned,Surabaya
ORD01713,2023-12-01,CST0410,STR023,PRD0030,Mouse Wireless USB,Elektronik & Aksesori,2,91400.0,0.0,0.0,182800.0,Alfamart,cancelled,Palembang
ORD05253,2024-01-01,CST0728,STR042,PRD0035,Lap Microfiber Set 3pcs,Rumah Tangga,1,32500.0,20.0,6500.0,26000.0,GoPay,delivered,Bogor
ORD02200,2024-07-13,CST0183,STR039,PRD0012,Teh Herbal Jahe Merah,Makanan & Minuman,5,45300.0,20.0,45300.0,181300.0,Transfer BCA,cancelled,Bandung
ORD00956,17-10-2024,CST0008,STR017,PRD0013,Snack Box Mix,Makanan & Minuman,1,50000.0,25.0,12500.0,37500.0,Transfer BRI,delivered,Tangerang
ORD02580,2024-06-27,CST0714,STR044,PRD0032,Charger Fast Charging,Elektronik & Aksesori,1,78300.0,0.0,0.0,78300.0,ShopeePay,processing,Tangerang
ORD04852,2023-04-04,CST0865,STR047,PRD0024,Parfum Roll-On Halal,Kecantikan & Perawatan,3,43800.0,0.0,0.0,131400.0,LinkAja,delivered,Makassar
ORD04487,2024-10-21,CST0729,STR036,PRD0053,Tas Anyaman Pandan,Kerajinan & Souvenir,2,107600.0,5.0,10800.0,204400.0,Transfer BRI,delivered,Tangerang
ORD04966,2024-08-31,CST0293,STR042,PRD0052,Gelang Batok Kelapa,Kerajinan & Souvenir,1,26200.0,5.0,1300.0,24900.0,Alfamart,delivered,Bogor
ORD04760,2024-08-28,CST0736,STR008,PRD0026,Kabel Data Type-C 1m,Elektronik & Aksesori,1,45100.0,0.0,0.0,45100.0,GoPay,processing,Palembang
ORD02853,2023-12-08,CST0355,STR038,PRD0027,Earphone Bluetooth TWS,Elektronik & Aksesori,3,139800.0,0.0,0.0,419300.0,QRIS,delivered,Semarang
ORD00404,2023-07-28,CST0617,STR040,PRD0008,Sandal Kulit Handmade,Fashion & Pakaian,4,146900.0,0.0,0.0,587700.0,Dana,delivered,Tangerang
ORD02072,2024-07-10,CST0495,STR008,PRD0045,Buku Mewarnai + Crayon,Perlengkapan Bayi & Anak,3,30400.0,20.0,18200.0,73000.0,Alfamart,delivered,Palembang
ORD05336,2024-11-17,CST0245,STR010,PRD0047,Kaos Olahraga Dryfit,Olahraga & Outdoor,5,72200.0,0.0,0.0,360800.0,transfer bca,processing,Palembang
ORD01978,2024-12-26,CST0071,STR021,PRD0023,Shampo Kemiri Organik,Kecantikan & Perawatan,1,77700.0,15.0,11700.0,66000.0,Indomaret,returned,Depok
ORD00159,2023-12-08,CST0827,STR008,PRD0042,Mainan Edukasi Kayu,Perlengkapan Bayi & Anak,2,72600.0,5.0,7300.0,138000.0,Indomaret,processing,Palembang
ORD01749,2023-02-15,CST0847,STR042,PRD0039,Keranjang Rotan Mini,Rumah Tangga,3,129000.0,15.0,58000.0,328900.0,Alfamart,delivered,Bogor
ORD02910,2023-08-03,CST0717,STR049,PRD0027,Earphone Bluetooth TWS,Elektronik & Aksesori,1,156100.0,0.0,0.0,156100.0,GoPay,processing,Makassar
ORD03889,2023-03-09,CST0326,STR036,PRD0046,Botol Susu Anti-Kolik,Perlengkapan Bayi & Anak,1,102700.0,15.0,15400.0,87300.0,COD,processing,Tangerang
ORD04617,2023-05-25,CST0766,STR006,PRD0005,Dress Casual Wanita,Fashion & Pakaian,4,173200.0,15.0,103900.0,588900.0,OVO,cancelled,Depok
ORD00903,2023-03-20,CST0848,STR042,PRD0048,Tali Skipping Premium,Olahraga & Outdoor,3,60000.0,25.0,45000.0,135000.0,Indomaret,delivered,Bogor
ORD00353,2023-04-09,CST0259,STR026,PRD0042,Mainan Edukasi Kayu,Perlengkapan Bayi & Anak,3,85900.0,0.0,0.0,257600.0,ShopeePay,delivered,Bandung
ORD01231,2024-03-28,CST0479,STR015,PRD0005,Dress Casual Wanita,Fashion & Pakaian,2,163400.0,0.0,0.0,326900.0,Transfer Mandiri,processing,Jakarta
ORD05241,2024-02-04,CST0134,STR015,PRD0005,Dress Casual Wanita,Fashion & Pakaian,4,163300.0,10.0,65300.0,587800.0,OVO,cancelled,Jakarta
ORD02141,2023-03-24,CST0287,STR020,PRD0041,Baju Bayi Newborn Set,Perlengkapan Bayi & Anak,1,137200.0,15.0,20600.0,116600.0,,delivered,Bandung
ORD00445,2023-02-16,CST0544,STR035,PRD0053,Tas Anyaman Pandan,Kerajinan & Souvenir,1,98500.0,0.0,0.0,98500.0,Transfer BRI,processing,Surabaya
ORD01447,2024-11-24,CST0125,STR019,PRD0043,Tas Sekolah Anak SD,Perlengkapan Bayi & Anak,10,108600.0,10.0,108600.0,977200.0,GoPay,delivered,Surabaya
ORD00755,2023-11-05,CST0457,STR029,PRD0055,Gantungan Kunci Batik,Kerajinan & Souvenir,4,13900.0,25.0,13900.0,41800.0,Transfer Mandiri,delivered,Bandung
ORD01738,2023-06-19,CST0250,STR012,PRD0017,Skincare Serum Vit C Lokal,Kecantikan & Perawatan,5,107400.0,5.0,26800.0,510000.0,Indomaret,delivered,Depok
ORD02972,2023-05-18,CST0560,STR031,PRD0052,Gelang Batok Kelapa,Kerajinan & Souvenir,1,24500.0,10.0,2500.0,22100.0,QRIS,returned,Palembang
ORD03715,2024-08-13,CST0329,STR050,PRD0019,Sabun Sirih Herbal,Kecantikan & Perawatan,1,25200.0,0.0,0.0,25200.0,ShopeePay,cancelled,Medan
ORD03037,2024-01-23,CST0814,STR048,PRD0004,Celana Chino Pria,Fashion & Pakaian,2,178300.0,0.0,0.0,356700.0,Transfer BCA,processing,Surabaya
ORD02921,2024-07-02,CST0703,STR023,PRD0002,Kaos Polos Cotton Combed,Fashion & Pakaian,4,50700.0,,0.0,202700.0,LinkAja,delivered,Palembang
ORD00312,2023-05-05,CST0856,STR024,PRD0047,Kaos Olahraga Dryfit,Olahraga & Outdoor,5,77900.0,5.0,19500.0,370200.0,,cancelled,Bogor
ORD03424,2024-08-07,CST0616,STR040,PRD0034,Sapu Lantai Ijuk,Rumah Tangga,3,27000.0,15.0,12200.0,68900.0,Alfamart,delivered,Tangerang
ORD00549,2024-09-12,CST0792,STR023,PRD0034,Sapu Lantai Ijuk,Rumah Tangga,1,24000.0,10.0,2400.0,21600.0,Transfer Mandiri,processing,Palembang
ORD00662,2024-05-15,CST0783,STR046,PRD0019,Sabun Sirih Herbal,Kecantikan & Perawatan,1,25000.0,20.0,5000.0,20000.0,Transfer BRI,delivered,Medan
ORD03795,2023-09-10,CST0764,STR003,PRD0034,Sapu Lantai Ijuk,Rumah Tangga,1,24500.0,0.0,0.0,24500.0,Indomaret,returned,Depok
ORD05343,2024-05-17,CST0024,STR021,PRD0027,Earphone Bluetooth TWS,Elektronik & Aksesori,1,143800.0,0.0,0.0,143800.0,OVO,returned,Depok
ORD01990,2024-11-06,CST0930,STR040,PRD0040,Lilin Aromaterapi,Rumah Tangga,2,62600.0,10.0,12500.0,112700.0,,delivered,Tangerang
ORD03666,2023-05-19,CST0647,STR008,PRD0054,Lukisan Kanvas UMKM,Kerajinan & Souvenir,2,175700.0,5.0,17600.0,333800.0,ShopeePay,returned,Palembang
ORD03884,2023-09-02,CST0147,STR044,PRD0041,Baju Bayi Newborn Set,Perlengkapan Bayi & Anak,2,142000.0,10.0,28400.0,255600.0,GoPay,processing,Tangerang
ORD00307,2024-04-11,CST0550,STR022,PRD0037,Botol Minum Tumbler,Rumah Tangga,5,86300.0,0.0,0.0,431700.0,COD,delivered,Jakarta
ORD02336,2023-04-19,CST0165,STR027,PRD0043,Tas Sekolah Anak SD,Perlengkapan Bayi & Anak,1,104200.0,0.0,0.0,104200.0,Indomaret,processing,Depok
ORD00695,2023-11-05,CST0372,STR017,PRD0003,Hijab Voal Motif,Fashion & Pakaian,3,62600.0,25.0,47000.0,140900.0,Alfamart,returned,Tangerang
ORD02357,2024-12-19,CST0332,STR031,PRD0054,Lukisan Kanvas UMKM,Kerajinan & Souvenir,2,206300.0,0.0,0.0,412500.0,COD,delivered,Palembang
ORD03703,2023-10-12,CST0394,STR030,PRD0047,Kaos Olahraga Dryfit,Olahraga & Outdoor,1,78700.0,0.0,0.0,78700.0,ShopeePay,delivered,Surabaya
ORD03805,2024-07-02,CST0628,STR049,PRD0042,Mainan Edukasi Kayu,Perlengkapan Bayi & Anak,5,85900.0,0.0,0.0,429700.0,Alfamart,delivered,Makassar
ORD01928,2024-01-17,CST0612,STR046,PRD0023,Shampo Kemiri Organik,Kecantikan & Perawatan,1,68700.0,10.0,6900.0,61800.0,,delivered,Medan
ORD00685,2023-08-10,CST0243,STR048,PRD0048,Tali Skipping Premium,Olahraga & Outdoor,2,51300.0,10.0,10300.0,92300.0,COD,processing,Surabaya
ORD03428,2023-10-31,CST0178,STR025,PRD0018,Masker Wajah Clay BPOM,Kecantikan & Perawatan,1,49000.0,0.0,0.0,49000.0,QRIS,delivered,Tangerang
ORD00750,2024-10-10,CST0678,STR011,PRD0018,Masker Wajah Clay BPOM,Kecantikan & Perawatan,1,48100.0,15.0,7200.0,40900.0,Transfer BCA,processing,Bogor
ORD03639,2024-12-19,CST0968,STR050,PRD0025,Powerbank 10000mAh,Elektronik & Aksesori,4,138800.0,0.0,0.0,555300.0,Dana,processing,Medan
ORD03219,2023-08-14,CST0667,STR009,PRD0046,Botol Susu Anti-Kolik,Perlengkapan Bayi & Anak,2,91700.0,10.0,18300.0,165000.0,GoPay,delivered,Medan
ORD04064,2024-09-17,CST0351,STR007,PRD0043,Tas Sekolah Anak SD,Perlengkapan Bayi & Anak,2,117400.0,5.0,11700.0,223100.0,Transfer BRI,cancelled,Bogor
ORD01267,2023-07-12,CST0756,STR038,PRD0002,Kaos Polos Cotton Combed,Fashion & Pakaian,1,45600.0,5.0,2300.0,43300.0,OVO,delivered,Semarang
ORD04247,2024-06-30,CST0585,STR008,PRD0056,Topeng Kayu Dekorasi,Kerajinan & Souvenir,1,113000.0,5.0,5600.0,107300.0,QRIS,processing,Palembang
ORD04886,2023-08-12,CST0765,STR042,PRD0045,Buku Mewarnai + Crayon,Perlengkapan Bayi & Anak,3,29000.0,5.0,4300.0,82600.0,Alfamart,processing,Bogor
ORD04964,2023-08-19,CST0609,STR049,PRD0015,Dodol Garut Premium,Makanan & Minuman,1,45300.0,15.0,6800.0,38500.0,Alfamart,delivered,Makassar
ORD03596,2024-03-02,CST0490,STR003,PRD0053,Tas Anyaman Pandan,Kerajinan & Souvenir,2,91000.0,5.0,9100.0,172900.0,Transfer BCA,delivered,Depok
ORD02135,2024-02-13,CST0042,STR046,PRD0022,Body Lotion Bengkoang,Kecantikan & Perawatan,2,50400.0,15.0,15100.0,85600.0,LinkAja,returned,
ORD03084,2023-08-27,CST0799,STR035,PRD0054,Lukisan Kanvas UMKM,Kerajinan & Souvenir,1,178800.0,0.0,0.0,178800.0,GoPay,delivered,Surabaya
ORD03062,2023-08-21,CST0258,STR047,PRD0056,Topeng Kayu Dekorasi,Kerajinan & Souvenir,2,119200.0,0.0,0.0,238300.0,GoPay,returned,Makassar
ORD03026,2023-11-13,CST0349,STR039,PRD0020,Lip Cream Matte Halal,Kecantikan & Perawatan,2,44300.0,0.0,0.0,88600.0,COD,cancelled,Bandung
ORD00971,2024-05-29,CST0989,STR011,PRD0055,Gantungan Kunci Batik,Kerajinan & Souvenir,4,11800.0,5.0,2400.0,44900.0,,cancelled,Bogor
ORD00014,2023-03-12,CST0838,STR031,PRD0001,Batik Tulis Premium,Fashion & Pakaian,1,302800.0,10.0,30300.0,272500.0,QRIS,cancelled,Palembang
ORD00874,2023-05-02,CST0342,STR029,PRD0022,Body Lotion Bengkoang,Kecantikan & Perawatan,1,48400.0,0.0,0.0,48400.0,GoPay,processing,Bandung
ORD03772,2024-01-26,CST0108,STR042,PRD0014,Madu Hutan Asli 500ml,Makanan & Minuman,1,170300.0,10.0,17000.0,153300.0,QRIS,delivered,Bogor
ORD00809,2024-12-01,CST0628,STR020,PRD0006,Jaket Bomber,Fashion & Pakaian,2,279100.0,10.0,55800.0,502500.0,Transfer BCA,delivered,Bandung
ORD03199,2023-10-05,CST0062,STR028,PRD0023,Shampo Kemiri Organik,Kecantikan & Perawatan,2,73500.0,5.0,7400.0,139700.0,Dana,delivered,Palembang
ORD00515,2023-10-21,CST0186,STR021,PRD0047,Kaos Olahraga Dryfit,Olahraga & Outdoor,2,73100.0,0.0,0.0,146200.0,Transfer BRI,delivered,Depok
ORD05018,2023-06-21,CST0272,STR040,PRD0014,Madu Hutan Asli 500ml,Makanan & Minuman,1,172200.0,15.0,25800.0,146300.0,ShopeePay,processing,Tangerang
ORD00410,2024-02-21,CST0732,STR017,PRD0056,Topeng Kayu Dekorasi,Kerajinan & Souvenir,4,113400.0,15.0,68100.0,385700.0,Transfer BRI,processing,Tangerang
ORD04190,2024-02-18,CST0408,STR001,PRD0011,Kopi Arabika Toraja 250gr,Makanan & Minuman,4,83300.0,10.0,33300.0,299800.0,Transfer BCA,cancelled,Surabaya
ORD01659,2023-02-06,CST0558,STR017,PRD0017,Skincare Serum Vit C Lokal,Kecantikan & Perawatan,3,103100.0,0.0,0.0,309200.0,Transfer BCA,returned,Tangerang
ORD04462,2024-10-15,CST0100,STR014,PRD0031,Casing HP Anti Crack,Elektronik & Aksesori,10,29200.0,10.0,29200.0,262500.0,LinkAja,cancelled,Makassar
ORD04864,2023-01-27,CST0245,STR016,PRD0040,Lilin Aromaterapi,Rumah Tangga,3,66900.0,15.0,30100.0,170600.0,Alfamart,delivered,Medan
ORD00208,2024-09-22,CST0359,STR041,PRD0054,Lukisan Kanvas UMKM,Kerajinan & Souvenir,1,207100.0,0.0,0.0,207100.0,OVO,returned,Semarang
ORD04249,2024-07-19,CST0450,STR032,PRD0039,Keranjang Rotan Mini,Rumah Tangga,1,124800.0,10.0,12500.0,112300.0,Transfer BCA,cancelled,Bogor
ORD00459,2024-05-25,CST0140,STR018,PRD0048,Tali Skipping Premium,Olahraga & Outdoor,3,60300.0,0.0,0.0,180800.0,Indomaret,processing,Makassar
ORD02055,2024-01-22,CST0944,STR020,PRD0026,Kabel Data Type-C 1m,Elektronik & Aksesori,2,39800.0,0.0,0.0,79600.0,LinkAja,returned,Bandung
ORD02431,2023-01-16,CST0441,STR013,PRD0048,Tali Skipping Premium,Olahraga & Outdoor,2,57700.0,20.0,23100.0,92400.0,Alfamart,processing,Depok
ORD00251,2024-05-24,CST0039,STR026,PRD0051,Topi Running,Olahraga & Outdoor,2,50700.0,0.0,0.0,101400.0,ShopeePay,cancelled,Bandung
ORD00111,2024-07-04,CST0632,STR021,PRD0011,Kopi Arabika Toraja 250gr,Makanan & Minuman,1,86500.0,5.0,4300.0,82200.0,COD,processing,Depok
ORD04393,2024-04-15,CST0813,STR035,PRD0002,Kaos Polos Cotton Combed,Fashion & Pakaian,1,52800.0,25.0,13200.0,39600.0,LinkAja,delivered,Surabaya
ORD01108,2024-07-30,CST0564,STR007,PRD0030,Mouse Wireless USB,Elektronik & Aksesori,1,97600.0,15.0,14600.0,82900.0,LinkAja,processing,Bogor
ORD05055,2024-01-19,CST0367,STR019,PRD0013,Snack Box Mix,Makanan & Minuman,2,48300.0,20.0,19300.0,77200.0,OVO,returned,Surabaya
ORD01884,2024-03-26,CST0842,STR023,PRD0014,Madu Hutan Asli 500ml,Makanan & Minuman,3,180400.0,0.0,0.0,541100.0,ShopeePay,delivered,Palembang
ORD01714,2024-07-17,CST0969,STR015,PRD0021,Sunscreen SPF50 Lokal,Kecantikan & Perawatan,1,89100.0,0.0,0.0,89100.0,Dana,delivered,Jakarta
ORD03912,2024-01-02,CST0351,STR002,PRD0042,Mainan Edukasi Kayu,Perlengkapan Bayi & Anak,1,78900.0,0.0,0.0,78900.0,COD,cancelled,Medan
ORD01288,2023-02-28,CST0462,STR037,PRD0048,Tali Skipping Premium,Olahraga & Outdoor,10,59600.0,15.0,89400.0,506400.0,transfer mandiri,returned,Depok
ORD00716,2023-03-27,CST0817,STR039,PRD0008,Sandal Kulit Handmade,Fashion & Pakaian,3,166100.0,5.0,24900.0,473300.0,Dana,returned,Bandung
ORD03442,2024-02-01,CST0649,STR045,PRD0052,Gelang Batok Kelapa,Kerajinan & Souvenir,1,26100.0,0.0,0.0,26100.0,GoPay,returned,Bogor
ORD00553,2023-01-26,CST0666,STR033,PRD0054,Lukisan Kanvas UMKM,Kerajinan & Souvenir,2,204800.0,,41000.0,368700.0,COD,processing,Depok
ORD01440,2023-04-14,CST0595,STR037,PRD0052,Gelang Batok Kelapa,Kerajinan & Souvenir,1,24500.0,5.0,1200.0,23300.0,Transfer Mandiri,delivered,Depok
ORD02271,2023-06-02,CST0088,STR008,PRD0020,Lip Cream Matte Halal,Kecantikan & Perawatan,2,44500.0,20.0,17800.0,71100.0,QRIS,processing,Palembang
ORD04765,2024-12-12,CST0306,STR026,PRD0018,Masker Wajah Clay BPOM,Kecantikan & Perawatan,1,50400.0,20.0,10100.0,40300.0,COD,delivered,Bandung
ORD03145,2023-06-27,CST0777,STR018,PRD0009,Keripik Tempe Renceng,Makanan & Minuman,1,13300.0,0.0,0.0,13300.0,GoPay,delivered,Makassar
ORD02822,2024-05-31,CST0141,STR035,PRD0001,Batik Tulis Premium,Fashion & Pakaian,4,292200.0,5.0,58400.0,1110300.0,LinkAja,cancelled,Surabaya
ORD05363,2023-01-18,CST0997,STR039,PRD0045,Buku Mewarnai + Crayon,Perlengkapan Bayi & Anak,2,30900.0,5.0,3100.0,58700.0,Alfamart,returned,Bandung
ORD01926,2024-06-09,CST0610,STR018,PRD0034,Sapu Lantai Ijuk,Rumah Tangga,2,28100.0,20.0,11200.0,44900.0,Alfamart,delivered,Makassar
ORD00635,2024-09-21,CST0361,STR040,PRD0026,Kabel Data Type-C 1m,Elektronik & Aksesori,1,42000.0,10.0,4200.0,37800.0,Indomaret,returned,Tangerang
ORD05389,2024-10-25,CST0963,STR026,PRD0042,Mainan Edukasi Kayu,Perlengkapan Bayi & Anak,1,74200.0,20.0,14800.0,59300.0,Dana,cancelled,Bandung
ORD00317,2023-11-12,CST0780,STR039,PRD0029,Lampu LED Ring Light,Elektronik & Aksesori,1,177400.0,0.0,0.0,177400.0,Transfer BCA,delivered,Bandung
ORD05272,2023-12-27,CST0276,STR032,PRD0031,Casing HP Anti Crack,Elektronik & Aksesori,2,33300.0,20.0,13300.0,53300.0,Transfer BCA,delivered,Bogor
ORD05275,2024-10-04,CST0064,STR027,PRD0055,Gantungan Kunci Batik,Kerajinan & Souvenir,2,12700.0,0.0,0.0,25400.0,,delivered,Depok
ORD01329,2024-11-21,CST0492,STR042,PRD0003,Hijab Voal Motif,Fashion & Pakaian,3,61700.0,0.0,0.0,185200.0,OVO,delivered,Bogor
ORD00428,2024-10-07,CST0223,STR035,PRD0050,Botol Infuser Air,Olahraga & Outdoor,2,64000.0,0.0,0.0,128000.0,ShopeePay,processing,Surabaya
ORD04168,2023-12-06,CST0046,STR013,PRD0016,Rendang Kemasan Vacuum,Makanan & Minuman,3,126400.0,20.0,75900.0,303400.0,indomaret,delivered,Depok
ORD00106,2023-07-01,CST0501,STR029,PRD0017,Skincare Serum Vit C Lokal,Kecantikan & Perawatan,5,117800.0,15.0,88300.0,500400.0,Transfer Mandiri,processing,Bandung
ORD03042,2024-06-27,CST0972,STR032,PRD0025,Powerbank 10000mAh,Elektronik & Aksesori,1,125300.0,15.0,18800.0,106500.0,Transfer BRI,delivered,Bogor
ORD00143,2024-06-02,CST0852,STR041,PRD0023,Shampo Kemiri Organik,Kecantikan & Perawatan,2,78100.0,0.0,0.0,156200.0,Transfer BCA,delivered,Semarang
ORD02170,2024-11-28,CST0121,STR043,PRD0041,Baju Bayi Newborn Set,Perlengkapan Bayi & Anak,5,124700.0,5.0,31200.0,592400.0,GoPay,cancelled,Surabaya
ORD01710,2023-06-01,CST0571,STR026,PRD0042,Mainan Edukasi Kayu,Perlengkapan Bayi & Anak,-2,77700.0,0.0,0.0,155500.0,Transfer Mandiri,delivered,Bandung
ORD00090,2024-05-28,CST0932,STR037,PRD0049,Matras Yoga 6mm,Olahraga & Outdoor,1,147200.0,0.0,0.0,147200.0,Transfer BRI,delivered,Depok
ORD02919,2023-03-12,CST0565,STR023,PRD0049,Matras Yoga 6mm,Olahraga & Outdoor,4,166200.0,0.0,0.0,664700.0,OVO,returned,Palembang
ORD03238,2024-09-24,CST0009,STR035,PRD0048,Tali Skipping Premium,Olahraga & Outdoor,4,56200.0,5.0,11200.0,213400.0,Transfer BRI,delivered,Surabaya
ORD02242,2024-06-15,CST0203,STR041,PRD0006,Jaket Bomber,Fashion & Pakaian,3,313900.0,0.0,0.0,941600.0,Dana,delivered,Semarang
ORD03175,2023-12-29,CST0025,STR044,PRD0039,Keranjang Rotan Mini,Rumah Tangga,1,127000.0,20.0,25400.0,101600.0,Dana,delivered,Tangerang
ORD04193,2024-07-03,CST0579,STR046,PRD0035,Lap Microfiber Set 3pcs,Rumah Tangga,5,33700.0,0.0,0.0,168700.0,ShopeePay,delivered,Medan
ORD03738,2024-12-15,CST0838,STR027,PRD0042,Mainan Edukasi Kayu,Perlengkapan Bayi & Anak,1,74100.0,5.0,3700.0,70400.0,QRIS,processing,Depok
ORD02164,2024-10-05,CST0713,STR028,PRD0025,Powerbank 10000mAh,Elektronik & Aksesori,1,132000.0,25.0,33000.0,99000.0,Dana,returned,Palembang
ORD02637,2023-08-21,CST0467,STR028,PRD0020,Lip Cream Matte Halal,Kecantikan & Perawatan,3,44700.0,5.0,6700.0,127300.0,QRIS,delivered,
ORD04944,2024-06-14,CST0456,STR005,PRD0052,Gelang Batok Kelapa,Kerajinan & Souvenir,2,27100.0,10.0,5400.0,48800.0,OVO,returned,Medan
ORD01950,2023-04-05,CST0826,STR016,PRD0054,Lukisan Kanvas UMKM,Kerajinan & Souvenir,1,189700.0,0.0,0.0,189700.0,LinkAja,processing,Medan
ORD04045,2023-06-29,CST0040,STR009,PRD0051,Topi Running,Olahraga & Outdoor,1,53900.0,0.0,0.0,53900.0,Transfer BRI,processing,Medan
ORD01769,2024-07-08,CST0698,STR028,PRD0012,Teh Herbal Jahe Merah,Makanan & Minuman,2,45500.0,0.0,0.0,91100.0,GoPay,delivered,Palembang
ORD02849,2023-10-29,CST0505,STR031,PRD0044,Sepatu Anak Velcro,Perlengkapan Bayi & Anak,2,86600.0,5.0,8700.0,164600.0,Transfer Mandiri,cancelled,Palembang
ORD02273,2024-06-07,CST0396,STR031,PRD0052,Gelang Batok Kelapa,Kerajinan & Souvenir,1,25800.0,0.0,0.0,25800.0,GoPay,returned,Palembang
ORD00002,2023-02-05,CST0669,STR043,PRD0049,Matras Yoga 6mm,Olahraga & Outdoor,3,171600.0,0.0,0.0,514800.0,Transfer Mandiri,cancelled,Surabaya
ORD03937,2024-06-17,CST0134,STR046,PRD0053,Tas Anyaman Pandan,Kerajinan & Souvenir,4,92800.0,0.0,0.0,371300.0,Transfer BRI,returned,Medan
ORD04104,2024-10-20,CST0655,STR018,PRD0013,Snack Box Mix,Makanan & Minuman,3,50000.0,0.0,0.0,150000.0,GoPay,cancelled,Makassar
ORD03883,2024-12-28,CST0077,STR047,PRD0005,Dress Casual Wanita,Fashion & Pakaian,2,163400.0,15.0,49000.0,277800.0,Transfer Mandiri,delivered,Makassar
ORD01952,2023-06-16,CST0634,STR008,PRD0017,Skincare Serum Vit C Lokal,Kecantikan & Perawatan,1,100800.0,15.0,15100.0,85700.0,COD,delivered,Palembang
ORD00936,2023-06-15,CST0713,STR020,PRD0047,Kaos Olahraga Dryfit,Olahraga & Outdoor,1,78800.0,15.0,11800.0,67000.0,OVO,processing,Bandung
ORD04809,2023-09-07,CST0978,STR031,PRD0030,Mouse Wireless USB,Elektronik & Aksesori,1,93800.0,20.0,18800.0,75100.0,Transfer Mandiri,returned,Palembang
ORD02721,2023-08-01,CST0642,STR003,PRD0002,Kaos Polos Cotton Combed,Fashion & Pakaian,4,45300.0,0.0,0.0,181000.0,Transfer BCA,delivered,Depok
ORD03732,2024-10-09,CST0295,STR034,PRD0044,Sepatu Anak Velcro,Perlengkapan Bayi & Anak,2,92200.0,0.0,0.0,184400.0,ShopeePay,processing,Depok
ORD04234,2023-12-11,CST0356,STR029,PRD0025,Powerbank 10000mAh,Elektronik & Aksesori,3,1309000.0,5.0,19600.0,373200.0,Transfer BRI,delivered,Bandung
ORD01110,2024-04-28,CST0639,STR038,PRD0049,Matras Yoga 6mm,Olahraga & Outdoor,2,150800.0,10.0,30200.0,271500.0,COD,processing,Semarang
ORD04428,07/07/2023,CST0786,STR005,PRD0016,Rendang Kemasan Vacuum,Makanan & Minuman,3,130700.0,0.0,0.0,392100.0,Transfer Mandiri,returned,Medan
ORD00592,2024-12-10,CST0213,STR028,PRD0022,Body Lotion Bengkoang,Kecantikan & Perawatan,3,54100.0,10.0,16200.0,146100.0,Transfer Mandiri,delivered,Palembang
ORD03535,2023-10-08,CST0915,STR027,PRD0043,Tas Sekolah Anak SD,Perlengkapan Bayi & Anak,3,111300.0,15.0,50100.0,283900.0,Alfamart,returned,Depok
ORD01696,2023-08-03,CST0166,STR011,PRD0018,Masker Wajah Clay BPOM,Kecantikan & Perawatan,5,54600.0,20.0,54600.0,218200.0,transfer bca,processing,Bogor
ORD04211,2023-10-15,CST0665,STR045,PRD0043,Tas Sekolah Anak SD,Perlengkapan Bayi & Anak,3,120100.0,0.0,0.0,360400.0,Indomaret,returned,Bogor
ORD02937,2023-01-15,CST0487,STR002,PRD0005,Dress Casual Wanita,Fashion & Pakaian,4,158000.0,10.0,63200.0,568800.0,QRIS,delivered,Medan
ORD02449,2023-10-24,CST0421,STR018,PRD0007,Sepatu Sneakers Lokal,Fashion & Pakaian,5,281400.0,10.0,140700.0,1266100.0,OVO,returned,Makassar
ORD01577,06/07/2023,CST0386,STR037,PRD0055,Gantungan Kunci Batik,Kerajinan & Souvenir,2,13900.0,0.0,0.0,27800.0,Indomaret,delivered,Depok
ORD04686,2023-10-08,CST0508,STR047,PRD0042,Mainan Edukasi Kayu,Perlengkapan Bayi & Anak,3,84100.0,0.0,0.0,252200.0,Dana,delivered,Makassar
ORD00214,2023-02-23,CST0990,STR048,PRD0026,Kabel Data Type-C 1m,Elektronik & Aksesori,1,41100.0,0.0,0.0,41100.0,Alfamart,returned,Surabaya
ORD00779,2024-05-09,CST0326,STR004,PRD0046,Botol Susu Anti-Kolik,Perlengkapan Bayi & Anak,1,93000.0,0.0,0.0,93000.0,Alfamart,delivered,Jakarta
ORD03497,2024-10-09,CST0585,STR032,PRD0008,Sandal Kulit Handmade,Fashion & Pakaian,4,160700.0,5.0,32100.0,610700.0,COD,delivered,Bogor
ORD02044,2023-02-03,CST0277,STR007,PRD0024,Parfum Roll-On Halal,Kecantikan & Perawatan,3,44200.0,10.0,13200.0,119200.0,Alfamart,delivered,Bogor
ORD05090,2024-11-12,CST0177,STR042,PRD0035,Lap Microfiber Set 3pcs,Rumah Tangga,2,29200.0,10.0,5800.0,52500.0,Transfer Mandiri,processing,Bogor
ORD01568,2023-07-05,CST0348,STR024,PRD0005,Dress Casual Wanita,Fashion & Pakaian,1,185200.0,10.0,18500.0,166700.0,Transfer BCA,delivered,Bogor
ORD00166,2023-04-19,CST0183,STR024,PRD0025,Powerbank 10000mAh,Elektronik & Aksesori,1,121200.0,0.0,0.0,121200.0,Alfamart,returned,Bogor
ORD03567,2023-03-29,CST0156,STR010,PRD0008,Sandal Kulit Handmade,Fashion & Pakaian,1,156200.0,0.0,0.0,156200.0,OVO,delivered,Palembang
ORD04997,2023-10-24,CST0220,STR009,PRD0029,Lampu LED Ring Light,Elektronik & Aksesori,1,163800.0,0.0,0.0,163800.0,Transfer Mandiri,delivered,Medan
ORD02014,2023-01-12,CST0064,STR026,PRD0006,Jaket Bomber,Fashion & Pakaian,5,299000.0,25.0,373800.0,1121400.0,Indomaret,returned,Bandung
ORD00274,2024-12-09,CST0702,STR011,PRD0017,Skincare Serum Vit C Lokal,Kecantikan & Perawatan,2,103300.0,0.0,0.0,206600.0,Transfer Mandiri,cancelled,Bogor
ORD03861,2024-12-08,CST0107,STR031,PRD0002,Kaos Polos Cotton Combed,Fashion & Pakaian,2,50100.0,10.0,10000.0,90100.0,Transfer Mandiri,processing,Palembang
ORD04482,2023-08-31,CST0019,STR047,PRD0034,Sapu Lantai Ijuk,Rumah Tangga,2,25700.0,,0.0,51400.0,OVO,cancelled,Makassar
ORD03789,2024-06-12,CST0487,STR041,PRD0043,Tas Sekolah Anak SD,Perlengkapan Bayi & Anak,5,112200.0,15.0,84100.0,476700.0,,delivered,Semarang
ORD00395,2023-04-05,CST0325,STR044,PRD0043,Tas Sekolah Anak SD,Perlengkapan Bayi & Anak,3,115500.0,5.0,17300.0,329200.0,LinkAja,delivered,Tangerang
ORD00584,2024-04-18,CST0136,STR039,PRD0008,Sandal Kulit Handmade,Fashion & Pakaian,1,144800.0,0.0,0.0,144800.0,Alfamart,delivered,Bandung
ORD04233,2024-07-08,CST0992,STR001,PRD0019,Sabun Sirih Herbal,Kecantikan & Perawatan,1,27800.0,10.0,2800.0,25000.0,COD,processing,Surabaya
ORD05206,2024-07-21,CST0004,STR009,PRD0036,Gantungan Baju Kayu,Rumah Tangga,4,18300.0,20.0,14600.0,58500.0,COD,delivered,Medan
ORD05372,2024-05-08,CST0901,STR021,PRD0050,Botol Infuser Air,Olahraga & Outdoor,3,60700.0,0.0,0.0,182200.0,Transfer Mandiri,processing,Depok
ORD00521,2023-03-01,CST0884,STR041,PRD0014,Madu Hutan Asli 500ml,Makanan & Minuman,10,191900.0,15.0,287900.0,1631300.0,COD,delivered,Semarang
ORD01764,2023-11-30,CST0967,STR012,PRD0042,Mainan Edukasi Kayu,Perlengkapan Bayi & Anak,3,84000.0,5.0,12600.0,239400.0,Transfer BRI,returned,Depok
ORD01876,2023-03-21,CST0977,STR008,PRD0039,Keranjang Rotan Mini,Rumah Tangga,2,115300.0,5.0,11500.0,219100.0,Transfer Mandiri,delivered,Palembang
ORD03966,2023-05-13,CST0092,STR020,PRD0051,Topi Running,Olahraga & Outdoor,1,51500.0,0.0,0.0,51500.0,GoPay,cancelled,Bandung
ORD03345,2024-05-14,CST0238,STR007,PRD0029,Lampu LED Ring Light,Elektronik & Aksesori,1,180800.0,10.0,18100.0,162700.0,Transfer Mandiri,delivered,Bogor
ORD02254,2023-07-28,CST0907,STR036,PRD0050,Botol Infuser Air,Olahraga & Outdoor,1,67500.0,0.0,0.0,67500.0,OVO,cancelled,Tangerang
ORD03225,2024-11-05,CST0515,STR034,PRD0048,Tali Skipping Premium,Olahraga & Outdoor,1,58200.0,5.0,2900.0,55300.0,COD,processing,Depok
ORD00527,2023-05-10,CST0707,STR015,PRD0001,Batik Tulis Premium,Fashion & Pakaian,2,317900.0,,0.0,635800.0,COD,returned,Jakarta
ORD02947,2024-08-24,CST0184,STR026,PRD0002,Kaos Polos Cotton Combed,Fashion & Pakaian,3,50000.0,0.0,0.0,149900.0,Transfer BRI,delivered,Bandung
ORD03900,2024-06-28,CST0476,STR036,PRD0050,Botol Infuser Air,Olahraga & Outdoor,1,61900.0,10.0,6200.0,55700.0,GoPay,delivered,Tangerang
ORD00693,2024-10-31,CST0365,STR049,PRD0048,Tali Skipping Premium,Olahraga & Outdoor,1,54900.0,5.0,2700.0,52200.0,OVO,processing,Makassar
ORD05310,2023-10-09,CST0543,STR031,PRD0012,Teh Herbal Jahe Merah,Makanan & Minuman,4,40000.0,10.0,16000.0,144000.0,ShopeePay,processing,Palembang
ORD03634,2024-09-08,CST0724,STR027,PRD0012,Teh Herbal Jahe Merah,Makanan & Minuman,1,40300.0,0.0,0.0,40300.0,ShopeePay,delivered,Depok
ORD01051,2024-02-19,CST0847,STR010,PRD0043,Tas Sekolah Anak SD,Perlengkapan Bayi & Anak,1,105200.0,10.0,10500.0,94600.0,Alfamart,delivered,Palembang
ORD00591,22/08/2023,CST0134,STR005,PRD0038,Talenan Kayu Jati,Rumah Tangga,4,92200.0,0.0,0.0,368900.0,Indomaret,delivered,Medan
ORD00520,2023-03-04,CST0223,STR037,PRD0008,Sandal Kulit Handmade,Fashion & Pakaian,1,140200.0,20.0,28000.0,112100.0,Dana,returned,Depok
ORD03381,2023-12-28,CST0346,STR026,PRD0036,Gantungan Baju Kayu,Rumah Tangga,3,18400.0,5.0,2800.0,52500.0,GoPay,delivered,Bandung
ORD03677,2023-01-18,CST0219,STR038,PRD0040,Lilin Aromaterapi,Rumah Tangga,4,59500.0,0.0,0.0,237900.0,QRIS,delivered,Semarang
ORD04819,2023-12-06,CST0998,STR037,PRD0001,Batik Tulis Premium,Fashion & Pakaian,1,302900.0,5.0,15100.0,287700.0,QRIS,processing,Depok
ORD01608,2023-04-22,CST0826,STR027,PRD0002,Kaos Polos Cotton Combed,Fashion & Pakaian,3,48400.0,15.0,21800.0,123500.0,ShopeePay,delivered,Depok
ORD03611,2024-01-24,CST0041,STR031,PRD0005,Dress Casual Wanita,Fashion & Pakaian,1,177500.0,10.0,17700.0,159700.0,GoPay,delivered,Palembang
ORD05360,2023-03-19,CST0565,STR034,PRD0036,Gantungan Baju Kayu,Rumah Tangga,3,21900.0,,0.0,65600.0,COD,delivered,Depok
ORD01810,2023-02-10,CST0571,STR014,PRD0006,Jaket Bomber,Fashion & Pakaian,1,298100.0,5.0,14900.0,283200.0,Transfer BCA,delivered,Makassar
ORD00792,2024-12-18,CST0181,STR047,PRD0024,Parfum Roll-On Halal,Kecantikan & Perawatan,1,42400.0,5.0,2100.0,40200.0,COD,cancelled,Makassar
ORD00793,2023-03-07,CST0845,STR046,PRD0025,Powerbank 10000mAh,Elektronik & Aksesori,2,133700.0,10.0,26700.0,240600.0,Indomaret,delivered,Medan
ORD05155,2023-05-17,CST0978,STR047,PRD0009,Keripik Tempe Renceng,Makanan & Minuman,2,14800.0,0.0,0.0,29600.0,ShopeePay,delivered,Makassar
ORD01856,2023-10-23,CST0382,STR007,PRD0019,Sabun Sirih Herbal,Kecantikan & Perawatan,2,28800.0,15.0,8600.0,48900.0,ShopeePay,delivered,Bogor
ORD01981,2024-02-02,CST0432,STR004,PRD0039,Keranjang Rotan Mini,Rumah Tangga,1,119200.0,0.0,0.0,119200.0,Transfer BRI,returned,Jakarta
ORD03234,2024-10-19,CST0444,STR026,PRD0009,Keripik Tempe Renceng,Makanan & Minuman,1,13100.0,0.0,0.0,13100.0,COD,cancelled,Bandung
ORD03599,2023-12-13,CST0218,STR032,PRD0002,Kaos Polos Cotton Combed,Fashion & Pakaian,1,50200.0,10.0,5000.0,45200.0,Transfer BRI,delivered,Bogor
ORD00934,2024-11-21,CST0607,STR034,PRD0002,Kaos Polos Cotton Combed,Fashion & Pakaian,1,48500.0,10.0,4900.0,43700.0,OVO,returned,Depok
ORD03964,2024-01-25,CST0462,STR007,PRD0001,Batik Tulis Premium,Fashion & Pakaian,2,313400.0,5.0,31300.0,595500.0,Alfamart,delivered,Bogor
ORD05214,2023-07-30,CST0215,STR045,PRD0039,Keranjang Rotan Mini,Rumah Tangga,1,113900.0,,0.0,113900.0,LinkAja,processing,Bogor
ORD04027,2023-07-12,CST0019,STR015,PRD0027,Earphone Bluetooth TWS,Elektronik & Aksesori,1,160200.0,20.0,32000.0,128200.0,Transfer BRI,cancelled,Jakarta
ORD04117,2024-02-14,CST0199,STR039,PRD0050,Botol Infuser Air,Olahraga & Outdoor,3,66600.0,15.0,30000.0,169700.0,COD,delivered,Bandung
ORD00989,2024-07-20,CST0672,STR045,PRD0035,Lap Microfiber Set 3pcs,Rumah Tangga,1,31100.0,0.0,0.0,31100.0,GoPay,cancelled,Bogor
ORD04330,2024-03-06,CST0243,STR012,PRD0034,Sapu Lantai Ijuk,Rumah Tangga,3,26900.0,5.0,4000.0,76700.0,,delivered,Depok
ORD03454,2024-03-12,CST0446,STR043,PRD0035,Lap Microfiber Set 3pcs,Rumah Tangga,1,33800.0,15.0,5100.0,28800.0,Transfer Mandiri,delivered,Surabaya
ORD05127,2023-01-08,CST0161,STR005,PRD0021,Sunscreen SPF50 Lokal,Kecantikan & Perawatan,10,89300.0,5.0,44600.0,847900.0,Transfer BRI,cancelled,Medan
ORD03779,2024-06-20,CST0116,STR004,PRD0009,Keripik Tempe Renceng,Makanan & Minuman,3,14400.0,10.0,4300.0,39000.0,,delivered,Jakarta
ORD04709,2023-05-29,CST0764,STR047,PRD0010,Sambal Bawang Homemade,Makanan & Minuman,2,35400.0,5.0,3500.0,67300.0,LinkAja,delivered,Makassar
ORD03094,2023-04-15,CST0771,STR010,PRD0039,Keranjang Rotan Mini,Rumah Tangga,1,111900.0,15.0,16800.0,95100.0,Transfer Mandiri,delivered,Palembang
ORD03156,2024-04-15,CST0353,STR042,PRD0020,Lip Cream Matte Halal,Kecantikan & Perawatan,1,46300.0,0.0,0.0,46300.0,GoPay,cancelled,Bogor
ORD03202,2024-03-21,CST0924,STR021,PRD0024,Parfum Roll-On Halal,Kecantikan & Perawatan,1,45400.0,10.0,4500.0,40900.0,Transfer BRI,delivered,Depok
ORD04529,2023-10-06,CST0924,STR037,PRD0047,Kaos Olahraga Dryfit,Olahraga & Outdoor,2,79600.0,5.0,8000.0,151300.0,Indomaret,delivered,Depok
ORD01099,2024-10-13,CST0975,STR003,PRD0053,Tas Anyaman Pandan,Kerajinan & Souvenir,1,91700.0,10.0,9200.0,82500.0,ShopeePay,delivered,Depok
ORD04662,2023-04-23,CST0541,STR050,PRD0044,Sepatu Anak Velcro,Perlengkapan Bayi & Anak,4,86900.0,5.0,17400.0,330200.0,Dana,processing,Medan
ORD02845,2023-11-05,CST0520,STR044,PRD0043,Tas Sekolah Anak SD,Perlengkapan Bayi & Anak,5,111200.0,15.0,83400.0,472400.0,,delivered,Tangerang
ORD00887,2024-09-14,CST0370,STR022,PRD0004,Celana Chino Pria,Fashion & Pakaian,1,153200.0,5.0,7700.0,145500.0,Transfer Mandiri,processing,Jakarta
ORD02493,2023-09-20,CST0079,STR009,PRD0030,Mouse Wireless USB,Elektronik & Aksesori,5,99600.0,10.0,49800.0,448300.0,COD,returned,Medan
ORD04352,2023-01-24,CST0242,STR039,PRD0018,Masker Wajah Clay BPOM,Kecantikan & Perawatan,3,55800.0,15.0,25100.0,142300.0,Transfer BRI,returned,Bandung
ORD00516,2024-10-06,CST0486,STR027,PRD0053,Tas Anyaman Pandan,Kerajinan & Souvenir,3,91900.0,10.0,27600.0,248100.0,Transfer BRI,delivered,Depok
ORD05180,2024-09-12,CST0387,STR010,PRD0035,Lap Microfiber Set 3pcs,Rumah Tangga,1,34200.0,25.0,8600.0,25700.0,Indomaret,returned,Palembang
ORD01454,2023-10-11,CST0870,STR038,PRD0044,Sepatu Anak Velcro,Perlengkapan Bayi & Anak,2,102200.0,25.0,51100.0,153300.0,Dana,processing,Semarang
ORD03554,2024-05-12,CST0543,STR018,PRD0035,Lap Microfiber Set 3pcs,Rumah Tangga,3,31400.0,15.0,14100.0,80100.0,OVO,delivered,Makassar
ORD03610,2023-04-01,CST0512,STR009,PRD0044,Sepatu Anak Velcro,Perlengkapan Bayi & Anak,1,86500.0,15.0,13000.0,73500.0,Transfer Mandiri,delivered,Medan
ORD02507,30-03-2024,CST0844,STR045,PRD0046,Botol Susu Anti-Kolik,Perlengkapan Bayi & Anak,5,103600.0,0.0,0.0,518000.0,Transfer Mandiri,returned,Bogor
ORD02995,2024-07-08,CST0431,STR042,PRD0056,Topeng Kayu Dekorasi,Kerajinan & Souvenir,3,106400.0,5.0,16000.0,303300.0,OVO,returned,
ORD04000,2023-01-10,CST0075,STR005,PRD0007,Sepatu Sneakers Lokal,Fashion & Pakaian,2,273200.0,10.0,54600.0,491700.0,Indomaret,processing,Medan
ORD05324,2024-02-01,CST0863,STR002,PRD0011,Kopi Arabika Toraja 250gr,Makanan & Minuman,3,75900.0,5.0,11400.0,216500.0,Transfer Mandiri,delivered,Medan
ORD00907,2024-12-11,CST0825,STR027,PRD0049,Matras Yoga 6mm,Olahraga & Outdoor,10,163700.0,10.0,163700.0,1473300.0,Dana,processing,Depok
ORD00029,2023-06-11,CST0166,STR035,PRD0035,Lap Microfiber Set 3pcs,Rumah Tangga,2,33300.0,0.0,0.0,66600.0,Indomaret,delivered,Surabaya
ORD02508,2023-12-10,CST0999,STR022,PRD0050,Botol Infuser Air,Olahraga & Outdoor,1,60700.0,0.0,0.0,60700.0,ShopeePay,returned,Jakarta
ORD02429,2023-02-24,CST0823,STR033,PRD0033,Tempat Makan Tupperware KW,Rumah Tangga,4,50200.0,5.0,10000.0,190800.0,Transfer BCA,processing,Depok
ORD00763,2023-08-17,CST0183,STR045,PRD0035,Lap Microfiber Set 3pcs,Rumah Tangga,1,30900.0,0.0,0.0,30900.0,,processing,Bogor
ORD03748,2024-08-25,CST0140,STR030,PRD0024,Parfum Roll-On Halal,Kecantikan & Perawatan,2,39200.0,15.0,11800.0,66700.0,QRIS,delivered,Surabaya
ORD00285,2024-08-20,CST0052,STR024,PRD0036,Gantungan Baju Kayu,Rumah Tangga,1,19900.0,10.0,2000.0,17900.0,Alfamart,cancelled,Bogor
ORD00687,2023-02-23,CST0727,STR050,PRD0007,Sepatu Sneakers Lokal,Fashion & Pakaian,2,250000.0,0.0,0.0,500100.0,ShopeePay,delivered,Medan
ORD02354,2023-10-18,CST0271,STR047,PRD0003,Hijab Voal Motif,Fashion & Pakaian,3,66300.0,5.0,9900.0,189000.0,ShopeePay,delivered,Makassar
ORD03098,2023-03-16,CST0543,STR001,PRD0019,Sabun Sirih Herbal,Kecantikan & Perawatan,4,26500.0,0.0,0.0,106200.0,Transfer Mandiri,processing,Surabaya
ORD00022,2024-03-29,CST0575,STR004,PRD0028,Holder HP Mobil,Elektronik & Aksesori,1,65100.0,0.0,0.0,65100.0,Alfamart,delivered,Jakarta
ORD02753,2024-12-02,CST0398,STR021,PRD0012,Teh Herbal Jahe Merah,Makanan & Minuman,4,42700.0,10.0,17100.0,153600.0,ShopeePay,delivered,Depok
ORD00886,2024-10-25,CST0295,STR023,PRD0016,Rendang Kemasan Vacuum,Makanan & Minuman,1,121600.0,15.0,18200.0,103400.0,Transfer BRI,processing,Palembang
ORD00918,2024-03-02,CST0267,STR013,PRD0008,Sandal Kulit Handmade,Fashion & Pakaian,1,144400.0,10.0,14400.0,130000.0,Alfamart,returned,Depok
ORD01041,2023-07-27,CST0503,STR037,PRD0037,Botol Minum Tumbler,Rumah Tangga,3,79400.0,0.0,0.0,238200.0,Dana,processing,Depok
ORD01266,2023-07-03,CST0524,STR008,PRD0051,Topi Running,Olahraga & Outdoor,1,45500.0,25.0,11400.0,34100.0,LinkAja,processing,Palembang
ORD04858,2024-11-02,CST0956,STR010,PRD0026,Kabel Data Type-C 1m,Elektronik & Aksesori,1,39100.0,0.0,0.0,39100.0,GoPay,delivered,Palembang
ORD00278,2024-04-29,CST0152,STR009,PRD0032,Charger Fast Charging,Elektronik & Aksesori,4,69100.0,10.0,27700.0,248900.0,Alfamart,delivered,Medan
ORD02085,23/05/2024,CST0492,STR015,PRD0002,Kaos Polos Cotton Combed,Fashion & Pakaian,3,47800.0,0.0,0.0,143400.0,Transfer Mandiri,returned,Jakarta
ORD01246,2023-09-28,CST0568,STR037,PRD0006,Jaket Bomber,Fashion & Pakaian,5,308700.0,0.0,0.0,1543600.0,,delivered,Depok
ORD02383,2024-05-04,CST0683,STR047,PRD0043,Tas Sekolah Anak SD,Perlengkapan Bayi & Anak,10,108300.0,20.0,216600.0,866500.0,Alfamart,delivered,Makassar
ORD00572,2023-03-03,CST0544,STR014,PRD0011,Kopi Arabika Toraja 250gr,Makanan & Minuman,5,82500.0,5.0,20600.0,392100.0,Indomaret,cancelled,Makassar
ORD01436,2023-07-24,CST0480,STR007,PRD0019,Sabun Sirih Herbal,Kecantikan & Perawatan,3,27100.0,5.0,4100.0,77300.0,LinkAja,delivered,Bogor
ORD03903,2023-05-26,CST0382,STR014,PRD0027,Earphone Bluetooth TWS,Elektronik & Aksesori,4,150200.0,0.0,0.0,600900.0,Transfer BCA,processing,Makassar
ORD01248,2024-06-02,CST0016,STR006,PRD0056,Topeng Kayu Dekorasi,Kerajinan & Souvenir,1,99700.0,5.0,5000.0,94800.0,Transfer BRI,delivered,Depok
ORD03527,2023-04-03,CST0853,STR005,PRD0048,Tali Skipping Premium,Olahraga & Outdoor,1,61400.0,0.0,0.0,61400.0,COD,delivered,Medan
ORD02515,2024-01-15,CST0043,STR027,PRD0032,Charger Fast Charging,Elektronik & Aksesori,5,69600.0,20.0,69600.0,278600.0,LinkAja,processing,Depok
ORD01008,2023-04-16,CST0377,STR039,PRD0046,Botol Susu Anti-Kolik,Perlengkapan Bayi & Anak,2,104800.0,0.0,0.0,209500.0,ShopeePay,processing,Bandung
ORD02065,2023-09-06,CST0785,STR036,PRD0018,Masker Wajah Clay BPOM,Kecantikan & Perawatan,1,48300.0,10.0,4800.0,43500.0,QRIS,processing,Tangerang
ORD04432,2023-11-14,CST0066,STR050,PRD0010,Sambal Bawang Homemade,Makanan & Minuman,1,32300.0,0.0,0.0,32300.0,Transfer Mandiri,delivered,Medan
ORD01691,2023-11-28,CST0366,STR038,PRD0006,Jaket Bomber,Fashion & Pakaian,3,310600.0,0.0,0.0,931700.0,COD,cancelled,Semarang
ORD04845,2024-04-09,CST0131,STR006,PRD0026,Kabel Data Type-C 1m,Elektronik & Aksesori,4,44100.0,10.0,17600.0,158700.0,COD,delivered,Depok
ORD01986,2023-09-13,CST0997,STR021,PRD0044,Sepatu Anak Velcro,Perlengkapan Bayi & Anak,3,99400.0,10.0,29800.0,268300.0,Dana,delivered,Depok
ORD00295,2023-02-25,CST0171,STR018,PRD0056,Topeng Kayu Dekorasi,Kerajinan & Souvenir,1,106600.0,5.0,5300.0,101300.0,COD,delivered,Makassar
ORD01548,2023-08-13,CST0544,STR039,PRD0021,Sunscreen SPF50 Lokal,Kecantikan & Perawatan,1,85600.0,10.0,8600.0,77000.0,ShopeePay,delivered,Bandung
ORD02013,2023-05-19,CST0267,STR035,PRD0016,Rendang Kemasan Vacuum,Makanan & Minuman,1,119300.0,0.0,0.0,119300.0,GoPay,delivered,Surabaya
ORD00589,2024-07-19,CST0729,STR031,PRD0010,Sambal Bawang Homemade,Makanan & Minuman,1,36000.0,10.0,3600.0,32400.0,QRIS,returned,Palembang
ORD03330,2024-09-11,CST0039,STR049,PRD0022,Body Lotion Bengkoang,Kecantikan & Perawatan,4,53600.0,0.0,0.0,214200.0,GoPay,delivered,Makassar
ORD02404,2023/01/16,CST0237,STR019,PRD0043,Tas Sekolah Anak SD,Perlengkapan Bayi & Anak,1,115700.0,25.0,28900.0,86800.0,Transfer Mandiri,processing,Surabaya
ORD02130,2024-08-27,CST0633,STR001,PRD0045,Buku Mewarnai + Crayon,Perlengkapan Bayi & Anak,3,31900.0,0.0,0.0,95800.0,Indomaret,delivered,Surabaya
ORD03999,2023-12-31,CST0455,STR033,PRD0029,Lampu LED Ring Light,Elektronik & Aksesori,2,160200.0,10.0,32000.0,288300.0,Indomaret,delivered,Depok
ORD04919,2023-09-22,CST0446,STR028,PRD0021,Sunscreen SPF50 Lokal,Kecantikan & Perawatan,1,94000.0,,4700.0,89300.0,Transfer BRI,processing,Palembang
ORD03742,2024-06-20,CST0539,STR002,PRD0023,Shampo Kemiri Organik,Kecantikan & Perawatan,1,68600.0,10.0,6900.0,61700.0,Indomaret,delivered,Medan
ORD03509,2024-11-23,CST0244,STR008,PRD0001,Batik Tulis Premium,Fashion & Pakaian,5,306900.0,10.0,153400.0,1381000.0,COD,cancelled,Palembang
ORD02720,2024-03-24,CST0588,STR038,PRD0054,Lukisan Kanvas UMKM,Kerajinan & Souvenir,4,177800.0,0.0,0.0,711200.0,GoPay,delivered,Semarang
ORD05111,2023-09-22,CST0399,STR046,PRD0011,Kopi Arabika Toraja 250gr,Makanan & Minuman,4,78500.0,0.0,0.0,314000.0,LinkAja,processing,Medan
ORD05478,2023-06-11,CST0511,STR005,PRD0007,Sepatu Sneakers Lokal,Fashion & Pakaian,1,254800.0,0.0,0.0,254800.0,LinkAja,delivered,Medan
ORD00557,2023-09-09,CST0042,STR029,PRD0006,Jaket Bomber,Fashion & Pakaian,4,323900.0,5.0,64800.0,1231000.0,OVO,returned,Bandung
ORD02470,2023-05-23,CST0484,STR031,PRD0031,Casing HP Anti Crack,Elektronik & Aksesori,5,33200.0,0.0,0.0,166000.0,COD,delivered,Palembang
ORD03739,2024-10-03,CST0829,STR048,PRD0010,Sambal Bawang Homemade,Makanan & Minuman,2,33600.0,10.0,6700.0,60600.0,Dana,cancelled,Surabaya
ORD01717,2023-03-07,CST0867,STR022,PRD0037,Botol Minum Tumbler,Rumah Tangga,5,78600.0,0.0,0.0,393200.0,Dana,processing,Jakarta
ORD02605,2024-07-31,CST0077,STR048,PRD0055,Gantungan Kunci Batik,Kerajinan & Souvenir,2,13600.0,0.0,0.0,27200.0,Alfamart,returned,Surabaya
ORD04747,2024-11-25,CST0324,STR046,PRD0056,Topeng Kayu Dekorasi,Kerajinan & Souvenir,3,115400.0,0.0,0.0,346100.0,Indomaret,delivered,Medan
ORD01705,2023-11-24,CST0574,STR023,PRD0021,Sunscreen SPF50 Lokal,Kecantikan & Perawatan,2,87100.0,15.0,26100.0,148000.0,ShopeePay,processing,Palembang
ORD02140,2023-02-19,CST0254,STR012,PRD0056,Topeng Kayu Dekorasi,Kerajinan & Souvenir,5,107200.0,0.0,0.0,536200.0,Indomaret,delivered,Depok
ORD03240,2023-11-06,CST0046,STR022,PRD0054,Lukisan Kanvas UMKM,Kerajinan & Souvenir,2,180600.0,0.0,0.0,361100.0,Transfer Mandiri,delivered,Jakarta
ORD02384,2023-12-26,CST0350,STR045,PRD0025,Powerbank 10000mAh,Elektronik & Aksesori,1,130900.0,5.0,6500.0,124400.0,Alfamart,delivered,Bogor
ORD01286,2024-05-29,CST0043,STR019,PRD0010,Sambal Bawang Homemade,Makanan & Minuman,5,35100.0,0.0,0.0,175700.0,LinkAja,processing,Surabaya
ORD04926,2023-10-28,CST0761,STR005,PRD0045,Buku Mewarnai + Crayon,Perlengkapan Bayi & Anak,1,29100.0,10.0,2900.0,26200.0,Alfamart,cancelled,Medan
ORD05014,2023-11-25,CST0467,STR011,PRD0049,Matras Yoga 6mm,Olahraga & Outdoor,3,154000.0,0.0,0.0,462100.0,Indomaret,processing,Bogor
ORD03931,2024-05-29,CST0407,STR014,PRD0028,Holder HP Mobil,Elektronik & Aksesori,1,64500.0,10.0,6400.0,58000.0,Indomaret,delivered,Makassar
ORD04248,2023-11-18,CST0501,STR033,PRD0055,Gantungan Kunci Batik,Kerajinan & Souvenir,1,13600.0,5.0,700.0,12900.0,Transfer BCA,delivered,Depok
ORD01592,2024-08-07,CST0380,STR038,PRD0050,Botol Infuser Air,Olahraga & Outdoor,2,64000.0,10.0,12800.0,115200.0,COD,delivered,Semarang
ORD05342,2024-02-16,CST0918,STR031,PRD0023,Shampo Kemiri Organik,Kecantikan & Perawatan,1,81100.0,15.0,12200.0,69000.0,QRIS,delivered,Palembang
ORD02163,2023-04-05,CST0210,STR028,PRD0032,Charger Fast Charging,Elektronik & Aksesori,4,77600.0,5.0,15500.0,294900.0,Dana,delivered,Palembang
ORD02397,2024-12-18,CST0655,STR012,PRD0001,Batik Tulis Premium,Fashion & Pakaian,1,291900.0,10.0,29200.0,262700.0,QRIS,returned,Depok
ORD00318,2023-12-01,CST0862,STR046,PRD0053,Tas Anyaman Pandan,Kerajinan & Souvenir,1,101100.0,5.0,5100.0,96000.0,ShopeePay,delivered,Medan
ORD05039,2024-10-17,CST0910,STR007,PRD0039,Keranjang Rotan Mini,Rumah Tangga,1,128300.0,0.0,0.0,128300.0,ShopeePay,delivered,Bogor
ORD03112,2023-11-26,CST0109,STR037,PRD0052,Gelang Batok Kelapa,Kerajinan & Souvenir,2,23100.0,5.0,2300.0,43900.0,QRIS,cancelled,Depok
ORD04037,2023-01-08,CST0751,STR035,PRD0026,Kabel Data Type-C 1m,Elektronik & Aksesori,3,40400.0,5.0,6100.0,115100.0,Alfamart,delivered,Surabaya
ORD00796,2024-08-11,CST0917,STR049,PRD0017,Skincare Serum Vit C Lokal,Kecantikan & Perawatan,1,100800.0,5.0,5000.0,95800.0,gopay,delivered,Makassar
ORD03021,2023-01-12,CST0123,STR015,PRD0009,Keripik Tempe Renceng,Makanan & Minuman,2,14000.0,10.0,2800.0,25300.0,ShopeePay,processing,Jakarta
ORD01712,2023-10-19,CST0124,STR007,PRD0054,Lukisan Kanvas UMKM,Kerajinan & Souvenir,1,180200.0,20.0,36000.0,144100.0,OVO,delivered,Bogor
ORD03388,2023-02-25,CST0609,STR024,PRD0053,Tas Anyaman Pandan,Kerajinan & Souvenir,1,97700.0,5.0,4900.0,92800.0,Alfamart,delivered,Bogor
ORD00037,2023-01-20,CST0477,STR025,PRD0054,Lukisan Kanvas UMKM,Kerajinan & Souvenir,2,188900.0,10.0,37800.0,340000.0,Transfer BCA,processing,Tangerang
ORD00914,2023-08-04,CST0382,STR022,PRD0008,Sandal Kulit Handmade,Fashion & Pakaian,4,140700.0,0.0,0.0,562900.0,Alfamart,processing,Jakarta
ORD03973,2024-12-01,CST0628,STR010,PRD0023,Shampo Kemiri Organik,Kecantikan & Perawatan,4,77000.0,10.0,30800.0,277100.0,COD,cancelled,Palembang
ORD04134,2023-12-24,CST0505,STR013,PRD0037,Botol Minum Tumbler,Rumah Tangga,1,86400.0,5.0,4300.0,82100.0,,delivered,Depok
ORD00975,2023-10-18,CST0950,STR045,PRD0037,Botol Minum Tumbler,Rumah Tangga,3,91500.0,20.0,54900.0,219500.0,OVO,delivered,Bogor
ORD00984,2024-09-06,CST0617,STR034,PRD0005,Dress Casual Wanita,Fashion & Pakaian,1,160500.0,5.0,8000.0,152500.0,Transfer BRI,delivered,Depok
ORD04578,2023-05-24,CST0444,STR032,PRD0037,Botol Minum Tumbler,Rumah Tangga,3,85000.0,15.0,38200.0,216700.0,Indomaret,cancelled,Bogor
ORD01419,2024-09-21,CST0558,STR034,PRD0049,Matras Yoga 6mm,Olahraga & Outdoor,3,175600.0,0.0,0.0,526900.0,Transfer BRI,returned,Depok
ORD01561,2024-11-29,CST0422,STR047,PRD0021,Sunscreen SPF50 Lokal,Kecantikan & Perawatan,1,98100.0,0.0,0.0,98100.0,LinkAja,processing,Makassar
ORD04136,2024-09-29,CST0505,STR019,PRD0008,Sandal Kulit Handmade,Fashion & Pakaian,4,140800.0,,28200.0,535000.0,LinkAja,processing,Surabaya
ORD01356,2024-12-11,CST0289,STR034,PRD0054,Lukisan Kanvas UMKM,Kerajinan & Souvenir,3,189200.0,5.0,28400.0,539300.0,Transfer BRI,delivered,Depok
ORD05327,2023-11-30,CST0541,STR021,PRD0037,Botol Minum Tumbler,Rumah Tangga,3,83600.0,0.0,0.0,250900.0,Indomaret,delivered,Depok
ORD00988,2023-05-02,CST0066,STR003,PRD0001,Batik Tulis Premium,Fashion & Pakaian,2,332500.0,15.0,99800.0,565300.0,Indomaret,delivered,Depok
ORD02683,2023-09-21,CST0678,STR015,PRD0002,Kaos Polos Cotton Combed,Fashion & Pakaian,4,45000.0,5.0,9000.0,171100.0,Transfer BCA,delivered,Jakarta
ORD01641,2023-04-10,CST0768,STR011,PRD0045,Buku Mewarnai + Crayon,Perlengkapan Bayi & Anak,3,29200.0,0.0,0.0,87500.0,GoPay,delivered,Bogor
ORD01291,2023-07-01,CST0867,STR041,PRD0007,Sepatu Sneakers Lokal,Fashion & Pakaian,4,254400.0,5.0,50900.0,966600.0,OVO,delivered,Semarang
ORD03682,2023-08-17,CST0090,STR012,PRD0052,Gelang Batok Kelapa,Kerajinan & Souvenir,1,23900.0,0.0,0.0,23900.0,cod,processing,Depok
ORD01381,2024-09-07,CST0512,STR008,PRD0040,Lilin Aromaterapi,Rumah Tangga,4,67300.0,,13500.0,255900.0,ShopeePay,delivered,Palembang
ORD01934,2024-03-03,CST0604,STR021,PRD0044,Sepatu Anak Velcro,Perlengkapan Bayi & Anak,5,102700.0,10.0,51300.0,462100.0,ShopeePay,delivered,Depok
ORD04725,2023-12-16,CST0543,STR005,PRD0035,Lap Microfiber Set 3pcs,Rumah Tangga,1,32100.0,10.0,3200.0,28900.0,Transfer BRI,delivered,Medan
ORD03161,2023-06-04,CST0853,STR026,PRD0014,Madu Hutan Asli 500ml,Makanan & Minuman,3,176100.0,20.0,105700.0,422700.0,linkaja,cancelled,Bandung
ORD02031,2024-04-08,CST0081,STR046,PRD0028,Holder HP Mobil,Elektronik & Aksesori,1,65200.0,5.0,3300.0,61900.0,QRIS,delivered,Medan
ORD00893,2023-06-17,CST0216,STR013,PRD0032,Charger Fast Charging,Elektronik & Aksesori,1,71900.0,0.0,0.0,71900.0,COD,processing,Depok
ORD04070,2023-11-30,CST0136,STR040,PRD0008,Sandal Kulit Handmade,Fashion & Pakaian,1,149000.0,5.0,7500.0,141600.0,COD,cancelled,Tangerang
ORD04256,2024-12-11,CST0329,STR033,PRD0026,Kabel Data Type-C 1m,Elektronik & Aksesori,1,40200.0,5.0,2000.0,38200.0,Alfamart,delivered,Depok
ORD00003,2024-07-07,CST0153,STR032,PRD0053,Tas Anyaman Pandan,Kerajinan & Souvenir,5,99300.0,0.0,0.0,496600.0,Alfamart,returned,Bogor
ORD02110,2024-06-25,CST0350,STR014,PRD0018,Masker Wajah Clay BPOM,Kecantikan & Perawatan,1,48100.0,0.0,0.0,48100.0,Transfer BCA,returned,Makassar
ORD00850,2024-11-13,CST0742,STR043,PRD0028,Holder HP Mobil,Elektronik & Aksesori,4,56100.0,10.0,22400.0,202000.0,OVO,processing,Surabaya
ORD02738,2024-09-29,CST0909,STR049,PRD0030,Mouse Wireless USB,Elektronik & Aksesori,3,95500.0,15.0,43000.0,243600.0,LinkAja,delivered,Makassar
ORD02467,2023-03-31,CST0172,STR009,PRD0022,Body Lotion Bengkoang,Kecantikan & Perawatan,1,56800.0,10.0,5700.0,51100.0,Transfer BCA,cancelled,Medan
ORD01915,2023-12-01,CST0434,STR016,PRD0054,Lukisan Kanvas UMKM,Kerajinan & Souvenir,1,192500.0,10.0,19200.0,173200.0,GoPay,delivered,Medan
ORD01597,2024-10-17,CST0768,STR034,PRD0005,Dress Casual Wanita,Fashion & Pakaian,2,156400.0,0.0,0.0,312800.0,Alfamart,delivered,Depok
ORD01914,2024-03-04,CST0582,STR037,PRD0054,Lukisan Kanvas UMKM,Kerajinan & Souvenir,4,184100.0,25.0,184100.0,552300.0,LinkAja,processing,Depok
ORD05290,2023-08-08,CST0988,STR009,PRD0020,Lip Cream Matte Halal,Kecantikan & Perawatan,1,50100.0,20.0,10000.0,40100.0,Transfer Mandiri,processing,Medan
ORD02737,2024-10-19,CST0538,STR011,PRD0009,Keripik Tempe Renceng,Makanan & Minuman,2,14200.0,15.0,4300.0,24200.0,Transfer BRI,delivered,Bogor
ORD00727,2024-08-15,CST0750,STR029,PRD0036,Gantungan Baju Kayu,Rumah Tangga,5,21400.0,0.0,0.0,106900.0,OVO,processing,Bandung
ORD00054,2024/07/30,CST0868,STR008,PRD0022,Body Lotion Bengkoang,Kecantikan & Perawatan,2,51700.0,5.0,5200.0,98300.0,Alfamart,delivered,Palembang
ORD01797,2023-05-31,CST0060,STR031,PRD0001,Batik Tulis Premium,Fashion & Pakaian,1,330300.0,0.0,0.0,330300.0,Transfer BCA,delivered,Palembang
ORD03846,2023-08-14,CST0436,STR009,PRD0014,Madu Hutan Asli 500ml,Makanan & Minuman,2,173100.0,0.0,0.0,346100.0,Transfer BRI,cancelled,Medan
ORD02554,2023-08-20,CST0349,STR026,PRD0047,Kaos Olahraga Dryfit,Olahraga & Outdoor,3,80200.0,0.0,0.0,240500.0,Transfer BRI,processing,Bandung
ORD02801,2023-03-18,CST0541,STR029,PRD0005,Dress Casual Wanita,Fashion & Pakaian,1,176600.0,15.0,26500.0,150100.0,ShopeePay,delivered,Bandung
ORD00937,2023-08-26,CST0813,STR019,PRD0035,Lap Microfiber Set 3pcs,Rumah Tangga,4,34000.0,10.0,13600.0,122500.0,Alfamart,delivered,Surabaya
ORD04626,2024-10-31,CST0801,STR012,PRD0013,Snack Box Mix,Makanan & Minuman,2,52200.0,10.0,10400.0,94000.0,Alfamart,cancelled,Depok
ORD00825,2024-11-24,CST0921,STR050,PRD0005,Dress Casual Wanita,Fashion & Pakaian,4,177700.0,5.0,35500.0,675200.0,QRIS,delivered,Medan
ORD03402,2024-10-29,CST0817,STR010,PRD0044,Sepatu Anak Velcro,Perlengkapan Bayi & Anak,1,88600.0,10.0,8900.0,79700.0,GoPay,returned,Palembang
ORD01390,2024-02-12,CST0071,STR014,PRD0001,Batik Tulis Premium,Fashion & Pakaian,4,329000.0,0.0,0.0,1315900.0,Transfer BRI,processing,Makassar
ORD03565,2024-03-21,CST0090,STR040,PRD0045,Buku Mewarnai + Crayon,Perlengkapan Bayi & Anak,2,31700.0,0.0,0.0,63500.0,COD,delivered,Tangerang
ORD00885,2023-07-09,CST0763,STR018,PRD0055,Gantungan Kunci Batik,Kerajinan & Souvenir,4,11900.0,5.0,2400.0,45400.0,Alfamart,delivered,Makassar
ORD01869,2024-09-10,CST0166,STR045,PRD0043,Tas Sekolah Anak SD,Perlengkapan Bayi & Anak,5,111300.0,0.0,0.0,556300.0,GoPay,delivered,Bogor
ORD00011,2024-10-23,CST0002,STR002,PRD0034,Sapu Lantai Ijuk,Rumah Tangga,1,25200.0,0.0,0.0,25200.0,Transfer BRI,processing,Medan
ORD03416,2023-10-22,CST0247,STR017,PRD0012,Teh Herbal Jahe Merah,Makanan & Minuman,1,44500.0,10.0,4500.0,40100.0,Alfamart,delivered,Tangerang
ORD01464,2023-01-27,CST0129,STR039,PRD0023,Shampo Kemiri Organik,Kecantikan & Perawatan,2,77800.0,10.0,15600.0,140000.0,Transfer BRI,delivered,Bandung
ORD00807,2023-06-17,CST0116,STR026,PRD0024,Parfum Roll-On Halal,Kecantikan & Perawatan,2,39200.0,25.0,19600.0,58700.0,Transfer BRI,cancelled,Bandung
ORD04413,2024-10-11,CST0867,STR048,PRD0029,Lampu LED Ring Light,Elektronik & Aksesori,1,165800.0,20.0,33200.0,132700.0,ShopeePay,delivered,Surabaya
ORD04069,2023-04-16,CST0956,STR034,PRD0038,Talenan Kayu Jati,Rumah Tangga,1,88100.0,0.0,0.0,88100.0,Transfer BRI,processing,Depok
ORD02109,2023-07-18,CST0743,STR031,PRD0009,Keripik Tempe Renceng,Makanan & Minuman,1,13500.0,15.0,2000.0,11500.0,COD,processing,Palembang
ORD04741,2024-11-12,CST0387,STR013,PRD0012,Teh Herbal Jahe Merah,Makanan & Minuman,1,41700.0,10.0,4200.0,37600.0,Indomaret,delivered,Depok
ORD01122,2024-01-04,CST0542,STR044,PRD0049,Matras Yoga 6mm,Olahraga & Outdoor,3,162700.0,15.0,73200.0,414800.0,Transfer BCA,delivered,Tangerang
ORD02235,2024-02-28,CST0026,STR037,PRD0006,Jaket Bomber,Fashion & Pakaian,1,275700.0,0.0,0.0,275700.0,COD,processing,Depok
ORD00964,2023-03-21,CST0873,STR008,PRD0052,Gelang Batok Kelapa,Kerajinan & Souvenir,3,25600.0,0.0,0.0,76900.0,,processing,Palembang
ORD02633,2024-01-23,CST0355,STR033,PRD0003,Hijab Voal Motif,Fashion & Pakaian,2,60800.0,0.0,0.0,121700.0,Transfer BRI,delivered,Depok
ORD00705,2024-06-17,CST0845,STR044,PRD0003,Hijab Voal Motif,Fashion & Pakaian,3,61600.0,15.0,27700.0,157100.0,GoPay,delivered,Tangerang
ORD00432,2023-10-16,CST0029,STR006,PRD0024,Parfum Roll-On Halal,Kecantikan & Perawatan,1,41200.0,0.0,0.0,41200.0,Transfer BRI,returned,Depok
ORD00146,2024-10-23,CST0913,STR030,PRD0045,Buku Mewarnai + Crayon,Perlengkapan Bayi & Anak,1,29600.0,5.0,1500.0,28100.0,COD,delivered,Surabaya
ORD02034,2024-02-20,CST0830,STR025,PRD0020,Lip Cream Matte Halal,Kecantikan & Perawatan,1,49900.0,5.0,2500.0,47400.0,OVO,returned,Tangerang
ORD04710,09/04/2024,CST0457,STR039,PRD0004,Celana Chino Pria,Fashion & Pakaian,3,158600.0,10.0,47600.0,428100.0,Transfer BCA,cancelled,Bandung
ORD01166,2023-11-11,CST0724,STR004,PRD0051,Topi Running,Olahraga & Outdoor,2,47900.0,0.0,0.0,95800.0,Dana,cancelled,Jakarta
ORD03501,2023-05-02,CST0367,STR019,PRD0013,Snack Box Mix,Makanan & Minuman,1,50100.0,0.0,0.0,50100.0,Dana,returned,Surabaya
ORD02051,2023-06-29,CST0441,STR036,PRD0014,Madu Hutan Asli 500ml,Makanan & Minuman,4,168800.0,10.0,67500.0,607600.0,GoPay,delivered,Tangerang
ORD03761,2024-06-26,CST0249,STR035,PRD0047,Kaos Olahraga Dryfit,Olahraga & Outdoor,1,76300.0,5.0,3800.0,72400.0,Dana,delivered,Surabaya
ORD02625,2024-02-21,CST0362,STR015,PRD0027,Earphone Bluetooth TWS,Elektronik & Aksesori,1,146800.0,0.0,0.0,146800.0,GoPay,processing,Jakarta
ORD04473,2024-03-25,CST0590,STR030,PRD0026,Kabel Data Type-C 1m,Elektronik & Aksesori,1,45400.0,0.0,0.0,45400.0,GoPay,delivered,Surabaya
ORD04349,2023-02-03,CST0797,STR025,PRD0024,Parfum Roll-On Halal,Kecantikan & Perawatan,2,45600.0,10.0,9100.0,82200.0,Dana,delivered,Tangerang
ORD02425,2023-08-24,CST0559,STR037,PRD0024,Parfum Roll-On Halal,Kecantikan & Perawatan,4,38000.0,15.0,22800.0,129300.0,Alfamart,processing,Depok
ORD01263,2023-06-19,CST0365,STR025,PRD0016,Rendang Kemasan Vacuum,Makanan & Minuman,1,126700.0,0.0,0.0,126700.0,QRIS,processing,Tangerang
ORD01772,2023-01-11,CST0169,STR045,PRD0037,Botol Minum Tumbler,Rumah Tangga,3,81200.0,0.0,0.0,243700.0,ShopeePay,delivered,Bogor
ORD03512,2023-04-18,CST0557,STR029,PRD0024,Parfum Roll-On Halal,Kecantikan & Perawatan,10,40400.0,0.0,0.0,404100.0,Transfer Mandiri,delivered,Bandung
ORD00272,2023-08-10,CST0801,STR046,PRD0027,Earphone Bluetooth TWS,Elektronik & Aksesori,5,146400.0,0.0,0.0,732100.0,,cancelled,Medan
ORD00245,2024-04-05,CST0946,STR035,PRD0004,Celana Chino Pria,Fashion & Pakaian,5,149200.0,0.0,0.0,745900.0,Transfer BCA,processing,Surabaya
ORD02033,2023-09-24,CST0124,STR011,PRD0036,Gantungan Baju Kayu,Rumah Tangga,2,21700.0,15.0,6500.0,36900.0,GoPay,delivered,Bogor
ORD04436,2024-12-26,CST0527,STR023,PRD0035,Lap Microfiber Set 3pcs,Rumah Tangga,1,34900.0,0.0,0.0,34900.0,Transfer Mandiri,delivered,Palembang
ORD00814,2023-11-22,CST0919,STR022,PRD0029,Lampu LED Ring Light,Elektronik & Aksesori,5,169900.0,0.0,0.0,849500.0,Alfamart,processing,Jakarta
ORD03811,2023-10-13,CST0190,STR005,PRD0053,Tas Anyaman Pandan,Kerajinan & Souvenir,1,94600.0,0.0,0.0,94600.0,ShopeePay,processing,Medan
ORD04558,2023-06-04,CST0167,STR002,PRD0045,Buku Mewarnai + Crayon,Perlengkapan Bayi & Anak,1,29400.0,15.0,4400.0,25000.0,Indomaret,delivered,Medan
ORD01805,2023-02-13,CST0501,STR046,PRD0027,Earphone Bluetooth TWS,Elektronik & Aksesori,4,155600.0,0.0,0.0,622300.0,Indomaret,processing,Medan
ORD02462,2024-02-02,CST0511,STR024,PRD0048,Tali Skipping Premium,Olahraga & Outdoor,2,59200.0,5.0,5900.0,112400.0,,cancelled,Bogor
ORD00546,2023-11-09,CST0440,STR046,PRD0012,Teh Herbal Jahe Merah,Makanan & Minuman,4,39700.0,15.0,23800.0,134900.0,Transfer Mandiri,delivered,Medan
ORD03242,2024-02-16,CST0708,STR041,PRD0024,Parfum Roll-On Halal,Kecantikan & Perawatan,3,41500.0,5.0,6200.0,118200.0,ShopeePay,delivered,Semarang
ORD00739,2023-10-28,CST0376,STR012,PRD0056,Topeng Kayu Dekorasi,Kerajinan & Souvenir,1,102000.0,0.0,0.0,102000.0,GoPay,returned,Depok
ORD00311,2023-12-19,CST0180,STR040,PRD0047,Kaos Olahraga Dryfit,Olahraga & Outdoor,1,78600.0,25.0,19700.0,59000.0,COD,delivered,Tangerang
ORD03522,2023-05-02,CST0574,STR033,PRD0044,Sepatu Anak Velcro,Perlengkapan Bayi & Anak,1,103200.0,0.0,0.0,103200.0,Alfamart,delivered,
ORD01132,2023-03-02,CST0295,STR033,PRD0012,Teh Herbal Jahe Merah,Makanan & Minuman,1,42300.0,10.0,4200.0,38100.0,Indomaret,delivered,Depok
ORD00337,2024-12-10,CST0982,STR040,PRD0014,Madu Hutan Asli 500ml,Makanan & Minuman,1,164600.0,0.0,0.0,164600.0,Transfer BRI,processing,Tangerang
ORD04112,2024-08-04,CST0040,STR002,PRD0033,Tempat Makan Tupperware KW,Rumah Tangga,2,52100.0,0.0,0.0,104300.0,OVO,delivered,Medan
ORD02770,2024-10-23,CST0796,STR022,PRD0015,Dodol Garut Premium,Makanan & Minuman,3,43900.0,0.0,0.0,131800.0,Alfamart,delivered,Jakarta
ORD00921,2024-09-10,CST0371,STR011,PRD0042,Mainan Edukasi Kayu,Perlengkapan Bayi & Anak,3,79600.0,0.0,0.0,238700.0,Transfer BRI,processing,Bogor
ORD03588,2023-11-02,CST0738,STR018,PRD0051,Topi Running,Olahraga & Outdoor,2,48900.0,0.0,0.0,97900.0,LinkAja,returned,Makassar
ORD03960,2023-08-30,CST0113,STR038,PRD0022,Body Lotion Bengkoang,Kecantikan & Perawatan,1,55700.0,10.0,5600.0,50100.0,Indomaret,processing,Semarang
ORD00039,2024-05-24,CST0954,STR041,PRD0035,Lap Microfiber Set 3pcs,Rumah Tangga,3,30000.0,0.0,0.0,90100.0,Transfer BRI,processing,Semarang
ORD04279,2024-08-20,CST0939,STR026,PRD0034,Sapu Lantai Ijuk,Rumah Tangga,1,27300.0,10.0,2700.0,24600.0,ShopeePay,delivered,Bandung
ORD02984,2024-05-31,CST0060,STR006,PRD0011,Kopi Arabika Toraja 250gr,Makanan & Minuman,1,78500.0,20.0,15700.0,62800.0,Transfer BRI,delivered,
ORD02831,2023-12-04,CST0152,STR025,PRD0026,Kabel Data Type-C 1m,Elektronik & Aksesori,2,43200.0,5.0,4300.0,82100.0,ShopeePay,returned,Tangerang
ORD02668,2024-09-27,CST0173,STR039,PRD0021,Sunscreen SPF50 Lokal,Kecantikan&Perawatan,2,90800.0,10.0,18200.0,163500.0,Transfer BRI,delivered,Bandung
ORD03224,2024-11-26,CST0848,STR005,PRD0039,Keranjang Rotan Mini,Rumah Tangga,4,124300.0,5.0,24900.0,472500.0,OVO,delivered,Medan
ORD01183,2024-07-15,CST0696,STR015,PRD0043,Tas Sekolah Anak SD,Perlengkapan Bayi & Anak,3,114700.0,0.0,0.0,344000.0,COD,delivered,Jakarta
ORD00615,2023-05-29,CST0485,STR042,PRD0030,Mouse Wireless USB,Elektronik & Aksesori,1,93900.0,15.0,14100.0,79800.0,GoPay,cancelled,Bogor
ORD02896,2023-12-11,CST0971,STR045,PRD0022,Body Lotion Bengkoang,Kecantikan & Perawatan,2,56900.0,0.0,0.0,113800.0,QRIS,processing,Bogor
ORD01467,2023-06-16,CST0388,STR006,PRD0037,Botol Minum Tumbler,Rumah Tangga,3,78300.0,5.0,11700.0,223200.0,QRIS,delivered,Depok
ORD03043,2023-11-11,CST0720,STR012,PRD0034,Sapu Lantai Ijuk,Rumah Tangga,1,26700.0,15.0,4000.0,22700.0,COD,returned,Depok
ORD00935,2023-06-03,CST0967,STR016,PRD0039,Keranjang Rotan Mini,Rumah Tangga,1,125300.0,5.0,6300.0,119000.0,GoPay,delivered,Medan
ORD02420,2023-02-01,CST0103,STR046,PRD0003,Hijab Voal Motif,Fashion & Pakaian,1,66600.0,,3300.0,63300.0,Indomaret,delivered,
ORD05065,2023-02-12,CST0942,STR020,PRD0034,Sapu Lantai Ijuk,Rumah Tangga,3,28000.0,15.0,12600.0,71400.0,Transfer Mandiri,processing,Bandung
ORD04546,2024-06-22,CST0736,STR044,PRD0042,Mainan Edukasi Kayu,Perlengkapan Bayi & Anak,1,76900.0,10.0,7700.0,69200.0,QRIS,delivered,Tangerang
ORD00827,2024-11-08,CST0848,STR036,PRD0033,Tempat Makan Tupperware KW,Rumah Tangga,5,56400.0,15.0,42300.0,239800.0,COD,processing,Tangerang
ORD01522,07-03-2024,CST0010,STR039,PRD0053,Tas Anyaman Pandan,Kerajinan & Souvenir,1,91000.0,10.0,9100.0,81900.0,Alfamart,processing,Bandung
ORD02931,2024-07-04,CST0145,STR023,PRD0027,Earphone Bluetooth TWS,Elektronik & Aksesori,3,146400.0,15.0,65900.0,373300.0,OVO,cancelled,Palembang
ORD04233,2024-07-08,CST0992,STR001,PRD0019,Sabun Sirih Herbal,Kecantikan & Perawatan,1,27800.0,10.0,2800.0,25000.0,COD,processing,Surabaya
ORD00629,2024-06-23,CST0560,STR048,PRD0005,Dress Casual Wanita,Fashion & Pakaian,10,187500.0,15.0,281200.0,1593500.0,Alfamart,delivered,Surabaya
ORD03854,2023-11-12,CST0679,STR032,PRD0018,Masker Wajah Clay BPOM,Kecantikan & Perawatan,1,51900.0,0.0,0.0,51900.0,Transfer BRI,processing,Bogor
ORD00391,2024-05-15,CST0239,STR001,PRD0046,Botol Susu Anti-Kolik,Perlengkapan Bayi & Anak,1,103000.0,0.0,0.0,103000.0,COD,processing,Surabaya
ORD04346,2024-02-21,CST0325,STR004,PRD0038,Talenan Kayu Jati,Rumah Tangga,1,83700.0,5.0,4200.0,79500.0,Dana,processing,Jakarta
ORD05468,2024-09-25,CST0132,STR032,PRD0047,Kaos Olahraga Dryfit,Olahraga & Outdoor,10,79600.0,5.0,39800.0,756100.0,Transfer BRI,delivered,Bogor
ORD03991,2023-10-14,CST0683,STR003,PRD0053,Tas Anyaman Pandan,Kerajinan & Souvenir,1,106000.0,0.0,0.0,106000.0,Alfamart,processing,Depok
ORD00401,2024-09-21,CST0426,STR037,PRD0022,Body Lotion Bengkoang,Kecantikan & Perawatan,4,57100.0,20.0,45700.0,182600.0,Alfamart,processing,Depok
ORD03360,2024-07-01,CST0481,STR022,PRD0006,Jaket Bomber,Fashion & Pakaian,1,282800.0,5.0,14100.0,268700.0,COD,cancelled,Jakarta
ORD00047,2023-03-21,CST0658,STR019,PRD0004,Celana Chino Pria,Fashion & Pakaian,5,178700.0,0.0,0.0,893700.0,Alfamart,delivered,Surabaya
ORD05383,2023-07-13,CST0256,STR029,PRD0013,Snack Box Mix,Makanan & Minuman,1,50700.0,5.0,2500.0,48200.0,ShopeePay,cancelled,Bandung
ORD02183,2023-12-12,CST0708,STR008,PRD0010,Sambal Bawang Homemade,Makanan & Minuman,4,35200.0,5.0,7000.0,133600.0,OVO,processing,
ORD03643,2024-10-09,CST0939,STR023,PRD0025,Powerbank 10000mAh,Elektronik & Aksesori,1,122400.0,5.0,6100.0,116300.0,Alfamart,delivered,Palembang
ORD03727,2023-07-01,CST0951,STR004,PRD0012,Teh Herbal Jahe Merah,Makanan & Minuman,3,43100.0,10.0,12900.0,116400.0,OVO,delivered,Jakarta
ORD05446,2023-12-16,CST0863,STR022,PRD0037,Botol Minum Tumbler,Rumah Tangga,3,89100.0,10.0,26700.0,240700.0,Alfamart,delivered,Jakarta
ORD02422,2023-03-10,CST0601,STR022,PRD0019,Sabun Sirih Herbal,Kecantikan & Perawatan,2,26000.0,0.0,0.0,51900.0,GoPay,delivered,Jakarta
ORD01751,2024-12-07,CST0462,STR031,PRD0006,Jaket Bomber,Fashion & Pakaian,2,275400.0,10.0,55100.0,495800.0,QRIS,cancelled,Palembang
ORD05424,2023-09-08,CST0255,STR049,PRD0010,Sambal Bawang Homemade,Makanan & Minuman,2,33000.0,10.0,6600.0,59400.0,Transfer Mandiri,delivered,Makassar
ORD05151,2023-12-28,CST0148,STR036,PRD0056,Topeng Kayu Dekorasi,Kerajinan & Souvenir,2,99500.0,20.0,39800.0,159100.0,Transfer BRI,processing,Tangerang
ORD04063,2024-07-17,CST0162,STR049,PRD0032,Charger Fast Charging,Elektronik & Aksesori,2,71600.0,20.0,28600.0,114500.0,LinkAja,processing,Makassar
ORD00339,2023-07-18,CST0802,STR007,PRD0039,Keranjang Rotan Mini,Rumah Tangga,3,111400.0,0.0,0.0,334300.0,Dana,returned,Bogor
ORD00216,2024-03-21,CST0031,STR023,PRD0036,Gantungan Baju Kayu,Rumah Tangga,1,21700.0,5.0,1100.0,20600.0,Indomaret,delivered,Palembang
ORD03664,2023-01-04,CST0312,STR034,PRD0011,Kopi Arabika Toraja 250gr,Makanan & Minuman,5,90400.0,5.0,22600.0,429400.0,COD,returned,Depok
ORD01342,2023-06-03,CST0719,STR033,PRD0040,Lilin Aromaterapi,Rumah Tangga,1,71000.0,10.0,7100.0,63900.0,LinkAja,delivered,Depok
ORD05134,2023-01-16,CST0451,STR045,PRD0005,Dress Casual Wanita,Fashion & Pakaian,4,157600.0,20.0,126100.0,504300.0,Transfer BCA,delivered,Bogor
ORD03895,2024-04-27,CST0591,STR002,PRD0030,Mouse Wireless USB,Elektronik & Aksesori,1,93900.0,10.0,9400.0,84500.0,,delivered,Medan
ORD03641,2023/11/07,CST0870,STR010,PRD0020,Lip Cream Matte Halal,Kecantikan & Perawatan,5,49000.0,0.0,0.0,245000.0,COD,returned,Palembang
ORD00330,2024-05-20,CST0062,STR003,PRD0020,Lip Cream Matte Halal,Kecantikan & Perawatan,2,47100.0,0.0,0.0,94300.0,GoPay,delivered,Depok
ORD03005,2024-03-18,CST0584,STR029,PRD0024,Parfum Roll-On Halal,Kecantikan & Perawatan,2,43600.0,0.0,0.0,87300.0,COD,delivered,Bandung
ORD05364,2024-12-18,CST0023,STR037,PRD0048,Tali Skipping Premium,Olahraga & Outdoor,1,51700.0,15.0,7700.0,43900.0,transfer bca,cancelled,Depok
ORD03116,2023-07-31,CST0109,STR035,PRD0051,Topi Running,Olahraga & Outdoor,1,51600.0,0.0,0.0,51600.0,Indomaret,delivered,Surabaya
ORD05427,2023-07-28,CST0068,STR027,PRD0044,Sepatu Anak Velcro,Perlengkapan Bayi & Anak,1,88400.0,0.0,0.0,88400.0,LinkAja,processing,Depok
ORD02323,2024-07-30,CST0922,STR001,PRD0022,Body Lotion Bengkoang,Kecantikan & Perawatan,3,56600.0,10.0,17000.0,152800.0,LinkAja,returned,Surabaya
ORD04198,2024-08-11,CST0278,STR050,PRD0009,Keripik Tempe Renceng,Makanan & Minuman,1,14400.0,0.0,0.0,14400.0,OVO,delivered,Medan
ORD03550,2024-02-09,CST0696,STR004,PRD0012,Teh Herbal Jahe Merah,Makanan & Minuman,5,41400.0,0.0,0.0,207100.0,Transfer BRI,delivered,Jakarta
ORD01459,2023-12-30,CST0764,STR018,PRD0005,Dress Casual Wanita,Fashion & Pakaian,4,178200.0,5.0,35600.0,677300.0,shopeepay,delivered,Makassar
ORD00172,2024-02-06,CST0014,STR014,PRD0023,Shampo Kemiri Organik,Kecantikan & Perawatan,1,80200.0,0.0,0.0,80200.0,Transfer BCA,cancelled,Makassar
ORD04204,2024-09-23,CST0193,STR049,PRD0055,Gantungan Kunci Batik,Kerajinan & Souvenir,2,12600.0,0.0,0.0,25100.0,LinkAja,returned,Makassar
ORD05024,2024-04-03,CST0932,STR043,PRD0017,Skincare Serum Vit C Lokal,Kecantikan & Perawatan,3,109000.0,5.0,16300.0,310500.0,Alfamart,delivered,Surabaya
ORD03570,2024-11-18,CST0455,STR032,PRD0042,Mainan Edukasi Kayu,Perlengkapan Bayi & Anak,2,79900.0,5.0,8000.0,151800.0,Dana,delivered,Bogor
ORD04227,2023-08-11,CST0377,STR037,PRD0016,Rendang Kemasan Vacuum,Makanan & Minuman,5,123000.0,5.0,30800.0,584500.0,COD,delivered,Depok
ORD04576,2024-04-18,CST0793,STR025,PRD0032,Charger Fast Charging,Elektronik & Aksesori,2,65500.0,,0.0,131000.0,ShopeePay,returned,Tangerang
ORD04621,2023-01-20,CST0216,STR008,PRD0052,Gelang Batok Kelapa,Kerajinan & Souvenir,1,24900.0,0.0,0.0,24900.0,Transfer Mandiri,delivered,Palembang
ORD00939,2023-05-15,CST0732,STR049,PRD0025,Powerbank 10000mAh,Elektronik & Aksesori,1,128000.0,15.0,19200.0,108800.0,Transfer BRI,delivered,Makassar
ORD00061,2023-03-21,CST0642,STR020,PRD0010,Sambal Bawang Homemade,Makanan & Minuman,3,36400.0,0.0,0.0,109100.0,Alfamart,processing,Bandung
ORD01241,2023-05-07,CST0698,STR031,PRD0049,Matras Yoga 6mm,Olahraga & Outdoor,4,156800.0,5.0,31400.0,596000.0,Alfamart,delivered,Palembang
ORD04690,2024-07-08,CST0650,STR042,PRD0019,Sabun Sirih Herbal,Kecantikan & Perawatan,2,27300.0,10.0,5500.0,49200.0,Transfer BCA,cancelled,Bogor
ORD02121,2023-04-21,CST0541,STR028,PRD0034,Sapu Lantai Ijuk,Rumah Tangga,1,27200.0,15.0,4100.0,23100.0,LinkAja,delivered,Palembang
ORD01525,2024-05-21,CST0506,STR032,PRD0005,Dress Casual Wanita,Fashion & Pakaian,1,169100.0,0.0,0.0,169100.0,Alfamart,cancelled,Bogor
ORD00154,2024-01-19,CST0366,STR041,PRD0035,Lap Microfiber Set 3pcs,Rumah Tangga,3,33900.0,20.0,20300.0,81300.0,Transfer Mandiri,returned,Semarang
ORD00482,2023-07-09,CST0020,STR039,PRD0003,Hijab Voal Motif,Fashion & Pakaian,1,68400.0,0.0,0.0,68400.0,Indomaret,delivered,Bandung
ORD03921,2024-11-14,CST0254,STR025,PRD0046,Botol Susu Anti-Kolik,Perlengkapan Bayi & Anak,1,99200.0,20.0,19800.0,79400.0,Alfamart,processing,Tangerang
ORD01763,2023-06-18,CST0395,STR034,PRD0053,Tas Anyaman Pandan,Kerajinan & Souvenir,3,101900.0,15.0,45800.0,259700.0,Transfer Mandiri,delivered,Depok
ORD00751,2024-03-30,CST0906,STR038,PRD0017,Skincare Serum Vit C Lokal,Kecantikan & Perawatan,1,107500.0,10.0,10700.0,96700.0,OVO,delivered,Semarang
ORD01786,2023-07-23,CST0444,STR026,PRD0010,Sambal Bawang Homemade,Makanan & Minuman,2,32800.0,0.0,0.0,65600.0,Alfamart,processing,Bandung
ORD02712,2023-03-16,CST0502,STR036,PRD0041,Baju Bayi Newborn Set,Perlengkapan Bayi & Anak,1,135600.0,0.0,0.0,135600.0,ShopeePay,delivered,Tangerang
ORD04535,2024-09-22,CST0527,STR002,PRD0036,Gantungan Baju Kayu,Rumah Tangga,1,21700.0,0.0,0.0,21700.0,LinkAja,delivered,Medan
ORD04194,2023-09-09,CST0310,STR013,PRD0038,Talenan Kayu Jati,Rumah Tangga,1,80700.0,15.0,12100.0,68600.0,COD,delivered,Depok
ORD01334,2023-06-04,CST0645,STR006,PRD0019,Sabun Sirih Herbal,Kecantikan & Perawatan,1,26000.0,15.0,3900.0,22100.0,GoPay,delivered,Depok
ORD04995,2023-11-06,CST0136,STR023,PRD0049,Matras Yoga 6mm,Olahraga & Outdoor,3,166400.0,0.0,0.0,499300.0,Transfer Mandiri,processing,Palembang
ORD02855,2024-04-28,CST0071,STR040,PRD0029,Lampu LED Ring Light,Elektronik & Aksesori,1,182800.0,0.0,0.0,182800.0,Transfer Mandiri,cancelled,Tangerang
ORD00187,2023-05-11,CST0258,STR045,PRD0013,Snack Box Mix,Makanan & Minuman,4,45200.0,20.0,36200.0,144700.0,GoPay,delivered,Bogor
ORD01137,2023-11-07,CST0024,STR020,PRD0030,Mouse Wireless USB,Elektronik & Aksesori,3,100500.0,0.0,0.0,301400.0,GoPay,delivered,Bandung
ORD02059,2024-04-16,CST0202,STR009,PRD0002,Kaos Polos Cotton Combed,Fashion & Pakaian,2,52100.0,0.0,0.0,104200.0,QRIS,processing,Medan
ORD04702,2023-12-15,CST0661,STR024,PRD0007,Sepatu Sneakers Lokal,Fashion & Pakaian,3,256500.0,0.0,0.0,769500.0,QRIS,delivered,Bogor
ORD00149,2024-12-02,CST0100,STR033,PRD0038,Talenan Kayu Jati,Rumah Tangga,1,95400.0,15.0,14300.0,81100.0,OVO,delivered,Depok
ORD04125,2023-09-07,CST0553,STR017,PRD0004,Celana Chino Pria,Fashion & Pakaian,1,167200.0,0.0,0.0,167200.0,Transfer Mandiri,processing,Tangerang
ORD03364,2024-03-15,CST0699,STR001,PRD0015,Dodol Garut Premium,Makanan & Minuman,1,41100.0,5.0,2100.0,39000.0,OVO,delivered,Surabaya
ORD02867,2023-08-16,CST0894,STR006,PRD0037,Botol Minum Tumbler,Rumah Tangga,1,84900.0,5.0,4200.0,80700.0,OVO,processing,Depok
ORD03777,2023-04-21,CST0965,STR030,PRD0035,Lap Microfiber Set 3pcs,Rumah Tangga,4,30900.0,0.0,0.0,123500.0,Transfer BCA,returned,Surabaya
ORD01387,2024-02-21,CST0387,STR026,PRD0045,Buku Mewarnai + Crayon,Perlengkapan Bayi & Anak,4,34600.0,15.0,20800.0,117800.0,OVO,cancelled,Bandung
ORD05308,2023-11-03,CST0489,STR016,PRD0051,Topi Running,Olahraga & Outdoor,2,45800.0,0.0,0.0,91500.0,Alfamart,cancelled,Medan
ORD05305,2024-09-21,CST0489,STR001,PRD0007,Sepatu Sneakers Lokal,Fashion & Pakaian,1,263000.0,20.0,52600.0,210400.0,Transfer Mandiri,returned,Surabaya
ORD03630,2023-04-04,CST0364,STR017,PRD0032,Charger Fast Charging,Elektronik & Aksesori,1,65500.0,0.0,0.0,65500.0,Indomaret,processing,Tangerang
ORD04451,2024-10-29,CST0428,STR028,PRD0039,Keranjang Rotan Mini,Rumah Tangga,2,117400.0,15.0,35200.0,199500.0,LinkAja,delivered,Palembang
ORD03029,2023-01-04,CST0371,STR048,PRD0045,Buku Mewarnai + Crayon,Perlengkapan Bayi & Anak,2,33700.0,10.0,6700.0,60700.0,Transfer BRI,delivered,Surabaya
ORD02970,2023-12-28,CST0112,STR037,PRD0016,Rendang Kemasan Vacuum,Makanan & Minuman,1,119500.0,0.0,0.0,119500.0,transfer bri,delivered,Depok
ORD04878,2024-02-05,CST0420,STR023,PRD0020,Lip Cream Matte Halal,Kecantikan & Perawatan,1,50400.0,5.0,2500.0,47900.0,Transfer BCA,processing,Palembang
ORD01709,2023-01-26,CST0894,STR006,PRD0008,Sandal Kulit Handmade,Fashion & Pakaian,1,158000.0,5.0,7900.0,150100.0,Transfer BCA,cancelled,Depok
ORD02954,2024-08-31,CST0729,STR032,PRD0017,Skincare Serum Vit C Lokal,Kecantikan & Perawatan,1,113800.0,0.0,0.0,113800.0,Transfer BRI,processing,Bogor
ORD00455,2024-01-01,CST0054,STR021,PRD0025,Powerbank 10000mAh,Elektronik & Aksesori,10,133100.0,5.0,66500.0,1264200.0,OVO,processing,Depok
ORD00610,2024-08-09,CST0829,STR034,PRD0047,Kaos Olahraga Dryfit,Olahraga & Outdoor,1,79500.0,0.0,0.0,79500.0,Transfer Mandiri,processing,Depok
ORD04264,2024-01-09,CST0959,STR038,PRD0046,Botol Susu Anti-Kolik,Perlengkapan Bayi & Anak,2,105000.0,10.0,21000.0,189100.0,QRIS,cancelled,Semarang
ORD04758,2023-12-05,CST0345,STR010,PRD0003,Hijab Voal Motif,Fashion & Pakaian,1,64000.0,5.0,3200.0,60800.0,ShopeePay,delivered,Palembang
ORD02075,2023-04-22,CST0846,STR005,PRD0055,Gantungan Kunci Batik,Kerajinan & Souvenir,1,12900.0,5.0,600.0,12200.0,Dana,delivered,Medan
ORD04053,2023/08/02,CST0466,STR007,PRD0012,Teh Herbal Jahe Merah,Makanan & Minuman,2,38800.0,20.0,15500.0,62000.0,COD,cancelled,Bogor
ORD04563,2024-10-03,CST0154,STR045,PRD0028,Holder HP Mobil,Elektronik & Aksesori,2,55400.0,0.0,0.0,110900.0,ShopeePay,delivered,Bogor
ORD01623,2023-10-17,CST0223,STR039,PRD0019,Sabun Sirih Herbal,Kecantikan & Perawatan,3,26000.0,20.0,15600.0,62300.0,ShopeePay,processing,Bandung
ORD04921,2023-01-20,CST0006,STR013,PRD0013,Snack Box Mix,Makanan & Minuman,1,52300.0,10.0,5200.0,47100.0,,delivered,Depok
ORD00041,2023-02-02,CST0042,STR024,PRD0007,Sepatu Sneakers Lokal,Fashion & Pakaian,1,272800.0,0.0,0.0,272800.0,QRIS,processing,Bogor
ORD02090,2023-09-28,CST0158,STR049,PRD0023,Shampo Kemiri Organik,Kecantikan & Perawatan,3,78900.0,5.0,11800.0,224800.0,Alfamart,cancelled,Makassar
ORD03925,2023-08-28,CST0700,STR015,PRD0003,Hijab Voal Motif,Fashion & Pakaian,1,66600.0,0.0,0.0,66600.0,ShopeePay,returned,Jakarta
ORD02176,2024-10-28,CST0875,STR023,PRD0045,Buku Mewarnai + Crayon,Perlengkapan Bayi & Anak,3,29700.0,25.0,22300.0,66800.0,Dana,delivered,Palembang
ORD00075,2023-06-23,CST0218,STR028,PRD0039,Keranjang Rotan Mini,Rumah Tangga,10,121200.0,25.0,303000.0,909100.0,Transfer Mandiri,returned,Palembang
ORD04491,2023-10-21,CST0927,STR014,PRD0033,Tempat Makan Tupperware KW,Rumah Tangga,1,52000.0,5.0,2600.0,49400.0,OVO,delivered,Makassar
ORD02072,2024-07-10,CST0495,STR008,PRD0045,Buku Mewarnai + Crayon,Perlengkapan Bayi & Anak,3,30400.0,20.0,18200.0,73000.0,Alfamart,delivered,Palembang
ORD02658,2024-02-13,CST0391,STR024,PRD0042,Mainan Edukasi Kayu,Perlengkapan Bayi & Anak,1,84500.0,5.0,4200.0,80300.0,Transfer BCA,cancelled,Bogor
ORD03181,2023-11-09,CST0905,STR016,PRD0049,Matras Yoga 6mm,Olahraga & Outdoor,5,171700.0,10.0,85800.0,772500.0,Transfer BCA,processing,Medan
ORD02077,2024-11-20,CST0466,STR020,PRD0040,Lilin Aromaterapi,Rumah Tangga,3,59600.0,10.0,17900.0,161000.0,GoPay,delivered,Bandung
ORD00442,2024-02-12,CST0302,STR043,PRD0005,Dress Casual Wanita,Fashion & Pakaian,3,178200.0,10.0,53500.0,481100.0,Alfamart,returned,Surabaya
ORD02052,2024-01-24,CST0410,STR012,PRD0007,Sepatu Sneakers Lokal,Fashion & Pakaian,2,273900.0,5.0,27400.0,520500.0,GoPay,returned,Depok
ORD02542,2023-11-12,CST0917,STR010,PRD0006,Jaket Bomber,Fashion & Pakaian,1,280800.0,0.0,0.0,280800.0,GoPay,returned,Palembang
ORD01302,2023-08-11,CST0492,STR042,PRD0033,Tempat Makan Tupperware KW,Rumah Tangga,2,52800.0,15.0,15800.0,89700.0,ShopeePay,delivered,Bogor
ORD03431,2024-09-22,CST0486,STR041,PRD0044,Sepatu Anak Velcro,Perlengkapan Bayi & Anak,1,103000.0,0.0,0.0,103000.0,GoPay,delivered,Semarang
ORD01305,2023-11-20,CST0411,STR019,PRD0002,Kaos Polos Cotton Combed,Fashion & Pakaian,2,52600.0,0.0,0.0,105100.0,ShopeePay,delivered,
ORD00237,2023-08-20,CST0446,STR016,PRD0010,Sambal Bawang Homemade,Makanan & Minuman,1,37400.0,15.0,5600.0,31800.0,Transfer Mandiri,delivered,Medan
ORD04677,2023-12-15,CST0413,STR036,PRD0046,Botol Susu Anti-Kolik,Perlengkapan Bayi & Anak,1,100700.0,10.0,10100.0,90700.0,GoPay,processing,Tangerang
ORD02600,2023-03-21,CST0784,STR012,PRD0042,Mainan Edukasi Kayu,Perlengkapan Bayi & Anak,1,84600.0,15.0,12700.0,71900.0,COD,cancelled,Depok
ORD02574,2023-05-14,CST0342,STR037,PRD0007,Sepatu Sneakers Lokal,Fashion & Pakaian,2,269300.0,15.0,80800.0,457800.0,,delivered,Depok
ORD03281,2024-01-20,CST0765,STR027,PRD0012,Teh Herbal Jahe Merah,Makanan & Minuman,1,44700.0,15.0,6700.0,38000.0,LinkAja,delivered,Depok
ORD03187,2023-03-31,CST0333,STR046,PRD0009,Keripik Tempe Renceng,Makanan & Minuman,1,14400.0,5.0,700.0,13700.0,GoPay,returned,Medan
ORD03954,2023-10-07,CST0053,STR029,PRD0053,Tas Anyaman Pandan,Kerajinan & Souvenir,2,102000.0,10.0,20400.0,183500.0,LinkAja,processing,Bandung
ORD02769,2024-03-17,CST0558,STR028,PRD0034,Sapu Lantai Ijuk,Rumah Tangga,1,25000.0,0.0,0.0,25000.0,COD,delivered,Palembang
ORD04224,2023-11-25,CST0604,STR009,PRD0011,Kopi Arabika Toraja 250gr,Makanan & Minuman,3,88300.0,10.0,26500.0,238500.0,Indomaret,delivered,Medan
ORD02107,2024-09-28,CST0944,STR012,PRD0016,Rendang Kemasan Vacuum,makanan & minuman,1,126700.0,0.0,0.0,126700.0,Alfamart,delivered,
ORD02680,2024/04/20,CST0595,STR026,PRD0046,Botol Susu Anti-Kolik,Perlengkapan Bayi & Anak,1,96100.0,10.0,9600.0,86500.0,Transfer BRI,cancelled,Bandung
ORD02762,2023-11-23,CST0714,STR026,PRD0008,Sandal Kulit Handmade,Fashion & Pakaian,3,143800.0,0.0,0.0,431400.0,Dana,delivered,Bandung
ORD01388,2023-09-24,CST0966,STR049,PRD0004,Celana Chino Pria,Fashion & Pakaian,4,165500.0,10.0,66200.0,595800.0,QRIS,processing,Makassar
ORD05270,2023-05-20,CST0880,STR041,PRD0029,Lampu LED Ring Light,Elektronik & Aksesori,3,166500.0,10.0,50000.0,449700.0,GoPay,delivered,Semarang
ORD05078,2024-08-19,CST0187,STR044,PRD0014,Madu Hutan Asli 500ml,Makanan & Minuman,3,180300.0,5.0,27000.0,513900.0,Transfer BRI,returned,Tangerang
ORD01280,2023-06-20,CST0105,STR045,PRD0029,Lampu LED Ring Light,Elektronik & Aksesori,5,184600.0,10.0,92300.0,830600.0,Transfer BRI,returned,Bogor
ORD05496,2023-03-24,CST0016,STR037,PRD0043,Tas Sekolah Anak SD,Perlengkapan Bayi & Anak,3,117700.0,5.0,17700.0,335600.0,Indomaret,delivered,Depok
ORD01556,2024-05-02,CST0355,STR021,PRD0021,Sunscreen SPF50 Lokal,Kecantikan & Perawatan,2,83500.0,15.0,25000.0,141900.0,ShopeePay,processing,Depok
ORD05102,2023-05-16,CST0203,STR013,PRD0030,Mouse Wireless USB,Elektronik & Aksesori,1,97600.0,0.0,0.0,97600.0,Dana,delivered,Depok
ORD03191,2023-02-10,CST0188,STR014,PRD0030,Mouse Wireless USB,Elektronik & Aksesori,1,88900.0,0.0,0.0,88900.0,Alfamart,delivered,Makassar
ORD05265,2023-03-23,CST0569,STR039,PRD0038,Talenan Kayu Jati,Rumah Tangga,1,85700.0,0.0,0.0,85700.0,GoPay,returned,Bandung
ORD03595,2023-06-11,CST0748,STR047,PRD0021,Sunscreen SPF50 Lokal,Kecantikan & Perawatan,1,85900.0,10.0,8600.0,77300.0,GoPay,returned,Makassar
ORD01921,2023-02-02,CST0335,STR002,PRD0018,Masker Wajah Clay BPOM,Kecantikan & Perawatan,4,55700.0,0.0,0.0,222900.0,Transfer Mandiri,cancelled,Medan
ORD00514,2024-03-01,CST0570,STR006,PRD0003,Hijab Voal Motif,Fashion & Pakaian,3,56700.0,15.0,25500.0,144700.0,Transfer Mandiri,delivered,Depok
ORD04178,2023-09-01,CST0017,STR048,PRD0037,Botol Minum Tumbler,Rumah Tangga,1,82700.0,20.0,16500.0,66100.0,Transfer BRI,processing,Surabaya
ORD01309,2023-08-04,CST0179,STR040,PRD0010,Sambal Bawang Homemade,Makanan & Minuman,10,34000.0,10.0,34000.0,306000.0,Indomaret,delivered,Tangerang
ORD00915,2023-05-27,CST0766,STR041,PRD0052,Gelang Batok Kelapa,Kerajinan & Souvenir,1,23000.0,20.0,4600.0,18400.0,Transfer BCA,delivered,Semarang
ORD03453,2023-05-28,CST0167,STR028,PRD0025,Powerbank 10000mAh,Elektronik & Aksesori,4,139900.0,0.0,0.0,559600.0,Transfer BRI,returned,Palembang
ORD03696,2024-02-12,CST0877,STR032,PRD0013,Snack Box Mix,Makanan & Minuman,1,47500.0,10.0,4700.0,42700.0,Transfer Mandiri,delivered,Bogor
ORD04243,2023-08-23,CST0108,STR006,PRD0012,Teh Herbal Jahe Merah,Makanan & Minuman,3,42900.0,,0.0,128600.0,Indomaret,delivered,Depok
ORD03157,2023-07-06,CST0344,STR009,PRD0015,Dodol Garut Premium,Makanan & Minuman,2,48500.0,10.0,9700.0,87200.0,QRIS,delivered,Medan
ORD02199,2024-08-12,CST0990,STR034,PRD0043,Tas Sekolah Anak SD,Perlengkapan Bayi & Anak,4,120100.0,15.0,72000.0,408300.0,ShopeePay,delivered,Depok
ORD00775,2023-01-23,CST0907,STR040,PRD0055,Gantungan Kunci Batik,Kerajinan & Souvenir,2,12300.0,10.0,2500.0,22200.0,Transfer BCA,cancelled,Tangerang
ORD04426,2024-09-28,CST0585,STR023,PRD0016,Rendang Kemasan Vacuum,Makanan & Minuman,1,137100.0,10.0,13700.0,123400.0,Transfer BRI,returned,Palembang
ORD00944,2024-08-13,CST0146,STR010,PRD0047,Kaos Olahraga Dryfit,Olahraga & Outdoor,1,73200.0,0.0,0.0,73200.0,Transfer Mandiri,delivered,Palembang
ORD00823,2023-03-28,CST0315,STR011,PRD0050,Botol Infuser Air,Olahraga & Outdoor,3,62900.0,5.0,9400.0,179400.0,GoPay,cancelled,Bogor
ORD04278,2023-03-11,CST0635,STR042,PRD0041,Baju Bayi Newborn Set,Perlengkapan Bayi & Anak,1,134700.0,10.0,13500.0,121200.0,Transfer BRI,cancelled,Bogor
ORD00165,2023-12-13,CST0476,STR029,PRD0025,Powerbank 10000mAh,Elektronik & Aksesori,2,120300.0,0.0,0.0,240600.0,Indomaret,delivered,Bandung
ORD03984,2024-05-05,CST0154,STR016,PRD0003,Hijab Voal Motif,Fashion & Pakaian,1,59600.0,0.0,0.0,59600.0,COD,returned,Medan
ORD02539,2024-05-20,CST0144,STR045,PRD0043,Tas Sekolah Anak SD,Perlengkapan Bayi & Anak,1,111200.0,0.0,0.0,111200.0,,delivered,Bogor
ORD05357,2023-09-05,CST0886,STR018,PRD0011,Kopi Arabika Toraja 250gr,Makanan & Minuman,2,89000.0,10.0,17800.0,160200.0,Dana,cancelled,Makassar
ORD01312,2023-04-29,CST0003,STR008,PRD0056,Topeng Kayu Dekorasi,Kerajinan & Souvenir,2,112600.0,5.0,11300.0,213900.0,Transfer Mandiri,returned,Palembang
ORD05101,2024-05-17,CST0901,STR022,PRD0020,Lip Cream Matte Halal,Kecantikan & Perawatan,4,45600.0,0.0,0.0,182500.0,Transfer BCA,cancelled,Jakarta
ORD04679,2023-11-19,CST0246,STR006,PRD0043,Tas Sekolah Anak SD,Perlengkapan Bayi & Anak,1,112900.0,0.0,0.0,112900.0,Indomaret,processing,Depok
ORD05210,2024-05-01,CST0102,STR036,PRD0011,Kopi Arabika Toraja 250gr,makanan & minuman,1,78200.0,,15600.0,62600.0,LinkAja,delivered,Tangerang
ORD03301,2024-10-30,CST0920,STR041,PRD0032,Charger Fast Charging,Elektronik & Aksesori,10,74900.0,20.0,149800.0,599300.0,Dana,returned,Semarang
ORD03311,2023-02-04,CST0888,STR043,PRD0055,Gantungan Kunci Batik,Kerajinan & Souvenir,2,13600.0,5.0,1400.0,25800.0,Dana,delivered,Surabaya
ORD00328,2024-12-28,CST0415,STR038,PRD0035,Lap Microfiber Set 3pcs,Rumah Tangga,2,34700.0,0.0,0.0,69400.0,Transfer BRI,delivered,Semarang
ORD02491,2024-03-27,CST0273,STR039,PRD0004,Celana Chino Pria,Fashion & Pakaian,1,166500.0,0.0,0.0,166500.0,GoPay,cancelled,Bandung
ORD05260,2023-10-05,CST0040,STR012,PRD0038,Talenan Kayu Jati,Rumah Tangga,4,85500.0,10.0,34200.0,307800.0,ShopeePay,returned,Depok
ORD04409,2023-02-24,CST0314,STR031,PRD0001,Batik Tulis Premium,Fashion & Pakaian,2,290500.0,20.0,116200.0,464800.0,Indomaret,delivered,Palembang
ORD00833,2024-10-20,CST0134,STR034,PRD0028,Holder HP Mobil,Elektronik & Aksesori,2,64000.0,20.0,25600.0,102400.0,QRIS,cancelled,Depok
ORD03080,2023-04-20,CST0603,STR032,PRD0049,Matras Yoga 6mm,Olahraga & Outdoor,3,163700.0,,73600.0,417300.0,GoPay,delivered,Bogor
ORD03463,2023-02-13,CST0025,STR019,PRD0053,Tas Anyaman Pandan,Kerajinan & Souvenir,2,95700.0,10.0,19100.0,172200.0,Alfamart,cancelled,
ORD04922,2023-07-13,CST0576,STR049,PRD0044,Sepatu Anak Velcro,Perlengkapan Bayi & Anak,4,103500.0,15.0,62100.0,352000.0,GoPay,delivered,Makassar
ORD00055,04-01-2024,CST0417,STR006,PRD0022,Body Lotion Bengkoang,Kecantikan & Perawatan,5,52400.0,0.0,0.0,262200.0,Alfamart,delivered,Depok
ORD04065,2024-04-05,CST0036,STR001,PRD0049,Matras Yoga 6mm,Olahraga & Outdoor,2,164000.0,0.0,0.0,328000.0,GoPay,cancelled,Surabaya
ORD03452,2023-03-12,CST0902,STR015,PRD0048,Tali Skipping Premium,Olahraga & Outdoor,3,57100.0,5.0,8600.0,162600.0,LinkAja,delivered,Jakarta
ORD01902,18-06-2023,CST0513,STR018,PRD0053,Tas Anyaman Pandan,Kerajinan & Souvenir,1,100200.0,5.0,5000.0,95200.0,OVO,delivered,Makassar
ORD01482,2024-03-05,CST0469,STR023,PRD0022,Body Lotion Bengkoang,Kecantikan & Perawatan,10,49100.0,5.0,24500.0,466100.0,Transfer BRI,returned,Palembang
ORD04151,2024-04-12,CST0596,STR041,PRD0030,Mouse Wireless USB,Elektronik & Aksesori,2,99800.0,5.0,10000.0,189600.0,Alfamart,delivered,Semarang
ORD03336,2024-09-10,CST0057,STR031,PRD0040,Lilin Aromaterapi,Rumah Tangga,5,68000.0,0.0,0.0,340200.0,,returned,Palembang
ORD00947,2024-11-27,CST0745,STR048,PRD0029,Lampu LED Ring Light,Elektronik & Aksesori,1,169100.0,15.0,25400.0,143800.0,Transfer BCA,delivered,Surabaya
ORD03294,2024-11-04,CST0759,STR024,PRD0040,Lilin Aromaterapi,Rumah Tangga,4,66500.0,10.0,26600.0,239400.0,Alfamart,returned,
ORD02162,2024-06-09,CST0037,STR019,PRD0035,Lap Microfiber Set 3pcs,Rumah Tangga,1,30200.0,0.0,0.0,30200.0,Dana,processing,Surabaya
ORD04754,2024-09-05,CST0743,STR011,PRD0051,Topi Running,Olahraga & Outdoor,3,52500.0,5.0,7900.0,149500.0,QRIS,processing,Bogor
ORD03058,2024-06-20,CST0078,STR035,PRD0030,Mouse Wireless USB,Elektronik & Aksesori,1,91300.0,0.0,0.0,91300.0,OVO,delivered,Surabaya
ORD00769,2024-05-26,CST0024,STR015,PRD0032,Charger Fast Charging,Elektronik & Aksesori,3,67300.0,0.0,0.0,202000.0,Alfamart,processing,Jakarta
ORD05278,2024-09-22,CST0693,STR043,PRD0033,Tempat Makan Tupperware KW,Rumah Tangga,1,53100.0,10.0,5300.0,47800.0,Transfer BCA,delivered,Surabaya
ORD03496,2023-04-22,CST0966,STR041,PRD0010,Sambal Bawang Homemade,Makanan & Minuman,1,37300.0,15.0,5600.0,31700.0,QRIS,delivered,Semarang
ORD00286,2023-07-09,CST0599,STR047,PRD0052,Gelang Batok Kelapa,Kerajinan & Souvenir,3,24600.0,5.0,3700.0,70200.0,Indomaret,delivered,Makassar
ORD05186,2024-02-01,CST0443,STR009,PRD0034,Sapu Lantai Ijuk,Rumah Tangga,2,25500.0,0.0,0.0,51000.0,,delivered,Medan
ORD04525,2024-09-09,CST0101,STR013,PRD0022,Body Lotion Bengkoang,Kecantikan & Perawatan,2,51300.0,5.0,5100.0,97400.0,,delivered,Depok
ORD04992,2024-08-29,CST0509,STR031,PRD0037,Botol Minum Tumbler,Rumah Tangga,2,87800.0,10.0,17600.0,158100.0,Indomaret,processing,Palembang
ORD02333,2023-04-27,CST0537,STR026,PRD0015,Dodol Garut Premium,Makanan & Minuman,10,44800.0,0.0,0.0,448400.0,Alfamart,delivered,Bandung
ORD02718,2024-12-28,CST0039,STR046,PRD0023,Shampo Kemiri Organik,Kecantikan & Perawatan,3,69200.0,15.0,31200.0,176500.0,Transfer BRI,returned,Medan
ORD02080,2023-08-16,CST0897,STR010,PRD0014,Madu Hutan Asli 500ml,Makanan & Minuman,4,186100.0,0.0,0.0,744400.0,Alfamart,returned,Palembang
ORD03390,2023-11-04,CST0726,STR038,PRD0026,Kabel Data Type-C 1m,Elektronik & Aksesori,4,41100.0,0.0,0.0,164600.0,Transfer BCA,cancelled,Semarang
ORD00723,2023-12-23,CST0208,STR048,PRD0043,Tas Sekolah Anak SD,Perlengkapan Bayi & Anak,2,113600.0,10.0,22700.0,204400.0,Alfamart,delivered,Surabaya
ORD00952,2024-04-24,CST0705,STR004,PRD0026,Kabel Data Type-C 1m,Elektronik & Aksesori,2,45100.0,5.0,4500.0,85700.0,ovo,delivered,Jakarta
ORD04891,2023-07-17,CST0509,STR049,PRD0026,Kabel Data Type-C 1m,Elektronik & Aksesori,2,43100.0,0.0,0.0,86200.0,Transfer BCA,returned,Makassar
ORD02263,2024-07-15,CST0072,STR045,PRD0021,Sunscreen SPF50 Lokal,Kecantikan & Perawatan,1,82300.0,0.0,0.0,82300.0,COD,cancelled,Bogor
ORD00990,2023-01-12,CST0801,STR030,PRD0029,Lampu LED Ring Light,Elektronik & Aksesori,2,176600.0,0.0,0.0,353300.0,Alfamart,returned,Surabaya
ORD03213,2024-01-03,CST0167,STR045,PRD0031,Casing HP Anti Crack,Elektronik & Aksesori,4,33100.0,0.0,0.0,132500.0,ShopeePay,cancelled,Bogor
ORD01760,2024-09-05,CST0314,STR014,PRD0033,Tempat Makan Tupperware KW,Rumah Tangga,1,54500.0,10.0,5400.0,49000.0,QRIS,delivered,Makassar
ORD04604,2023-06-25,CST0125,STR024,PRD0004,Celana Chino Pria,Fashion & Pakaian,2,155900.0,5.0,15600.0,296100.0,Transfer BCA,delivered,Bogor
ORD04423,23-02-2023,CST0712,STR008,PRD0045,Buku Mewarnai + Crayon,Perlengkapan Bayi & Anak,3,30300.0,10.0,9100.0,81900.0,OVO,cancelled,Palembang
ORD01725,2024-06-06,CST0164,STR045,PRD0015,Dodol Garut Premium,Makanan & Minuman,3,45200.0,10.0,13600.0,122100.0,Alfamart,cancelled,Bogor
ORD00342,2023-01-14,CST0216,STR025,PRD0034,Sapu Lantai Ijuk,Rumah Tangga,1,24700.0,10.0,2500.0,22300.0,transfer bri,delivered,Tangerang
ORD03702,2024-01-29,CST0821,STR013,PRD0027,Earphone Bluetooth TWS,Elektronik & Aksesori,1,147700.0,15.0,22100.0,125500.0,GoPay,delivered,Depok
ORD04244,2024-11-06,CST0035,STR029,PRD0009,Keripik Tempe Renceng,Makanan & Minuman,1,14300.0,0.0,0.0,14300.0,Transfer BCA,delivered,Bandung
ORD00689,2023-12-12,CST0795,STR014,PRD0019,Sabun Sirih Herbal,Kecantikan & Perawatan,4,27400.0,0.0,0.0,109700.0,,processing,Makassar
ORD03433,2023-05-21,CST0517,STR033,PRD0039,Keranjang Rotan Mini,Rumah Tangga,5,125700.0,25.0,157200.0,471500.0,Alfamart,delivered,Depok
ORD00967,2024-04-06,CST0375,STR035,PRD0007,Sepatu Sneakers Lokal,Fashion & Pakaian,5,292200.0,10.0,146100.0,1314700.0,Indomaret,returned,Surabaya
ORD05304,2024-06-15,CST0456,STR019,PRD0023,Shampo Kemiri Organik,Kecantikan & Perawatan,1,76500.0,20.0,15300.0,61200.0,COD,returned,Surabaya
ORD02204,2023-08-16,CST0837,STR023,PRD0051,Topi Running,Olahraga & Outdoor,1,50600.0,10.0,5100.0,45600.0,OVO,delivered,Palembang
ORD02714,2023-02-04,CST0449,STR016,PRD0032,Charger Fast Charging,Elektronik & Aksesori,4,68000.0,5.0,13600.0,258400.0,Dana,delivered,Medan
ORD05079,2023-02-19,CST0453,STR033,PRD0028,Holder HP Mobil,Elektronik & Aksesori,5,57900.0,0.0,0.0,289600.0,OVO,delivered,Depok
ORD05136,17/04/2024,CST0279,STR001,PRD0014,Madu Hutan Asli 500ml,Makanan & Minuman,1,190300.0,0.0,0.0,190300.0,QRIS,returned,
ORD03573,2024-01-17,CST0107,STR026,PRD0015,Dodol Garut Premium,makanan & minuman,5,42500.0,10.0,21300.0,191400.0,GoPay,cancelled,Bandung
ORD01991,2023-07-31,CST0941,STR020,PRD0056,Topeng Kayu Dekorasi,Kerajinan & Souvenir,1,103300.0,10.0,10300.0,93000.0,Indomaret,delivered,Bandung
ORD04121,2023-07-04,CST0772,STR017,PRD0045,Buku Mewarnai + Crayon,Perlengkapan Bayi & Anak,2,298000.0,5.0,3000.0,56500.0,LinkAja,delivered,
ORD04678,2023-07-11,CST0650,STR021,PRD0048,Tali Skipping Premium,Olahraga & Outdoor,1,59000.0,20.0,11800.0,47200.0,Indomaret,cancelled,Depok
ORD05321,2023-09-06,CST0799,STR017,PRD0011,Kopi Arabika Toraja 250gr,Makanan & Minuman,3,85200.0,25.0,63900.0,191700.0,Indomaret,delivered,Tangerang
ORD03601,2023-06-07,CST0637,STR001,PRD0029,Lampu LED Ring Light,Elektronik & Aksesori,1,186000.0,10.0,18600.0,167400.0,Transfer BRI,cancelled,
ORD05122,2023-07-20,CST0011,STR031,PRD0055,Gantungan Kunci Batik,Kerajinan & Souvenir,3,13900.0,15.0,6300.0,35500.0,Dana,delivered,Palembang
ORD04369,2024-11-13,CST0095,STR049,PRD0041,Baju Bayi Newborn Set,Perlengkapan Bayi & Anak,2,129600.0,,0.0,259200.0,GoPay,delivered,Makassar
ORD04623,2023-01-29,CST0884,STR020,PRD0008,Sandal Kulit Handmade,Fashion & Pakaian,1,160400.0,0.0,0.0,160400.0,Transfer BRI,delivered,Bandung
ORD00386,2024-01-01,CST0736,STR006,PRD0017,Skincare Serum Vit C Lokal,Kecantikan & Perawatan,2,98700.0,0.0,0.0,197300.0,ShopeePay,processing,Depok
ORD04897,2024-05-15,CST0205,STR050,PRD0022,Body Lotion Bengkoang,Kecantikan & Perawatan,1,56800.0,15.0,8500.0,48300.0,ShopeePay,delivered,Medan
ORD05124,2023-04-30,CST0758,STR031,PRD0014,Madu Hutan Asli 500ml,Makanan & Minuman,1,174700.0,5.0,8700.0,166000.0,COD,delivered,Palembang
ORD00537,2023-03-05,CST0792,STR018,PRD0037,Botol Minum Tumbler,Rumah Tangga,2,78500.0,0.0,0.0,157000.0,OVO,delivered,Makassar
ORD05236,2023-11-05,CST0407,STR017,PRD0031,Casing HP Anti Crack,Elektronik & Aksesori,2,32900.0,5.0,3300.0,62500.0,ShopeePay,delivered,Tangerang
ORD04213,2023-09-18,CST0766,STR015,PRD0037,Botol Minum Tumbler,Rumah Tangga,2,87600.0,20.0,35000.0,140100.0,Indomaret,returned,Jakarta
ORD03508,13/04/2023,CST0757,STR020,PRD0004,Celana Chino Pria,Fashion & Pakaian,1,159300.0,0.0,0.0,159300.0,Transfer BCA,cancelled,Bandung
ORD00202,2024-08-16,CST0788,STR022,PRD0039,Keranjang Rotan Mini,Rumah Tangga,1,108500.0,0.0,0.0,108500.0,GoPay,cancelled,Jakarta
ORD01333,2023-08-05,CST0147,STR012,PRD0002,Kaos Polos Cotton Combed,Fashion & Pakaian,1,45600.0,0.0,0.0,45600.0,,cancelled,Depok
ORD03503,2024-12-24,CST0360,STR040,PRD0010,Sambal Bawang Homemade,Makanan & Minuman,2,37300.0,5.0,3700.0,70800.0,LinkAja,returned,Tangerang
ORD02709,2024-10-05,CST0299,STR011,PRD0029,Lampu LED Ring Light,Elektronik & Aksesori,3,172600.0,0.0,0.0,517800.0,Transfer BRI,delivered,Bogor
ORD04022,2024-09-09,CST0449,STR028,PRD0023,Shampo Kemiri Organik,Kecantikan & Perawatan,1,79900.0,15.0,12000.0,67900.0,QRIS,cancelled,Palembang
ORD01855,2023-02-23,CST0473,STR041,PRD0009,Keripik Tempe Renceng,Makanan & Minuman,2,15000.0,15.0,4500.0,25500.0,Alfamart,delivered,Semarang
ORD05015,2024-01-12,CST0661,STR017,PRD0038,Talenan Kayu Jati,Rumah Tangga,1,87900.0,5.0,4400.0,83500.0,ShopeePay,delivered,Tangerang
ORD02873,2023-08-20,CST0260,STR005,PRD0053,Tas Anyaman Pandan,Kerajinan & Souvenir,2,104100.0,5.0,10400.0,197900.0,OVO,returned,Medan
ORD03031,2024-09-28,CST0265,STR042,PRD0006,Jaket Bomber,Fashion & Pakaian,4,326600.0,5.0,65300.0,1240900.0,COD,cancelled,Bogor
ORD01206,2023-10-19,CST0886,STR046,PRD0001,Batik Tulis Premium,Fashion & Pakaian,1,302700.0,5.0,15100.0,287600.0,ShopeePay,delivered,Medan
ORD01646,2024-07-29,CST0605,STR028,PRD0054,Lukisan Kanvas UMKM,Kerajinan & Souvenir,2,192800.0,25.0,96400.0,289100.0,Alfamart,delivered,Palembang
ORD03418,2024-04-29,CST0681,STR008,PRD0040,Lilin Aromaterapi,Rumah Tangga,3,63800.0,0.0,0.0,191300.0,Transfer Mandiri,cancelled,Palembang
ORD03477,2024-09-29,CST0335,STR026,PRD0032,Charger Fast Charging,Elektronik & Aksesori,3,67600.0,5.0,10100.0,192600.0,Transfer Mandiri,delivered,Bandung
ORD02862,2024-04-03,CST0832,STR036,PRD0025,Powerbank 10000mAh,Elektronik & Aksesori,2,125800.0,0.0,0.0,251500.0,Transfer BCA,processing,Tangerang
ORD01793,2023-09-27,CST0262,STR025,PRD0035,Lap Microfiber Set 3pcs,Rumah Tangga,4,33200.0,5.0,6600.0,126000.0,COD,delivered,Tangerang
ORD03798,2024-11-28,CST0943,STR022,PRD0054,Lukisan Kanvas UMKM,Kerajinan & Souvenir,1,205500.0,,41100.0,164400.0,Transfer BRI,returned,Jakarta
ORD03369,2023-07-11,CST0416,STR044,PRD0055,Gantungan Kunci Batik,Kerajinan & Souvenir,5,11600.0,10.0,5800.0,52300.0,COD,cancelled,Tangerang
ORD03368,2024-04-23,CST0282,STR007,PRD0004,Celana Chino Pria,Fashion & Pakaian,3,160200.0,15.0,72100.0,408400.0,QRIS,processing,Bogor
ORD03534,2024-10-23,CST0091,STR026,PRD0028,Holder HP Mobil,Elektronik & Aksesori,4,57100.0,25.0,57100.0,171300.0,shopeepay,delivered,Bandung
ORD04927,2024-12-13,CST0513,STR039,PRD0044,Sepatu Anak Velcro,Perlengkapan Bayi & Anak,3,92500.0,5.0,13900.0,263700.0,Transfer Mandiri,delivered,Bandung
ORD03450,2023-10-26,CST0990,STR026,PRD0035,Lap Microfiber Set 3pcs,Rumah Tangga,3,31300.0,5.0,4700.0,89200.0,Transfer BCA,delivered,Bandung
ORD00604,2024-03-28,CST0669,STR042,PRD0024,Parfum Roll-On Halal,Kecantikan & Perawatan,1,42800.0,5.0,2100.0,40700.0,OVO,processing,Bogor
ORD03057,03/06/2024,CST0862,STR045,PRD0019,Sabun Sirih Herbal,Kecantikan & Perawatan,1,26900.0,0.0,0.0,26900.0,Indomaret,cancelled,Bogor
ORD04882,2023-02-26,CST0186,STR016,PRD0010,Sambal Bawang Homemade,Makanan & Minuman,1,37000.0,10.0,3700.0,33300.0,GoPay,delivered,Medan
ORD00127,2024-07-24,CST0952,STR030,PRD0010,Sambal Bawang Homemade,Makanan & Minuman,4,32500.0,0.0,0.0,130100.0,GoPay,processing,Surabaya
ORD03877,2024-10-10,CST0020,STR045,PRD0018,Masker Wajah Clay BPOM,Kecantikan & Perawatan,1,54100.0,0.0,0.0,54100.0,Indomaret,delivered,Bogor
ORD02936,2024-06-08,CST0030,STR015,PRD0025,Powerbank 10000mAh,Elektronik & Aksesori,1,124900.0,5.0,6200.0,118600.0,Transfer Mandiri,cancelled,Jakarta
ORD04452,2024-12-03,CST0235,STR013,PRD0027,Earphone Bluetooth TWS,Elektronik & Aksesori,1,160700.0,0.0,0.0,160700.0,COD,delivered,Depok
ORD03532,2024-09-16,CST0496,STR023,PRD0037,Botol Minum Tumbler,Rumah Tangga,1,77400.0,0.0,0.0,77400.0,GoPay,delivered,Palembang
ORD02731,2024-08-18,CST0230,STR041,PRD0018,Masker Wajah Clay BPOM,Kecantikan & Perawatan,2,50200.0,5.0,5000.0,95500.0,ShopeePay,delivered,Semarang
ORD00828,2024-09-15,CST0943,STR026,PRD0049,Matras Yoga 6mm,Olahraga & Outdoor,1,159000.0,0.0,0.0,159000.0,COD,delivered,Bandung
ORD01640,2024-09-17,CST0206,STR009,PRD0014,Madu Hutan Asli 500ml,Makanan & Minuman,5,179600.0,10.0,89800.0,808200.0,GoPay,processing,Medan
ORD00985,2024-07-23,CST0826,STR043,PRD0021,Sunscreen SPF50 Lokal,Kecantikan & Perawatan,10,85000.0,10.0,85000.0,764800.0,GoPay,returned,Surabaya
ORD03282,2023-12-27,CST0512,STR004,PRD0039,Keranjang Rotan Mini,Rumah Tangga,1,123100.0,5.0,6200.0,116900.0,COD,delivered,Jakarta
ORD02743,2023-05-31,CST0341,STR040,PRD0046,Botol Susu Anti-Kolik,Perlengkapan Bayi & Anak,5,99400.0,10.0,49700.0,447500.0,Transfer Mandiri,returned,Tangerang
ORD02189,2024-05-19,CST0507,STR008,PRD0018,Masker Wajah Clay BPOM,Kecantikan & Perawatan,1,49200.0,10.0,4900.0,44200.0,Transfer BRI,returned,Palembang
ORD05170,2024-08-04,CST0436,STR044,PRD0046,Botol Susu Anti-Kolik,Perlengkapan Bayi & Anak,1,105200.0,5.0,5300.0,99900.0,ShopeePay,delivered,Tangerang
ORD02444,2023-01-16,CST0245,STR046,PRD0051,Topi Running,Olahraga & Outdoor,1,46600.0,0.0,0.0,46600.0,OVO,processing,Medan
ORD00363,2024-04-12,CST0907,STR011,PRD0049,Matras Yoga 6mm,Olahraga & Outdoor,2,154800.0,25.0,77400.0,232300.0,,delivered,Bogor
ORD02350,2024-02-06,CST0639,STR038,PRD0037,Botol Minum Tumbler,Rumah Tangga,2,92500.0,20.0,37000.0,147900.0,Transfer Mandiri,processing,Semarang
ORD00346,2023-05-15,CST0856,STR032,PRD0037,Botol Minum Tumbler,Rumah Tangga,5,84100.0,0.0,0.0,420500.0,Transfer BCA,delivered,Bogor
ORD00815,2024-06-28,CST0573,STR030,PRD0001,Batik Tulis Premium,Fashion & Pakaian,2,338400.0,5.0,33800.0,643000.0,QRIS,delivered,Surabaya
ORD03206,2023-09-15,CST0910,STR045,PRD0052,Gelang Batok Kelapa,Kerajinan & Souvenir,2,23700.0,25.0,11900.0,35600.0,LinkAja,cancelled,Bogor
ORD04661,2023-11-17,CST0039,STR006,PRD0035,Lap Microfiber Set 3pcs,Rumah Tangga,2,34600.0,10.0,6900.0,62300.0,LinkAja,delivered,Depok
ORD05379,2024-01-25,CST0099,STR005,PRD0032,Charger Fast Charging,Elektronik & Aksesori,2,71600.0,10.0,14300.0,128800.0,Transfer BCA,delivered,Medan
ORD03326,2024-02-28,CST0716,STR022,PRD0013,Snack Box Mix,Makanan & Minuman,1,51900.0,10.0,5200.0,46700.0,Transfer Mandiri,processing,Jakarta
ORD04107,2024-11-03,CST0550,STR019,PRD0018,Masker Wajah Clay BPOM,Kecantikan & Perawatan,2,50100.0,20.0,20000.0,80200.0,,processing,Surabaya
ORD02117,2024-11-23,CST0952,STR030,PRD0034,Sapu Lantai Ijuk,Rumah Tangga,3,28200.0,5.0,4200.0,80300.0,COD,delivered,Surabaya
ORD01835,2024-01-28,CST0857,STR047,PRD0031,Casing HP Anti Crack,Elektronik & Aksesori,1,32200.0,,6400.0,25800.0,OVO,returned,Makassar
ORD00794,2023-08-01,CST0507,STR046,PRD0015,Dodol Garut Premium,Makanan & Minuman,5,48700.0,0.0,0.0,243700.0,QRIS,processing,Medan
ORD04196,2024-02-24,CST0103,STR031,PRD0008,Sandal Kulit Handmade,Fashion & Pakaian,2,153800.0,10.0,30800.0,276900.0,Transfer BRI,delivered,Palembang
ORD02675,2023-04-04,CST0345,STR016,PRD0028,Holder HP Mobil,Elektronik & Aksesori,2,58200.0,0.0,0.0,116400.0,GoPay,returned,Medan
ORD00095,2024-12-01,CST0824,STR030,PRD0022,Body Lotion Bengkoang,Kecantikan & Perawatan,4,56600.0,0.0,0.0,226500.0,Alfamart,returned,Surabaya
ORD04226,2024-07-16,CST0964,STR001,PRD0053,Tas Anyaman Pandan,Kerajinan & Souvenir,1,106200.0,0.0,0.0,106200.0,Transfer BRI,delivered,Surabaya
ORD03757,2024-07-17,CST0005,STR044,PRD0019,Sabun Sirih Herbal,Kecantikan & Perawatan,10,27500.0,15.0,41200.0,233600.0,indomaret,processing,Tangerang
ORD02892,2023-07-31,CST0874,STR050,PRD0011,Kopi Arabika Toraja 250gr,makanan & minuman,2,86900.0,0.0,0.0,173900.0,Transfer BRI,returned,Medan
ORD02372,2023-01-29,CST0647,STR016,PRD0012,Teh Herbal Jahe Merah,Makanan & Minuman,3,41300.0,15.0,18600.0,105200.0,Transfer Mandiri,processing,Medan
ORD04649,2023-07-20,CST0371,STR007,PRD0039,Keranjang Rotan Mini,Rumah Tangga,1,117100.0,10.0,11700.0,105400.0,Dana,processing,Bogor
ORD04975,2023-08-17,CST0905,STR033,PRD0015,Dodol Garut Premium,Makanan & Minuman,1,46300.0,10.0,4600.0,41600.0,GoPay,cancelled,Depok
ORD03229,25/10/2023,CST0949,STR020,PRD0008,Sandal Kulit Handmade,Fashion & Pakaian,10,149700.0,10.0,149700.0,1347700.0,Transfer BRI,delivered,Bandung
ORD02854,2023-01-04,CST0767,STR001,PRD0020,Lip Cream Matte Halal,Kecantikan & Perawatan,3,46500.0,10.0,14000.0,125600.0,OVO,delivered,Surabaya
ORD02913,2023-12-09,CST0685,STR032,PRD0038,Talenan Kayu Jati,Rumah Tangga,4,93800.0,0.0,0.0,375100.0,Transfer Mandiri,returned,Bogor
ORD01866,2024-06-16,CST0697,STR021,PRD0053,Tas Anyaman Pandan,Kerajinan & Souvenir,1,100400.0,,10000.0,90300.0,Alfamart,cancelled,Depok
ORD04613,2023-08-03,CST0452,STR007,PRD0039,Keranjang Rotan Mini,Rumah Tangga,2,129800.0,0.0,0.0,259600.0,ShopeePay,delivered,Bogor
ORD01858,2024-06-30,CST0175,STR031,PRD0053,Tas Anyaman Pandan,Kerajinan & Souvenir,1,97700.0,10.0,9800.0,87900.0,Alfamart,delivered,Palembang
ORD02646,2023-09-22,CST0943,STR019,PRD0011,Kopi Arabika Toraja 250gr,Makanan & Minuman,3,82500.0,0.0,0.0,247500.0,LinkAja,delivered,Surabaya
ORD02244,2023-09-30,CST0383,STR019,PRD0040,Lilin Aromaterapi,Rumah Tangga,2,63900.0,15.0,19200.0,108600.0,GoPay,delivered,Surabaya
ORD02337,2023-01-29,CST0515,STR044,PRD0008,Sandal Kulit Handmade,Fashion & Pakaian,2,158400.0,0.0,0.0,316900.0,COD,delivered,Tangerang
ORD00951,2023-03-16,CST0166,STR008,PRD0053,Tas Anyaman Pandan,Kerajinan & Souvenir,1,105400.0,10.0,10500.0,94900.0,Transfer BCA,cancelled,Palembang
ORD03069,2024-11-16,CST0844,STR018,PRD0031,Casing HP Anti Crack,Elektronik & Aksesori,4,29700.0,10.0,11900.0,106800.0,ShopeePay,cancelled,
ORD01121,2024-10-06,CST0652,STR035,PRD0032,Charger Fast Charging,Elektronik & Aksesori,5,66600.0,0.0,0.0,333200.0,Dana,delivered,Surabaya
ORD02598,2023-07-11,CST0263,STR008,PRD0014,Madu Hutan Asli 500ml,Makanan & Minuman,4,181400.0,0.0,0.0,725700.0,ShopeePay,delivered,Palembang
ORD02205,2024-05-31,CST0746,STR038,PRD0027,Earphone Bluetooth TWS,Elektronik & Aksesori,1,153600.0,0.0,0.0,153600.0,GoPay,processing,Semarang
ORD00420,2023-09-17,CST0581,STR011,PRD0006,Jaket Bomber,Fashion & Pakaian,2,293200.0,20.0,117300.0,469200.0,Transfer BCA,processing,Bogor
ORD00923,2024-12-27,CST0460,STR019,PRD0018,Masker Wajah Clay BPOM,Kecantikan & Perawatan,1,57000.0,0.0,0.0,57000.0,ovo,returned,Surabaya
ORD01255,2023-01-06,CST0826,STR015,PRD0052,Gelang Batok Kelapa,Kerajinan & Souvenir,1,23900.0,5.0,1200.0,22700.0,Transfer Mandiri,returned,Jakarta
ORD00478,2023-09-17,CST0503,STR011,PRD0007,Sepatu Sneakers Lokal,Fashion & Pakaian,1,278000.0,10.0,27800.0,250200.0,GoPay,delivered,Bogor
ORD02036,2024-06-30,CST0597,STR033,PRD0044,Sepatu Anak Velcro,Perlengkapan Bayi & Anak,5,88200.0,5.0,22000.0,418800.0,Indomaret,returned,Depok
ORD01203,04/06/2024,CST0060,STR007,PRD0010,Sambal Bawang Homemade,Makanan & Minuman,4,34000.0,0.0,0.0,135800.0,Transfer BCA,delivered,Bogor
ORD02627,2024-07-03,CST0493,STR022,PRD0021,Sunscreen SPF50 Lokal,Kecantikan & Perawatan,1,97600.0,0.0,0.0,97600.0,indomaret,returned,Jakarta
ORD05402,2023-04-25,CST0471,STR037,PRD0020,Lip Cream Matte Halal,Kecantikan & Perawatan,10,50300.0,0.0,0.0,503400.0,Transfer BCA,delivered,Depok
ORD01971,2024-12-30,CST0160,STR022,PRD0005,Dress Casual Wanita,Fashion & Pakaian,2,173800.0,10.0,34800.0,312800.0,LinkAja,returned,Jakarta
ORD03111,2024-03-15,CST0451,STR009,PRD0052,Gelang Batok Kelapa,Kerajinan & Souvenir,5,26600.0,0.0,0.0,132900.0,Indomaret,processing,Medan
ORD04019,2023-07-06,CST0090,STR044,PRD0036,Gantungan Baju Kayu,Rumah Tangga,3,19700.0,0.0,0.0,59200.0,Alfamart,returned,Tangerang
ORD02152,2023-07-27,CST0787,STR037,PRD0023,Shampo Kemiri Organik,Kecantikan & Perawatan,1,80800.0,0.0,0.0,80800.0,COD,delivered,Depok
ORD03688,2023-10-12,CST0815,STR030,PRD0035,Lap Microfiber Set 3pcs,Rumah Tangga,1,34600.0,0.0,0.0,34600.0,Transfer BRI,returned,Surabaya
ORD01998,2024-03-24,CST0658,STR024,PRD0040,Lilin Aromaterapi,Rumah Tangga,5,59400.0,0.0,0.0,297000.0,Transfer Mandiri,cancelled,Bogor
ORD04034,2023-11-12,CST0028,STR022,PRD0036,Gantungan Baju Kayu,Rumah Tangga,5,18500.0,5.0,4600.0,88000.0,Indomaret,delivered,Jakarta
ORD05499,2024-05-22,CST0418,STR011,PRD0035,Lap Microfiber Set 3pcs,Rumah Tangga,2,29100.0,5.0,2900.0,55300.0,LinkAja,returned,
ORD03055,2024-10-29,CST0205,STR036,PRD0056,Topeng Kayu Dekorasi,Kerajinan & Souvenir,-2,100300.0,10.0,20100.0,180600.0,Indomaret,cancelled,Tangerang
ORD01249,2024-07-13,CST0465,STR042,PRD0018,Masker Wajah Clay BPOM,Kecantikan & Perawatan,3,52200.0,,7800.0,148700.0,GoPay,cancelled,Bogor
ORD02193,01/09/2023,CST0990,STR050,PRD0030,Mouse Wireless USB,Elektronik & Aksesori,1,97200.0,15.0,14600.0,82600.0,Indomaret,delivered,Medan
ORD02713,2023-07-07,CST0153,STR009,PRD0025,Powerbank 10000mAh,Elektronik & Aksesori,1,129200.0,20.0,25800.0,103400.0,Alfamart,delivered,Medan
ORD00993,2023-07-18,CST0975,STR011,PRD0046,Botol Susu Anti-Kolik,Perlengkapan Bayi & Anak,2,94900.0,15.0,28500.0,161300.0,Transfer BRI,delivered,Bogor
ORD02191,2024-08-13,CST0577,STR049,PRD0050,Botol Infuser Air,Olahraga & Outdoor,1,68200.0,0.0,0.0,68200.0,Indomaret,returned,Makassar
ORD04671,2024-11-24,CST0055,STR023,PRD0036,Gantungan Baju Kayu,Rumah Tangga,1,21400.0,10.0,2100.0,19200.0,GoPay,cancelled,Palembang
ORD03763,2024-12-16,CST0646,STR039,PRD0014,Madu Hutan Asli 500ml,Makanan & Minuman,3,169700.0,10.0,50900.0,458200.0,Transfer BRI,cancelled,Bandung
ORD03598,2023-10-05,CST0860,STR005,PRD0021,Sunscreen SPF50 Lokal,Kecantikan&Perawatan,5,88400.0,10.0,44200.0,398000.0,Indomaret,delivered,Medan
ORD01319,2024-06-03,CST0243,STR032,PRD0042,Mainan Edukasi Kayu,Perlengkapan Bayi & Anak,1,78400.0,0.0,0.0,78400.0,QRIS,cancelled,Bogor
ORD01864,22-01-2024,CST0356,STR047,PRD0003,Hijab Voal Motif,Fashion & Pakaian,1,60100.0,5.0,3000.0,57100.0,Transfer Mandiri,processing,Makassar
ORD02344,2023-08-27,CST0388,STR037,PRD0044,Sepatu Anak Velcro,Perlengkapan Bayi & Anak,2,94100.0,5.0,9400.0,178800.0,transfer mandiri,delivered,Depok
ORD02450,2024-06-06,CST0428,STR038,PRD0015,Dodol Garut Premium,Makanan & Minuman,3,47800.0,0.0,0.0,143300.0,COD,processing,Semarang
ORD02137,2023-08-18,CST0982,STR013,PRD0004,Celana Chino Pria,Fashion & Pakaian,1,169600.0,5.0,8500.0,161100.0,QRIS,cancelled,Depok
ORD01066,2023-07-31,CST0483,STR008,PRD0025,Powerbank 10000mAh,Elektronik & Aksesori,3,123900.0,20.0,74300.0,297300.0,Indomaret,delivered,Palembang
ORD01969,2023-11-22,CST0745,STR015,PRD0007,Sepatu Sneakers Lokal,Fashion & Pakaian,4,257000.0,0.0,0.0,1028100.0,OVO,delivered,Jakarta
ORD04228,2023-10-23,CST0476,STR024,PRD0003,Hijab Voal Motif,Fashion & Pakaian,3,56700.0,5.0,8500.0,161600.0,GoPay,cancelled,Bogor
ORD02622,2024-10-20,CST0239,STR028,PRD0014,Madu Hutan Asli 500ml,Makanan & Minuman,5,188200.0,20.0,188200.0,752900.0,Indomaret,delivered,Palembang
ORD00078,2024-09-27,CST0916,STR046,PRD0055,Gantungan Kunci Batik,Kerajinan & Souvenir,5,13600.0,15.0,10200.0,57900.0,GoPay,delivered,Medan
ORD02899,2023-08-01,CST0425,STR020,PRD0041,Baju Bayi Newborn Set,Perlengkapan Bayi & Anak,1,141900.0,0.0,0.0,141900.0,Indomaret,delivered,Bandung
ORD01315,2024-05-01,CST0795,STR020,PRD0047,Kaos Olahraga Dryfit,Olahraga & Outdoor,1,81600.0,0.0,0.0,81600.0,Transfer BCA,delivered,Bandung
ORD04900,2024-03-17,CST0356,STR047,PRD0024,Parfum Roll-On Halal,Kecantikan & Perawatan,3,45500.0,0.0,0.0,136400.0,Transfer BRI,delivered,Makassar
ORD00873,2024-06-21,CST0834,STR043,PRD0012,Teh Herbal Jahe Merah,Makanan & Minuman,1,44800.0,0.0,0.0,44800.0,LinkAja,returned,Surabaya
ORD03851,2024-11-28,CST0188,STR046,PRD0007,Sepatu Sneakers Lokal,Fashion & Pakaian,2,258500.0,10.0,51700.0,465400.0,ShopeePay,delivered,Medan
ORD05371,2023-09-11,CST0726,STR042,PRD0004,Celana Chino Pria,Fashion & Pakaian,1,161700.0,10.0,16200.0,145500.0,gopay,delivered,Bogor
ORD02966,2023-05-28,CST0330,STR014,PRD0007,Sepatu Sneakers Lokal,Fashion & Pakaian,1,268200.0,0.0,0.0,268200.0,Dana,delivered,Makassar
ORD03392,2023-09-28,CST0333,STR010,PRD0001,Batik Tulis Premium,Fashion & Pakaian,2,319000.0,0.0,0.0,638100.0,GoPay,delivered,
ORD02561,2023-12-14,CST0613,STR012,PRD0033,Tempat Makan Tupperware KW,Rumah Tangga,5,52900.0,10.0,26500.0,238200.0,Alfamart,returned,Depok
ORD05493,2024-04-15,CST0846,STR038,PRD0028,Holder HP Mobil,Elektronik & Aksesori,2,58700.0,0.0,0.0,117400.0,Alfamart,delivered,Semarang
ORD02636,2023-08-07,CST0516,STR039,PRD0003,Hijab Voal Motif,Fashion & Pakaian,5,58400.0,0.0,0.0,292200.0,Alfamart,cancelled,Bandung
ORD03531,2024-01-01,CST0310,STR036,PRD0037,Botol Minum Tumbler,Rumah Tangga,2,86900.0,20.0,34700.0,139000.0,Transfer Mandiri,delivered,Tangerang
ORD00376,22-04-2024,CST0383,STR019,PRD0048,Tali Skipping Premium,Olahraga & Outdoor,1,57900.0,5.0,2900.0,55000.0,LinkAja,returned,Surabaya
ORD01909,2024-05-17,CST0507,STR011,PRD0055,Gantungan Kunci Batik,Kerajinan & Souvenir,1,13000.0,10.0,1300.0,11700.0,COD,delivered,Bogor
ORD04430,2023-08-15,CST0331,STR023,PRD0028,Holder HP Mobil,Elektronik & Aksesori,1,64400.0,0.0,0.0,64400.0,Transfer BCA,delivered,Palembang
ORD04853,2024-12-20,CST0840,STR050,PRD0003,Hijab Voal Motif,Fashion & Pakaian,1,59000.0,,5900.0,53100.0,ShopeePay,delivered,Medan
ORD04909,2023-12-26,CST0834,STR033,PRD0027,Earphone Bluetooth TWS,Elektronik & Aksesori,5,138600.0,0.0,0.0,692800.0,ShopeePay,cancelled,Depok
ORD04028,2024-06-04,CST0354,STR009,PRD0051,Topi Running,Olahraga & Outdoor,1,53200.0,0.0,0.0,53200.0,QRIS,cancelled,Medan
ORD01605,2023-03-14,CST0398,STR032,PRD0001,Batik Tulis Premium,Fashion & Pakaian,2,292300.0,20.0,116900.0,467700.0,Transfer Mandiri,delivered,Bogor
ORD01119,2023-09-16,CST0092,STR010,PRD0013,Snack Box Mix,Makanan & Minuman,2,51000.0,0.0,0.0,102000.0,alfamart,delivered,Palembang
ORD03678,2024-12-30,CST0865,STR024,PRD0003,Hijab Voal Motif,Fashion & Pakaian,5,59600.0,0.0,0.0,297800.0,Transfer BCA,delivered,Bogor
ORD03491,2023-03-09,CST0788,STR019,PRD0049,Matras Yoga 6mm,Olahraga & Outdoor,1,147300.0,5.0,7400.0,139900.0,GoPay,returned,Surabaya
ORD05454,2023-12-13,CST0958,STR004,PRD0003,Hijab Voal Motif,Fashion & Pakaian,1,61200.0,,0.0,61200.0,qris,delivered,Jakarta
ORD02959,2024-11-01,CST0754,STR005,PRD0030,Mouse Wireless USB,Elektronik & Aksesori,2,87700.0,0.0,0.0,175300.0,COD,cancelled,Medan
ORD01995,2023-10-14,CST0466,STR039,PRD0011,Kopi Arabika Toraja 250gr,Makanan & Minuman,1,87100.0,5.0,4400.0,82700.0,COD,delivered,Bandung
ORD05208,2024-08-17,CST0564,STR029,PRD0015,Dodol Garut Premium,Makanan & Minuman,1,47200.0,0.0,0.0,47200.0,Transfer BRI,returned,Bandung
ORD04877,2024-01-12,CST0717,STR045,PRD0049,Matras Yoga 6mm,Olahraga & Outdoor,2,174600.0,0.0,0.0,349200.0,,cancelled,Bogor
ORD02377,2023-04-18,CST0491,STR039,PRD0056,Topeng Kayu Dekorasi,Kerajinan & Souvenir,3,117000.0,10.0,35100.0,315800.0,Transfer BRI,processing,Bandung
ORD01343,2024-06-11,CST0140,STR018,PRD0054,Lukisan Kanvas UMKM,Kerajinan & Souvenir,4,202300.0,5.0,40500.0,768700.0,GoPay,cancelled,Makassar
ORD00321,2024-11-13,CST0392,STR040,PRD0033,Tempat Makan Tupperware KW,Rumah Tangga,1,49600.0,15.0,7400.0,42200.0,Transfer BCA,cancelled,Tangerang
ORD01620,28-08-2023,CST0454,STR033,PRD0048,Tali Skipping Premium,Olahraga & Outdoor,1,50800.0,0.0,0.0,50800.0,Transfer BRI,returned,Depok
ORD03714,2023-07-09,CST0161,STR041,PRD0019,Sabun Sirih Herbal,Kecantikan & Perawatan,1,26100.0,10.0,2600.0,23500.0,gopay,delivered,Semarang
ORD02061,2024-02-06,CST0095,STR028,PRD0015,Dodol Garut Premium,Makanan & Minuman,1,45600.0,15.0,6800.0,38700.0,COD,processing,Palembang
ORD02220,2023-12-23,CST0872,STR040,PRD0008,Sandal Kulit Handmade,Fashion & Pakaian,2,165200.0,20.0,66100.0,264300.0,COD,cancelled,Tangerang
ORD01674,2023-07-11,CST0846,STR009,PRD0013,Snack Box Mix,Makanan & Minuman,4,51700.0,0.0,0.0,207000.0,Transfer BRI,processing,Medan
ORD00261,2023-04-01,CST0708,STR012,PRD0030,Mouse Wireless USB,Elektronik & Aksesori,2,98800.0,0.0,0.0,197600.0,GoPay,returned,Depok
ORD04956,2024-02-20,CST0460,STR046,PRD0046,Botol Susu Anti-Kolik,Perlengkapan Bayi & Anak,2,108700.0,0.0,0.0,217300.0,Transfer BRI,processing,Medan
ORD02040,2023-09-25,CST0403,STR050,PRD0004,Celana Chino Pria,Fashion & Pakaian,1,152900.0,0.0,0.0,152900.0,Transfer BRI,cancelled,Medan
ORD00902,2023-04-17,CST0690,STR028,PRD0055,Gantungan Kunci Batik,Kerajinan & Souvenir,1,12700.0,0.0,0.0,12700.0,LinkAja,processing,Palembang
ORD03745,2023-05-28,CST0820,STR029,PRD0036,Gantungan Baju Kayu,Rumah Tangga,2,22000.0,0.0,0.0,43900.0,Transfer BCA,delivered,Bandung
ORD02027,2023-06-25,CST0970,STR005,PRD0046,Botol Susu Anti-Kolik,Perlengkapan Bayi & Anak,1,100300.0,10.0,10000.0,90300.0,Transfer BRI,delivered,
ORD04235,2024-01-24,CST0594,STR025,PRD0053,Tas Anyaman Pandan,Kerajinan & Souvenir,3,99900.0,0.0,0.0,299800.0,GoPay,delivered,Tangerang
ORD01918,2023-09-02,CST0290,STR005,PRD0015,Dodol Garut Premium,Makanan & Minuman,3,44700.0,0.0,0.0,134200.0,Indomaret,processing,Medan
ORD01829,2024-01-06,CST0730,STR025,PRD0009,Keripik Tempe Renceng,Makanan & Minuman,3,15600.0,0.0,0.0,46700.0,OVO,delivered,Tangerang
ORD01574,2024-07-24,CST0082,STR034,PRD0011,Kopi Arabika Toraja 250gr,Makanan & Minuman,1,80800.0,0.0,0.0,80800.0,COD,delivered,Depok
ORD04416,2024-09-23,CST0394,STR013,PRD0056,Topeng Kayu Dekorasi,Kerajinan & Souvenir,2,108100.0,10.0,21600.0,194500.0,Transfer Mandiri,delivered,
ORD04928,2023-06-22,CST0303,STR008,PRD0029,Lampu LED Ring Light,Elektronik & Aksesori,2,189000.0,,0.0,378000.0,Alfamart,processing,Palembang
ORD04655,2024-06-17,CST0045,STR047,PRD0047,Kaos Olahraga Dryfit,Olahraga & Outdoor,3,83100.0,15.0,37400.0,212000.0,Indomaret,delivered,Makassar
ORD04209,2023-07-16,CST0649,STR020,PRD0047,Kaos Olahraga Dryfit,Olahraga & Outdoor,4,73100.0,10.0,29300.0,263300.0,QRIS,cancelled,Bandung
ORD04628,2023-12-06,CST0373,STR037,PRD0005,Dress Casual Wanita,Fashion & Pakaian,1,177700.0,10.0,17800.0,159900.0,Dana,processing,Depok
ORD00225,2023-05-03,CST0570,STR019,PRD0041,Baju Bayi Newborn Set,Perlengkapan Bayi & Anak,1,137200.0,0.0,0.0,137200.0,Indomaret,returned,Surabaya
ORD00724,2024-10-28,CST0286,STR030,PRD0014,Madu Hutan Asli 500ml,Makanan & Minuman,1,173300.0,0.0,0.0,173300.0,Transfer Mandiri,delivered,Surabaya
ORD05034,2023-11-07,CST0419,STR024,PRD0030,Mouse Wireless USB,Elektronik & Aksesori,3,92700.0,5.0,13900.0,264200.0,COD,returned,
ORD01142,2024-08-25,CST0577,STR009,PRD0044,Sepatu Anak Velcro,Perlengkapan Bayi & Anak,1,93600.0,10.0,9400.0,84200.0,COD,returned,Medan
ORD02763,2024-03-04,CST0414,STR031,PRD0056,Topeng Kayu Dekorasi,Kerajinan & Souvenir,1,107700.0,5.0,5400.0,102400.0,Dana,returned,Palembang
ORD00847,2024-03-15,CST0839,STR025,PRD0016,Rendang Kemasan Vacuum,Makanan & Minuman,10,131900.0,5.0,65900.0,1252700.0,LinkAja,delivered,Tangerang
ORD04290,2023-03-24,CST0347,STR039,PRD0005,Dress Casual Wanita,Fashion & Pakaian,1,176800.0,0.0,0.0,176800.0,OVO,delivered,Bandung
ORD02552,2023-03-21,CST0391,STR019,PRD0019,Sabun Sirih Herbal,Kecantikan & Perawatan,1,29000.0,15.0,4300.0,24600.0,Alfamart,returned,Surabaya
ORD02929,2024-07-03,CST0695,STR010,PRD0052,Gelang Batok Kelapa,Kerajinan & Souvenir,3,24200.0,10.0,7300.0,65300.0,Transfer Mandiri,delivered,Palembang
ORD00118,2023-05-07,CST0245,STR041,PRD0010,Sambal Bawang Homemade,Makanan & Minuman,1,35800.0,10.0,3600.0,32200.0,OVO,returned,Semarang
ORD00646,2024-01-04,CST0761,STR007,PRD0029,Lampu LED Ring Light,Elektronik & Aksesori,1,163600.0,0.0,0.0,163600.0,Transfer BCA,delivered,Bogor
ORD00004,2023-07-01,CST0469,STR005,PRD0021,Sunscreen SPF50 Lokal,Kecantikan & Perawatan,2,89500.0,10.0,17900.0,161100.0,,cancelled,Medan
ORD04171,2023-01-14,CST0312,STR002,PRD0050,Botol Infuser Air,Olahraga & Outdoor,2,60600.0,0.0,0.0,121300.0,Transfer Mandiri,delivered,Medan
ORD00468,2023-05-04,CST0882,STR040,PRD0021,Sunscreen SPF50 Lokal,Kecantikan & Perawatan,1,95400.0,10.0,9500.0,85900.0,,processing,Tangerang
ORD00006,2023-08-21,CST0082,STR041,PRD0019,Sabun Sirih Herbal,Kecantikan & Perawatan,4,26200.0,0.0,0.0,104900.0,LinkAja,delivered,Semarang
ORD00920,2024-12-12,CST0043,STR050,PRD0007,Sepatu Sneakers Lokal,Fashion & Pakaian,1,253300.0,0.0,0.0,253300.0,Indomaret,delivered,Medan
ORD02596,2023-03-28,CST0536,STR004,PRD0050,Botol Infuser Air,Olahraga & Outdoor,3,63100.0,0.0,0.0,189400.0,ShopeePay,delivered,Jakarta
ORD04325,2023-09-23,CST0755,STR027,PRD0056,Topeng Kayu Dekorasi,Kerajinan & Souvenir,1,111100.0,10.0,11100.0,99900.0,Transfer BRI,cancelled,Depok
ORD01064,2023-06-01,CST0039,STR022,PRD0046,Botol Susu Anti-Kolik,Perlengkapan Bayi & Anak,10,106500.0,10.0,106500.0,958300.0,dana,delivered,Jakarta
ORD02591,2023-05-31,CST0405,STR048,PRD0014,Madu Hutan Asli 500ml,Makanan & Minuman,1,185400.0,10.0,18500.0,166900.0,Alfamart,delivered,Surabaya
ORD00243,2023-07-14,CST0175,STR033,PRD0047,Kaos Olahraga Dryfit,Olahraga & Outdoor,1,74700.0,10.0,7500.0,67300.0,QRIS,delivered,Depok
ORD01161,2024-07-01,CST0590,STR044,PRD0006,Jaket Bomber,Fashion & Pakaian,2,308500.0,5.0,30900.0,586200.0,COD,delivered,Tangerang
ORD02871,2024-07-22,CST0768,STR039,PRD0042,Mainan Edukasi Kayu,Perlengkapan Bayi & Anak,2,76700.0,0.0,0.0,153500.0,Dana,delivered,Bandung
ORD03736,2023-01-23,CST0606,STR021,PRD0038,Talenan Kayu Jati,Rumah Tangga,1,95800.0,0.0,0.0,95800.0,,delivered,Depok
ORD02398,2023-12-22,CST0436,STR028,PRD0005,Dress Casual Wanita,Fashion & Pakaian,1,156700.0,10.0,15700.0,141000.0,Indomaret,cancelled,Palembang
ORD03518,2024-10-04,CST0079,STR025,PRD0012,Teh Herbal Jahe Merah,Makanan & Minuman,1,41400.0,0.0,0.0,41400.0,Transfer BRI,cancelled,Tangerang
ORD03422,2023-03-14,CST0255,STR003,PRD0011,Kopi Arabika Toraja 250gr,Makanan & Minuman,1,82000.0,0.0,0.0,82000.0,Transfer Mandiri,processing,Depok
ORD02564,2023-02-24,CST0126,STR009,PRD0039,Keranjang Rotan Mini,Rumah Tangga,3,129800.0,0.0,0.0,389300.0,Alfamart,cancelled,Medan
ORD01606,2023-07-07,CST0400,STR033,PRD0047,Kaos Olahraga Dryfit,Olahraga & Outdoor,2,744000.0,10.0,14900.0,133800.0,Indomaret,processing,Depok
ORD05413,2024-12-14,CST0292,STR042,PRD0002,Kaos Polos Cotton Combed,Fashion & Pakaian,1,47100.0,10.0,4700.0,42400.0,OVO,delivered,Bogor
ORD02325,2023-02-13,CST0709,STR044,PRD0054,Lukisan Kanvas UMKM,Kerajinan & Souvenir,1,197900.0,0.0,0.0,197900.0,QRIS,delivered,Tangerang
ORD02710,2024-08-10,CST0436,STR042,PRD0001,Batik Tulis Premium,Fashion & Pakaian,2,342200.0,0.0,0.0,684300.0,Transfer BCA,returned,Bogor
ORD04933,2023-04-04,CST0793,STR009,PRD0038,Talenan Kayu Jati,Rumah Tangga,3,91500.0,0.0,0.0,274400.0,OVO,cancelled,Medan
ORD01313,2023-11-27,CST0689,STR017,PRD0040,Lilin Aromaterapi,Rumah Tangga,1,63900.0,5.0,3200.0,60700.0,GoPay,delivered,Tangerang
ORD03449,2024-06-20,CST0359,STR044,PRD0047,Kaos Olahraga Dryfit,Olahraga & Outdoor,2,79700.0,15.0,23900.0,135500.0,COD,delivered,Tangerang
ORD03813,2024-04-02,CST0140,STR002,PRD0018,Masker Wajah Clay BPOM,Kecantikan & Perawatan,10,48600.0,10.0,48600.0,437300.0,Alfamart,cancelled,Medan
ORD05221,2023/09/26,CST0629,STR025,PRD0036,Gantungan Baju Kayu,Rumah Tangga,2,19900.0,5.0,2000.0,37900.0,Transfer Mandiri,delivered,Tangerang
ORD02363,2024-03-22,CST0741,STR028,PRD0039,Keranjang Rotan Mini,Rumah Tangga,1,113100.0,5.0,5700.0,107500.0,COD,cancelled,Palembang
ORD01976,2024-07-28,CST0331,STR001,PRD0055,Gantungan Kunci Batik,Kerajinan & Souvenir,4,12100.0,0.0,0.0,48500.0,Dana,processing,Surabaya
ORD03515,2023-11-29,CST0570,STR013,PRD0011,Kopi Arabika Toraja 250gr,Makanan & Minuman,2,81100.0,20.0,32500.0,129800.0,COD,returned,Depok
ORD01762,2024-07-11,CST0160,STR024,PRD0048,Tali Skipping Premium,Olahraga & Outdoor,1,51900.0,0.0,0.0,51900.0,COD,processing,Bogor
ORD02740,24/11/2024,CST0314,STR011,PRD0003,Hijab Voal Motif,Fashion & Pakaian,2,58400.0,5.0,5800.0,111000.0,OVO,delivered,Bogor
ORD01272,2023-10-14,CST0814,STR018,PRD0019,Sabun Sirih Herbal,Kecantikan&Perawatan,1,26800.0,0.0,0.0,26800.0,COD,returned,Makassar
ORD02473,2024-07-08,CST0431,STR030,PRD0055,Gantungan Kunci Batik,Kerajinan & Souvenir,3,13500.0,5.0,2000.0,38600.0,LinkAja,delivered,Surabaya
ORD04008,2024-03-12,CST0108,STR035,PRD0017,Skincare Serum Vit C Lokal,Kecantikan & Perawatan,10,104700.0,15.0,157000.0,889600.0,Alfamart,delivered,Surabaya
ORD04719,2024-05-21,CST0977,STR013,PRD0022,Body Lotion Bengkoang,Kecantikan & Perawatan,2,53300.0,0.0,0.0,106700.0,GoPay,processing,Depok
ORD01494,2024-04-07,CST0678,STR039,PRD0033,Tempat Makan Tupperware KW,Rumah Tangga,10,52700.0,0.0,0.0,526800.0,Transfer Mandiri,delivered,Bandung
ORD04207,2023-09-01,CST0360,STR010,PRD0012,Teh Herbal Jahe Merah,Makanan & Minuman,5,38000.0,15.0,28500.0,161500.0,QRIS,delivered,Palembang
ORD02159,2024-06-06,CST0568,STR014,PRD0028,Holder HP Mobil,Elektronik & Aksesori,1,63100.0,5.0,3200.0,60000.0,LinkAja,delivered,Makassar
ORD01170,2023-09-23,CST0977,STR032,PRD0011,Kopi Arabika Toraja 250gr,Makanan & Minuman,4,76900.0,10.0,30800.0,277000.0,Dana,returned,Bogor
ORD05067,2024-01-30,CST0627,STR027,PRD0040,Lilin Aromaterapi,Rumah Tangga,1,64800.0,5.0,3200.0,61500.0,Transfer BRI,cancelled,Depok
ORD00233,2023-03-14,CST0538,STR027,PRD0029,Lampu LED Ring Light,Elektronik & Aksesori,2,165300.0,5.0,16500.0,314100.0,Transfer Mandiri,delivered,Depok
ORD00067,2024-05-29,CST0552,STR024,PRD0054,Lukisan Kanvas UMKM,Kerajinan & Souvenir,3,181100.0,10.0,54300.0,488900.0,Transfer BRI,cancelled,Bogor
ORD01604,2024-02-09,CST0729,STR031,PRD0017,Skincare Serum Vit C Lokal,Kecantikan & Perawatan,1,113300.0,0.0,0.0,113300.0,Alfamart,delivered,Palembang
ORD03284,2023-01-17,CST0146,STR041,PRD0012,Teh Herbal Jahe Merah,Makanan & Minuman,10,44900.0,15.0,67400.0,381900.0,,returned,Semarang
ORD03597,2023-09-13,CST0141,STR014,PRD0043,Tas Sekolah Anak SD,Perlengkapan Bayi & Anak,2,115600.0,0.0,0.0,231100.0,LinkAja,cancelled,Makassar
ORD04633,2023-03-31,CST0800,STR009,PRD0022,Body Lotion Bengkoang,Kecantikan & Perawatan,1,51300.0,0.0,0.0,51300.0,Transfer BCA,delivered,Medan
ORD00126,2024-09-07,CST0769,STR017,PRD0028,Holder HP Mobil,Elektronik & Aksesori,2,56600.0,5.0,5700.0,107600.0,QRIS,processing,Tangerang
ORD01297,26-06-2023,CST0228,STR017,PRD0028,Holder HP Mobil,Elektronik & Aksesori,2,57000.0,0.0,0.0,114000.0,COD,cancelled,Tangerang
ORD01977,2024-08-05,CST0984,STR005,PRD0038,Talenan Kayu Jati,Rumah Tangga,3,81700.0,15.0,36800.0,208400.0,Transfer Mandiri,delivered,Medan
ORD05068,2023-04-19,CST0968,STR038,PRD0050,Botol Infuser Air,Olahraga & Outdoor,1,67300.0,20.0,13500.0,53800.0,Dana,cancelled,Semarang
ORD05030,2024-08-11,CST0277,STR015,PRD0008,Sandal Kulit Handmade,Fashion & Pakaian,4,146600.0,5.0,29300.0,556900.0,ShopeePay,processing,Jakarta
ORD02076,2023-12-06,CST0512,STR050,PRD0030,Mouse Wireless USB,Elektronik & Aksesori,3,87200.0,10.0,26200.0,235400.0,Alfamart,delivered,Medan
ORD04581,2023-11-17,CST0866,STR014,PRD0021,Sunscreen SPF50 Lokal,Kecantikan & Perawatan,1,92200.0,10.0,9200.0,83000.0,LinkAja,delivered,Makassar
ORD03087,2024-04-28,CST0173,STR009,PRD0036,Gantungan Baju Kayu,Rumah Tangga,1,19500.0,10.0,1900.0,17500.0,,delivered,Medan
ORD04867,2024-07-12,CST0624,STR033,PRD0032,Charger Fast Charging,Elektronik & Aksesori,2,75100.0,5.0,7500.0,142700.0,Indomaret,cancelled,Depok
ORD03346,2024-09-02,CST0746,STR039,PRD0028,Holder HP Mobil,Elektronik & Aksesori,1,65000.0,10.0,6500.0,58500.0,QRIS,processing,Bandung
ORD05010,2023-05-31,CST0523,STR029,PRD0030,Mouse Wireless USB,Elektronik & Aksesori,4,91600.0,0.0,0.0,366400.0,Transfer BCA,delivered,Bandung
ORD02798,2024-05-10,CST0660,STR028,PRD0045,Buku Mewarnai + Crayon,Perlengkapan Bayi & Anak,2,33100.0,5.0,3300.0,63000.0,Indomaret,delivered,Palembang
ORD00919,2024-12-16,CST0384,STR047,PRD0038,Talenan Kayu Jati,Rumah Tangga,5,87900.0,10.0,43900.0,395500.0,Transfer Mandiri,processing,Makassar
ORD01647,2023-04-27,CST0740,STR027,PRD0036,Gantungan Baju Kayu,Rumah Tangga,3,18700.0,5.0,2800.0,53400.0,GoPay,delivered,Depok
ORD04622,2023-02-01,CST0356,STR013,PRD0014,Madu Hutan Asli 500ml,Makanan & Minuman,3,168700.0,15.0,75900.0,430200.0,Transfer BCA,returned,Depok
ORD00365,2024-11-26,CST0123,STR006,PRD0013,Snack Box Mix,Makanan & Minuman,1,44800.0,10.0,4500.0,40300.0,Indomaret,delivered,Depok
ORD03288,2024-09-10,CST0334,STR040,PRD0056,Topeng Kayu Dekorasi,Kerajinan & Souvenir,3,119700.0,,18000.0,341100.0,QRIS,delivered,Tangerang
ORD02126,2023-08-14,CST0442,STR001,PRD0001,Batik Tulis Premium,Fashion & Pakaian,1,325200.0,20.0,65000.0,260200.0,Indomaret,delivered,Surabaya
ORD04124,01/04/2023,CST0776,STR012,PRD0015,Dodol Garut Premium,Makanan & Minuman,2,44200.0,0.0,0.0,88500.0,LinkAja,cancelled,Depok
ORD04570,2024-03-05,CST0049,STR045,PRD0007,Sepatu Sneakers Lokal,Fashion & Pakaian,1,254700.0,25.0,63700.0,191000.0,COD,returned,Bogor
ORD00526,2023-07-22,CST0206,STR039,PRD0027,Earphone Bluetooth TWS,Elektronik & Aksesori,4,136000.0,5.0,27200.0,516800.0,Transfer BRI,processing,Bandung
ORD04822,2023-03-12,CST0740,STR014,PRD0045,Buku Mewarnai + Crayon,Perlengkapan Bayi & Anak,1,32200.0,10.0,3200.0,28900.0,LinkAja,cancelled,Makassar
ORD00056,2023-10-19,CST0760,STR024,PRD0033,Tempat Makan Tupperware KW,Rumah Tangga,2,53300.0,25.0,26700.0,80000.0,LinkAja,delivered,Bogor
ORD00639,2024-04-07,CST0932,STR003,PRD0012,Teh Herbal Jahe Merah,Makanan & Minuman,4,41100.0,0.0,0.0,164400.0,Transfer BRI,returned,Depok
ORD00303,2024-02-26,CST0879,STR022,PRD0006,Jaket Bomber,Fashion & Pakaian,2,313300.0,15.0,94000.0,532700.0,Transfer Mandiri,returned,Jakarta
ORD02767,2024-02-16,CST0685,STR041,PRD0008,Sandal Kulit Handmade,Fashion & Pakaian,1,146300.0,,14600.0,131600.0,Dana,processing,Semarang
ORD01277,2024-06-07,CST0456,STR031,PRD0001,Batik Tulis Premium,Fashion & Pakaian,4,311000.0,5.0,62200.0,1181700.0,LinkAja,returned,Palembang
ORD04721,2024-03-20,CST0063,STR003,PRD0002,Kaos Polos Cotton Combed,Fashion & Pakaian,1,53200.0,5.0,2700.0,50600.0,QRIS,cancelled,Depok
ORD02056,2023-08-22,CST0446,STR041,PRD0014,Madu Hutan Asli 500ml,Makanan & Minuman,10,171500.0,0.0,0.0,1714700.0,LinkAja,delivered,Semarang
ORD04433,2023-01-23,CST0234,STR023,PRD0047,Kaos Olahraga Dryfit,Olahraga & Outdoor,2,80000.0,0.0,0.0,160000.0,Transfer Mandiri,delivered,Palembang
ORD03645,2024-01-25,CST0783,STR031,PRD0047,Kaos Olahraga Dryfit,Olahraga & Outdoor,1,78300.0,10.0,7800.0,70500.0,ShopeePay,returned,Palembang
ORD04144,2023-09-05,CST0558,STR042,PRD0049,Matras Yoga 6mm,Olahraga & Outdoor,10,171200.0,15.0,256800.0,1455200.0,Alfamart,delivered,Bogor
ORD02879,2024-09-16,CST0399,STR050,PRD0049,Matras Yoga 6mm,Olahraga & Outdoor,2,163200.0,0.0,0.0,326400.0,GoPay,delivered,Medan
ORD04203,14-03-2024,CST0872,STR007,PRD0026,Kabel Data Type-C 1m,Elektronik & Aksesori,2,44000.0,15.0,13200.0,74800.0,Indomaret,delivered,Bogor
ORD02287,2024-12-18,CST0838,STR029,PRD0003,Hijab Voal Motif,Fashion & Pakaian,4,68500.0,0.0,0.0,274100.0,Transfer BRI,delivered,Bandung
ORD02262,2023-04-11,CST0827,STR030,PRD0008,Sandal Kulit Handmade,Fashion & Pakaian,1,149800.0,,15000.0,134800.0,Alfamart,delivered,Surabaya
ORD02297,2024-10-27,CST0609,STR047,PRD0006,Jaket Bomber,Fashion & Pakaian,5,281500.0,0.0,0.0,1407600.0,Dana,processing,Makassar
ORD01754,2023-06-17,CST0580,STR020,PRD0055,Gantungan Kunci Batik,Kerajinan & Souvenir,1,13700.0,10.0,1400.0,12300.0,COD,delivered,Bandung
ORD01969,2023-11-22,CST0745,STR015,PRD0007,Sepatu Sneakers Lokal,Fashion & Pakaian,4,257000.0,0.0,0.0,1028100.0,OVO,delivered,Jakarta
ORD04873,2024-05-10,CST0636,STR005,PRD0030,Mouse Wireless USB,Elektronik & Aksesori,1,100100.0,0.0,0.0,100100.0,COD,returned,Medan
ORD03118,2024-05-16,CST0331,STR050,PRD0043,Tas Sekolah Anak SD,Perlengkapan Bayi & Anak,2,105600.0,5.0,10600.0,200600.0,Transfer BRI,delivered,Medan
ORD02394,2023-11-12,CST0934,STR006,PRD0032,Charger Fast Charging,Elektronik & Aksesori,3,78600.0,0.0,0.0,235700.0,COD,returned,Depok
ORD00524,2023-05-31,CST0269,STR027,PRD0052,Gelang Batok Kelapa,Kerajinan & Souvenir,3,25000.0,0.0,0.0,75000.0,COD,returned,Depok
ORD03901,2024-04-13,CST0957,STR010,PRD0051,Topi Running,Olahraga & Outdoor,1,46500.0,25.0,11600.0,34900.0,QRIS,delivered,Palembang
ORD05232,2024-02-26,CST0776,STR031,PRD0016,Rendang Kemasan Vacuum,Makanan & Minuman,5,124900.0,0.0,0.0,624300.0,Alfamart,returned,Palembang
ORD04700,2024-01-19,CST0203,STR038,PRD0024,Parfum Roll-On Halal,Kecantikan & Perawatan,5,43300.0,5.0,10800.0,205800.0,Transfer Mandiri,returned,Semarang
ORD03123,2024-02-28,CST0218,STR010,PRD0031,Casing HP Anti Crack,Elektronik & Aksesori,10,34400.0,,51600.0,292400.0,GoPay,delivered,Palembang
ORD04157,2024-06-23,CST0360,STR015,PRD0036,Gantungan Baju Kayu,Rumah Tangga,2,18800.0,0.0,0.0,37600.0,Alfamart,delivered,Jakarta
ORD01970,2023-02-20,CST0739,STR049,PRD0040,Lilin Aromaterapi,Rumah Tangga,1,69700.0,5.0,3500.0,66200.0,COD,delivered,Makassar
ORD00672,2024-03-01,CST0548,STR003,PRD0038,Talenan Kayu Jati,Rumah Tangga,1,95100.0,10.0,9500.0,85600.0,Transfer Mandiri,cancelled,Depok
ORD04189,2024-02-08,CST0152,STR042,PRD0033,Tempat Makan Tupperware KW,Rumah Tangga,2,56300.0,0.0,0.0,112500.0,COD,returned,Bogor
ORD00667,2023-06-12,CST0584,STR050,PRD0038,Talenan Kayu Jati,Rumah Tangga,2,95800.0,5.0,9600.0,182000.0,COD,processing,Medan
ORD04906,2024-02-29,CST0988,STR019,PRD0007,Sepatu Sneakers Lokal,Fashion & Pakaian,2,253700.0,0.0,0.0,507300.0,GoPay,delivered,Surabaya
ORD01888,2023-02-08,CST0876,STR020,PRD0047,Kaos Olahraga Dryfit,Olahraga & Outdoor,1,79100.0,0.0,0.0,79100.0,Transfer Mandiri,delivered,Bandung
ORD03267,2023-01-31,CST0314,STR009,PRD0042,Mainan Edukasi Kayu,Perlengkapan Bayi & Anak,3,72200.0,0.0,0.0,216700.0,COD,processing,Medan
ORD00281,2024-05-31,CST0617,STR007,PRD0027,Earphone Bluetooth TWS,Elektronik & Aksesori,1,148600.0,5.0,7400.0,141100.0,Alfamart,delivered,Bogor
ORD01720,2024-10-19,CST0319,STR038,PRD0004,Celana Chino Pria,Fashion & Pakaian,3,170400.0,5.0,25600.0,485700.0,OVO,delivered,Semarang
ORD02948,2024-08-11,CST0268,STR015,PRD0015,Dodol Garut Premium,Makanan & Minuman,2,42600.0,0.0,0.0,85100.0,Transfer Mandiri,delivered,Jakarta
ORD04456,2024-02-05,CST0841,STR020,PRD0007,Sepatu Sneakers Lokal,Fashion & Pakaian,3,267600.0,0.0,0.0,802800.0,COD,delivered,Bandung
ORD00900,2024-09-11,CST0730,STR009,PRD0052,Gelang Batok Kelapa,Kerajinan & Souvenir,1,24900.0,0.0,0.0,24900.0,Dana,processing,Medan
ORD05438,2023-04-20,CST0769,STR045,PRD0029,Lampu LED Ring Light,Elektronik & Aksesori,4,183500.0,5.0,36700.0,697200.0,Indomaret,returned,Bogor
ORD00761,2024-08-12,CST0560,STR018,PRD0039,Keranjang Rotan Mini,Rumah Tangga,3,120900.0,10.0,36300.0,326300.0,,processing,Makassar
ORD01907,19/06/2023,CST0985,STR017,PRD0041,Baju Bayi Newborn Set,Perlengkapan Bayi & Anak,4,130100.0,0.0,0.0,520500.0,QRIS,delivered,Tangerang
ORD04043,2023-03-19,CST0122,STR026,PRD0016,Rendang Kemasan Vacuum,Makanan & Minuman,3,133900.0,0.0,0.0,401700.0,Indomaret,delivered,Bandung
ORD03824,2023-04-09,CST0322,STR017,PRD0036,Gantungan Baju Kayu,Rumah Tangga,1,19700.0,15.0,3000.0,16700.0,Dana,cancelled,Tangerang
ORD04139,2024-04-16,CST0846,STR008,PRD0044,Sepatu Anak Velcro,Perlengkapan Bayi & Anak,1,97400.0,0.0,0.0,97400.0,ShopeePay,delivered,Palembang
ORD03819,2024-01-24,CST0063,STR038,PRD0047,Kaos Olahraga Dryfit,Olahraga & Outdoor,3,77300.0,15.0,34800.0,197200.0,QRIS,delivered,Semarang
ORD04301,2023-12-03,CST0217,STR033,PRD0038,Talenan Kayu Jati,Rumah Tangga,3,84300.0,5.0,12600.0,240200.0,LinkAja,delivered,Depok
ORD02594,2024-05-19,CST0854,STR050,PRD0048,Tali Skipping Premium,Olahraga & Outdoor,5,57100.0,10.0,28600.0,257100.0,OVO,processing,Medan
ORD04165,2024-04-19,CST0971,STR003,PRD0017,Skincare Serum Vit C Lokal,Kecantikan & Perawatan,5,103000.0,0.0,0.0,515000.0,Transfer Mandiri,processing,Depok
ORD03032,2024-06-06,CST0644,STR017,PRD0035,Lap Microfiber Set 3pcs,Rumah Tangga,4,30700.0,10.0,12300.0,110700.0,Transfer Mandiri,cancelled,Tangerang
ORD03580,2024-06-15,CST0738,STR032,PRD0044,Sepatu Anak Velcro,Perlengkapan Bayi & Anak,1,88600.0,0.0,0.0,88600.0,GoPay,delivered,Bogor
ORD02833,2023-12-22,CST0961,STR008,PRD0052,Gelang Batok Kelapa,Kerajinan & Souvenir,2,27000.0,0.0,0.0,54000.0,Transfer Mandiri,delivered,Palembang
ORD03473,2024-06-19,CST0123,STR034,PRD0014,Madu Hutan Asli 500ml,Makanan & Minuman,3,165800.0,5.0,24900.0,472600.0,Alfamart,delivered,Depok
ORD00138,2024-07-30,CST0123,STR045,PRD0007,Sepatu Sneakers Lokal,Fashion & Pakaian,2,285500.0,5.0,28500.0,542400.0,,returned,Bogor
ORD02181,2023-08-24,CST0614,STR002,PRD0016,Rendang Kemasan Vacuum,Makanan & Minuman,3,127200.0,25.0,95400.0,286100.0,QRIS,processing,Medan
ORD02129,2024-08-02,CST0161,STR044,PRD0046,Botol Susu Anti-Kolik,Perlengkapan Bayi & Anak,2,96700.0,5.0,9700.0,183700.0,Dana,cancelled,Tangerang
ORD03178,2024-06-27,CST0709,STR029,PRD0037,Botol Minum Tumbler,Rumah Tangga,1,88300.0,0.0,0.0,88300.0,Transfer BCA,processing,
ORD04855,2023-04-01,CST0617,STR028,PRD0041,Baju Bayi Newborn Set,Perlengkapan Bayi & Anak,4,144800.0,0.0,0.0,579000.0,Indomaret,delivered,Palembang
ORD04638,11/03/2023,CST0155,STR009,PRD0029,Lampu LED Ring Light,Elektronik & Aksesori,3,185100.0,0.0,0.0,555300.0,Dana,delivered,Medan
ORD05462,2024-10-28,CST0310,STR038,PRD0013,Snack Box Mix,Makanan & Minuman,1,50000.0,20.0,10000.0,40000.0,LinkAja,returned,Semarang
ORD04262,2023-02-04,CST0874,STR006,PRD0042,Mainan Edukasi Kayu,Perlengkapan Bayi & Anak,2,78500.0,5.0,7800.0,149100.0,COD,delivered,Depok
ORD04345,2024-09-02,CST0627,STR035,PRD0002,Kaos Polos Cotton Combed,Fashion & Pakaian,1,45100.0,10.0,4500.0,40600.0,QRIS,returned,Surabaya
ORD01332,2024-02-12,CST0017,STR042,PRD0001,Batik Tulis Premium,Fashion & Pakaian,5,324200.0,0.0,0.0,1621000.0,ShopeePay,delivered,Bogor
ORD02018,2023-01-07,CST0320,STR027,PRD0024,Parfum Roll-On Halal,Kecantikan & Perawatan,5,41800.0,,52300.0,156900.0,Transfer BRI,delivered,Depok
ORD04543,2024-10-25,CST0607,STR050,PRD0035,Lap Microfiber Set 3pcs,Rumah Tangga,4,30500.0,25.0,30500.0,91600.0,ShopeePay,returned,Medan
ORD02483,2024-05-30,CST0147,STR025,PRD0008,Sandal Kulit Handmade,Fashion & Pakaian,1,155500.0,0.0,0.0,155500.0,Alfamart,delivered,Tangerang
ORD01359,2024-11-03,CST0151,STR034,PRD0044,Sepatu Anak Velcro,Perlengkapan Bayi & Anak,1,91000.0,,4500.0,86400.0,Indomaret,delivered,Depok
ORD01330,2024-05-15,CST0014,STR024,PRD0015,Dodol Garut Premium,Makanan & Minuman,3,49400.0,0.0,0.0,148100.0,QRIS,delivered,Bogor
ORD00814,2023-11-22,CST0919,STR022,PRD0029,Lampu LED Ring Light,Elektronik & Aksesori,5,169900.0,0.0,0.0,849500.0,Alfamart,processing,Jakarta
ORD02151,2023-04-02,CST0454,STR009,PRD0051,Topi Running,Olahraga & Outdoor,5,53900.0,0.0,0.0,269500.0,Alfamart,delivered,Medan
ORD04531,2023-01-05,CST0190,STR035,PRD0038,Talenan Kayu Jati,Rumah Tangga,3,87400.0,,52500.0,209900.0,ShopeePay,processing,Surabaya
ORD02123,2024-12-17,CST0948,STR004,PRD0011,Kopi Arabika Toraja 250gr,Makanan & Minuman,1,83700.0,0.0,0.0,83700.0,Indomaret,delivered,Jakarta
ORD04674,2023-01-27,CST0983,STR001,PRD0020,Lip Cream Matte Halal,Kecantikan & Perawatan,2,43000.0,5.0,4300.0,81600.0,,cancelled,Surabaya
ORD03982,2024-10-03,CST0544,STR007,PRD0025,Powerbank 10000mAh,Elektronik & Aksesori,3,128400.0,0.0,0.0,385200.0,ShopeePay,delivered,Bogor
ORD01253,2024-08-03,CST0346,STR007,PRD0043,Tas Sekolah Anak SD,Perlengkapan Bayi & Anak,3,104200.0,5.0,15600.0,297100.0,Transfer BRI,delivered,Bogor
ORD03279,2024-04-07,CST0235,STR045,PRD0048,Tali Skipping Premium,Olahraga & Outdoor,2,59500.0,10.0,11900.0,107100.0,ShopeePay,returned,Bogor
ORD03375,2023-12-25,CST0154,STR040,PRD0002,Kaos Polos Cotton Combed,Fashion & Pakaian,2,47400.0,15.0,14200.0,80500.0,LinkAja,delivered,Tangerang
ORD02815,2023-12-18,CST0145,STR013,PRD0001,Batik Tulis Premium,Fashion & Pakaian,1,321600.0,10.0,32200.0,289400.0,Indomaret,processing,Depok
ORD04720,2024-12-16,CST0289,STR044,PRD0053,Tas Anyaman Pandan,Kerajinan & Souvenir,2,96800.0,5.0,9700.0,184000.0,Transfer Mandiri,delivered,Tangerang
ORD01849,2023-12-23,CST0649,STR022,PRD0054,Lukisan Kanvas UMKM,Kerajinan & Souvenir,1,189000.0,25.0,47200.0,141700.0,Transfer Mandiri,delivered,Jakarta
ORD04859,20-07-2024,CST0024,STR014,PRD0025,Powerbank 10000mAh,Elektronik & Aksesori,5,121200.0,20.0,121200.0,484800.0,OVO,delivered,Makassar
ORD03038,2024-03-19,CST0099,STR009,PRD0035,Lap Microfiber Set 3pcs,Rumah Tangga,4,32800.0,,13100.0,118100.0,Dana,delivered,Medan
ORD00389,2024-08-04,CST0266,STR013,PRD0006,Jaket Bomber,Fashion & Pakaian,2,299700.0,0.0,0.0,599500.0,Transfer Mandiri,returned,Depok
ORD00236,2024-05-04,CST0715,STR037,PRD0034,Sapu Lantai Ijuk,Rumah Tangga,2,27500.0,15.0,8200.0,46700.0,OVO,returned,Depok
ORD01078,2023-03-24,CST0380,STR038,PRD0007,Sepatu Sneakers Lokal,Fashion & Pakaian,1,249200.0,20.0,49800.0,199300.0,ShopeePay,processing,Semarang
ORD01985,2024-08-17,CST0043,STR033,PRD0056,Topeng Kayu Dekorasi,Kerajinan & Souvenir,1,113400.0,0.0,0.0,113400.0,GoPay,delivered,Depok
ORD04364,2023-03-18,CST0949,STR027,PRD0025,Powerbank 10000mAh,Elektronik & Aksesori,5,119900.0,15.0,89900.0,509500.0,QRIS,processing,
ORD03963,2024-11-14,CST0729,STR049,PRD0037,Botol Minum Tumbler,Rumah Tangga,3,86800.0,10.0,26000.0,234400.0,ShopeePay,processing,Makassar
ORD00771,2023-10-08,CST0278,STR023,PRD0006,Jaket Bomber,Fashion & Pakaian,10,316300.0,5.0,158100.0,3004600.0,ShopeePay,cancelled,Palembang
ORD02166,2024-03-24,CST0504,STR002,PRD0002,Kaos Polos Cotton Combed,Fashion & Pakaian,1,48700.0,,7300.0,41400.0,COD,delivered,Medan
ORD04534,2024-08-10,CST0280,STR001,PRD0037,Botol Minum Tumbler,Rumah Tangga,3,83200.0,0.0,0.0,249600.0,GoPay,delivered,Surabaya
ORD00674,2023-06-11,CST0295,STR004,PRD0056,Topeng Kayu Dekorasi,Kerajinan & Souvenir,1,112500.0,0.0,0.0,112500.0,OVO,processing,Jakarta
ORD00250,2023-04-10,CST0198,STR001,PRD0027,Earphone Bluetooth TWS,Elektronik & Aksesori,2,138400.0,5.0,13800.0,263000.0,OVO,delivered,Surabaya
ORD01575,2023-01-05,CST0294,STR032,PRD0043,Tas Sekolah Anak SD,Perlengkapan Bayi & Anak,1,109600.0,15.0,16400.0,93200.0,QRIS,returned,Bogor
ORD03420,2023-01-15,CST0032,STR048,PRD0006,Jaket Bomber,Fashion & Pakaian,4,289500.0,5.0,57900.0,1100200.0,COD,processing,Surabaya
ORD02082,2024-09-13,CST0580,STR049,PRD0034,Sapu Lantai Ijuk,Rumah Tangga,10,24500.0,,0.0,245400.0,Indomaret,delivered,Makassar
ORD01824,2024-07-04,CST0783,STR003,PRD0013,Snack Box Mix,Makanan & Minuman,1,47000.0,0.0,0.0,47000.0,OVO,cancelled,Depok
ORD05194,2023-12-22,CST0540,STR045,PRD0037,Botol Minum Tumbler,Rumah Tangga,2,92300.0,5.0,9200.0,175300.0,QRIS,delivered,Bogor
ORD04545,2023-06-05,CST0017,STR020,PRD0019,Sabun Sirih Herbal,Kecantikan & Perawatan,5,25000.0,10.0,12500.0,112400.0,COD,delivered,Bandung
ORD00717,2023-06-29,CST0874,STR029,PRD0025,Powerbank 10000mAh,Elektronik & Aksesori,1,130600.0,5.0,6500.0,124100.0,Transfer BRI,returned,Bandung
ORD05003,2024-06-06,CST0940,STR019,PRD0033,Tempat Makan Tupperware KW,Rumah Tangga,1,54000.0,10.0,5400.0,48600.0,Transfer BCA,delivered,Surabaya
ORD05239,2024-09-27,CST0998,STR035,PRD0018,Masker Wajah Clay BPOM,Kecantikan & Perawatan,1,49500.0,0.0,0.0,49500.0,GoPay,delivered,Surabaya
ORD02049,2023-10-24,CST0387,STR031,PRD0037,Botol Minum Tumbler,Rumah Tangga,3,80600.0,0.0,0.0,241800.0,dana,returned,Palembang
ORD04179,2023-05-12,CST0999,STR029,PRD0034,Sapu Lantai Ijuk,Rumah Tangga,4,24000.0,5.0,4800.0,91300.0,OVO,delivered,Bandung
ORD04810,2023-08-20,CST0603,STR017,PRD0052,Gelang Batok Kelapa,Kerajinan & Souvenir,4,25000.0,0.0,0.0,99800.0,Alfamart,delivered,Tangerang
ORD02725,2023-05-20,CST0316,STR008,PRD0031,Casing HP Anti Crack,Elektronik & Aksesori,1,30500.0,5.0,1500.0,29000.0,OVO,delivered,Palembang
ORD05072,2023-03-25,CST0189,STR006,PRD0014,Madu Hutan Asli 500ml,Makanan & Minuman,4,181400.0,0.0,0.0,725800.0,Indomaret,processing,Depok
ORD01461,2024-07-07,CST0353,STR048,PRD0031,Casing HP Anti Crack,Elektronik & Aksesori,1,28900.0,,4300.0,24600.0,ShopeePay,processing,Surabaya
ORD01669,2023-08-04,CST0340,STR007,PRD0026,Kabel Data Type-C 1m,Elektronik & Aksesori,1,38500.0,,0.0,38500.0,COD,delivered,Bogor
ORD02757,2023-01-22,CST0582,STR038,PRD0007,Sepatu Sneakers Lokal,Fashion & Pakaian,4,248000.0,0.0,0.0,992100.0,Indomaret,cancelled,Semarang
ORD02001,2024-06-12,CST0643,STR004,PRD0032,Charger Fast Charging,Elektronik & Aksesori,3,75600.0,0.0,0.0,226700.0,,delivered,Jakarta
ORD04572,2024-02-12,CST0020,STR017,PRD0043,Tas Sekolah Anak SD,Perlengkapan Bayi & Anak,4,105600.0,0.0,0.0,422400.0,Indomaret,processing,Tangerang
ORD04614,2023-02-09,CST0586,STR014,PRD0047,Kaos Olahraga Dryfit,Olahraga & Outdoor,1,81700.0,0.0,0.0,81700.0,Alfamart,delivered,Makassar
ORD00405,2024-12-04,CST0417,STR007,PRD0035,Lap Microfiber Set 3pcs,Rumah Tangga,2,31600.0,0.0,0.0,63200.0,ShopeePay,delivered,Bogor
ORD00385,2023-01-28,CST0148,STR030,PRD0048,Tali Skipping Premium,Olahraga & Outdoor,3,57500.0,0.0,0.0,172400.0,Transfer BRI,delivered,Surabaya
ORD05041,2023-04-15,CST0528,STR028,PRD0031,Casing HP Anti Crack,Elektronik & Aksesori,3,30800.0,15.0,13900.0,78600.0,COD,cancelled,Palembang
ORD02153,2024-04-20,CST0393,STR016,PRD0017,Skincare Serum Vit C Lokal,Kecantikan & Perawatan,1,115000.0,15.0,17200.0,97700.0,Dana,processing,Medan
ORD01634,2024-02-07,CST0484,STR003,PRD0007,Sepatu Sneakers Lokal,Fashion & Pakaian,-1,253200.0,10.0,25300.0,227800.0,LinkAja,returned,Depok
ORD05142,2024-02-28,CST0428,STR030,PRD0008,Sandal Kulit Handmade,Fashion & Pakaian,2,160600.0,5.0,16100.0,305100.0,,cancelled,Surabaya
ORD04785,2024-02-21,CST0951,STR010,PRD0028,Holder HP Mobil,Elektronik & Aksesori,1,63900.0,25.0,16000.0,47900.0,Transfer BRI,returned,Palembang
ORD03926,2024-09-04,CST0465,STR045,PRD0043,Tas Sekolah Anak SD,Perlengkapan Bayi & Anak,1,104600.0,10.0,10500.0,94100.0,GoPay,delivered,Bogor
ORD04159,04/12/2024,CST0768,STR014,PRD0035,Lap Microfiber Set 3pcs,Rumah Tangga,1,34100.0,0.0,0.0,34100.0,Indomaret,cancelled,Makassar
ORD00224,2024-11-03,CST0065,STR001,PRD0051,Topi Running,Olahraga & Outdoor,4,46900.0,5.0,9400.0,178400.0,OVO,processing,Surabaya
ORD02194,2024-02-04,CST0342,STR023,PRD0056,Topeng Kayu Dekorasi,Kerajinan & Souvenir,1,112400.0,10.0,11200.0,101100.0,QRIS,delivered,Palembang
ORD03137,2024-04-08,CST0223,STR022,PRD0011,Kopi Arabika Toraja 250gr,Makanan & Minuman,1,80200.0,0.0,0.0,80200.0,,returned,Jakarta
ORD04470,2024-05-18,CST0945,STR016,PRD0050,Botol Infuser Air,Olahraga & Outdoor,4,57400.0,0.0,0.0,229500.0,Transfer BRI,delivered,Medan
ORD01825,2024-07-17,CST0008,STR007,PRD0037,Botol Minum Tumbler,Rumah Tangga,10,76400.0,0.0,0.0,764500.0,LinkAja,cancelled,Bogor
ORD05157,2024-08-06,CST0235,STR044,PRD0042,Mainan Edukasi Kayu,Perlengkapan Bayi & Anak,1,83500.0,20.0,16700.0,66800.0,Transfer BRI,processing,Tangerang
ORD00798,2023-01-01,CST0087,STR019,PRD0023,Shampo Kemiri Organik,Kecantikan & Perawatan,1,67900.0,20.0,13600.0,54300.0,LinkAja,processing,Surabaya
ORD02872,2024-03-31,CST0567,STR049,PRD0015,Dodol Garut Premium,Makanan & Minuman,3,44500.0,15.0,20000.0,113500.0,ShopeePay,delivered,Makassar
ORD00010,2024-01-18,CST0932,STR002,PRD0035,Lap Microfiber Set 3pcs,Rumah Tangga,1,34500.0,5.0,1700.0,32800.0,ShopeePay,delivered,Medan
ORD01945,2023-07-28,CST0827,STR034,PRD0033,Tempat Makan Tupperware KW,Rumah Tangga,3,51800.0,,15500.0,139700.0,LinkAja,delivered,Depok
ORD01839,2024-01-31,CST0733,STR050,PRD0037,Botol Minum Tumbler,Rumah Tangga,2,80100.0,15.0,24000.0,136200.0,Transfer BRI,processing,Medan
ORD04805,2023-01-18,CST0297,STR042,PRD0030,Mouse Wireless USB,Elektronik & Aksesori,1,92500.0,0.0,0.0,92500.0,Transfer BRI,delivered,Bogor
ORD00256,2023-05-17,CST0184,STR026,PRD0035,Lap Microfiber Set 3pcs,Rumah Tangga,1,34300.0,10.0,3400.0,30900.0,,delivered,Bandung
ORD04486,2024-05-18,CST0653,STR042,PRD0004,Celana Chino Pria,Fashion & Pakaian,3,171000.0,0.0,0.0,513100.0,QRIS,returned,Bogor
ORD05492,2023-07-15,CST0565,STR043,PRD0047,Kaos Olahraga Dryfit,Olahraga & Outdoor,5,81600.0,25.0,102000.0,306100.0,Indomaret,delivered,Surabaya
ORD01582,2024-04-10,CST0292,STR020,PRD0054,Lukisan Kanvas UMKM,Kerajinan & Souvenir,5,195700.0,0.0,0.0,978300.0,,delivered,Bandung
ORD02957,2023-04-09,CST0452,STR037,PRD0045,Buku Mewarnai + Crayon,Perlengkapan Bayi & Anak,2,29500.0,20.0,11800.0,47100.0,QRIS,delivered,Depok
ORD00925,2023-08-13,CST0949,STR016,PRD0032,Charger Fast Charging,Elektronik & Aksesori,1,76600.0,25.0,19200.0,57500.0,QRIS,delivered,Medan
ORD04972,2023-11-11,CST0198,STR002,PRD0043,Tas Sekolah Anak SD,Perlengkapan Bayi & Anak,1,105800.0,0.0,0.0,105800.0,Dana,cancelled,Medan
ORD02509,2023-07-07,CST0070,STR040,PRD0041,Baju Bayi Newborn Set,Perlengkapan Bayi & Anak,3,121900.0,0.0,0.0,365800.0,Transfer BCA,delivered,
ORD03776,2024-01-19,CST0278,STR027,PRD0045,Buku Mewarnai + Crayon,Perlengkapan Bayi & Anak,1,32600.0,15.0,4900.0,27700.0,GoPay,delivered,Depok
ORD04836,2024-04-13,CST0400,STR032,PRD0049,Matras Yoga 6mm,Olahraga & Outdoor,1,1700000.0,0.0,0.0,170000.0,Transfer Mandiri,delivered,Bogor
ORD04137,2024-11-24,CST0381,STR001,PRD0044,Sepatu Anak Velcro,Perlengkapan Bayi & Anak,3,87500.0,0.0,0.0,262500.0,COD,cancelled,Surabaya
ORD04965,2024-08-07,CST0379,STR031,PRD0032,Charger Fast Charging,Elektronik & Aksesori,5,77500.0,0.0,0.0,387700.0,COD,delivered,Palembang
ORD02780,2024-02-02,CST0212,STR026,PRD0028,Holder HP Mobil,Elektronik & Aksesori,2,57000.0,15.0,17100.0,97000.0,Alfamart,delivered,Bandung
ORD00540,2024-03-02,CST0850,STR021,PRD0033,Tempat Makan Tupperware KW,Rumah Tangga,4,49600.0,0.0,0.0,198200.0,Alfamart,cancelled,Depok
ORD02746,2024-07-20,CST0466,STR008,PRD0031,Casing HP Anti Crack,Elektronik & Aksesori,2,34000.0,10.0,6800.0,61200.0,Indomaret,delivered,Palembang
ORD05047,2024-08-11,CST0487,STR023,PRD0003,Hijab Voal Motif,Fashion & Pakaian,4,61500.0,0.0,0.0,246000.0,Transfer BCA,returned,Palembang
ORD05126,2023-08-24,CST0182,STR013,PRD0035,Lap Microfiber Set 3pcs,Rumah Tangga,2,32300.0,5.0,3200.0,61400.0,Transfer Mandiri,delivered,Depok
ORD01146,2024-11-04,CST0639,STR013,PRD0041,Baju Bayi Newborn Set,Perlengkapan Bayi & Anak,1,123600.0,0.0,0.0,123600.0,COD,delivered,Depok
ORD04469,2024-06-11,CST0943,STR021,PRD0017,Skincare Serum Vit C Lokal,Kecantikan & Perawatan,3,106700.0,0.0,0.0,320200.0,COD,delivered,Depok
ORD00668,2024-12-02,CST0857,STR036,PRD0033,Tempat Makan Tupperware KW,Rumah Tangga,2,50100.0,25.0,25100.0,75200.0,Transfer Mandiri,delivered,Tangerang
ORD03020,2023-05-09,CST0010,STR009,PRD0035,Lap Microfiber Set 3pcs,Rumah Tangga,1,34600.0,20.0,6900.0,27700.0,Alfamart,delivered,Medan
ORD00358,2023-04-12,CST0603,STR023,PRD0044,Sepatu Anak Velcro,Perlengkapan Bayi & Anak,5,102800.0,15.0,77100.0,436900.0,Transfer Mandiri,delivered,Palembang
ORD02832,2024-09-01,CST0792,STR025,PRD0047,Kaos Olahraga Dryfit,Olahraga & Outdoor,3,75800.0,15.0,34100.0,193300.0,OVO,returned,Tangerang
ORD02784,2023-06-17,CST0546,STR019,PRD0043,Tas Sekolah Anak SD,Perlengkapan Bayi & Anak,2,114500.0,15.0,34300.0,194600.0,OVO,delivered,Surabaya
ORD01354,2023-09-21,CST0838,STR022,PRD0025,Powerbank 10000mAh,Elektronik & Aksesori,3,137600.0,0.0,0.0,412900.0,Transfer BRI,delivered,Jakarta
ORD00471,2023-04-03,CST0701,STR033,PRD0040,Lilin Aromaterapi,Rumah Tangga,3,69300.0,10.0,20800.0,187100.0,Transfer BRI,processing,Depok
ORD02704,2023-05-09,CST0048,STR020,PRD0002,Kaos Polos Cotton Combed,Fashion & Pakaian,1,44800.0,0.0,0.0,44800.0,QRIS,cancelled,Bandung
ORD03331,2023-12-21,CST0868,STR018,PRD0015,Dodol Garut Premium,Makanan & Minuman,2,41700.0,10.0,8300.0,75000.0,OVO,delivered,Makassar
ORD03638,2023-07-30,CST0694,STR011,PRD0006,Jaket Bomber,Fashion & Pakaian,5,297500.0,0.0,0.0,1487400.0,Transfer Mandiri,delivered,Bogor
ORD01397,2024-06-18,CST0263,STR049,PRD0014,Madu Hutan Asli 500ml,Makanan & Minuman,1,166500.0,0.0,0.0,166500.0,Transfer BCA,processing,Makassar
ORD03585,2023-06-28,CST0560,STR022,PRD0011,Kopi Arabika Toraja 250gr,Makanan & Minuman,1,83100.0,20.0,16600.0,66500.0,OVO,delivered,Jakarta
ORD05035,2023-08-31,CST0052,STR030,PRD0052,Gelang Batok Kelapa,Kerajinan & Souvenir,10,24200.0,15.0,36300.0,205400.0,Transfer BCA,delivered,Surabaya
ORD03377,2023-06-02,CST0277,STR007,PRD0026,Kabel Data Type-C 1m,Elektronik & Aksesori,1,42800.0,0.0,0.0,42800.0,Alfamart,cancelled,Bogor
ORD01257,2024-06-10,CST0746,STR009,PRD0025,Powerbank 10000mAh,Elektronik & Aksesori,2,137600.0,10.0,27500.0,247600.0,OVO,cancelled,Medan
ORD03513,2024-10-29,CST0263,STR037,PRD0015,Dodol Garut Premium,makanan & minuman,5,41900.0,0.0,0.0,209400.0,ShopeePay,processing,Depok
ORD01251,2023-05-28,CST0940,STR010,PRD0028,Holder HP Mobil,Elektronik & Aksesori,4,64900.0,0.0,0.0,259700.0,Dana,delivered,Palembang
ORD02948,2024-08-11,CST0268,STR015,PRD0015,Dodol Garut Premium,Makanan & Minuman,2,42600.0,0.0,0.0,85100.0,Transfer Mandiri,delivered,Jakarta
ORD04299,2023-02-20,CST0727,STR025,PRD0009,Keripik Tempe Renceng,Makanan & Minuman,3,13200.0,0.0,0.0,39500.0,QRIS,delivered,Tangerang
ORD03285,2024-07-13,CST0483,STR044,PRD0006,Jaket Bomber,Fashion & Pakaian,1,295700.0,10.0,29600.0,266200.0,Transfer Mandiri,cancelled,Tangerang
ORD02934,2023-02-05,CST0202,STR015,PRD0006,Jaket Bomber,Fashion & Pakaian,1,330200.0,5.0,16500.0,313700.0,COD,delivered,Jakarta
ORD04176,2023-08-14,CST0056,STR016,PRD0043,Tas Sekolah Anak SD,Perlengkapan Bayi & Anak,2,113600.0,5.0,11400.0,215900.0,,cancelled,Medan
ORD04911,2024-04-07,CST0901,STR020,PRD0016,Rendang Kemasan Vacuum,Makanan & Minuman,1,120600.0,0.0,0.0,120600.0,LinkAja,processing,Bandung
ORD01853,2023-09-19,CST0406,STR028,PRD0008,Sandal Kulit Handmade,Fashion & Pakaian,2,147700.0,15.0,44300.0,251100.0,LinkAja,delivered,
ORD05252,2024-04-19,CST0756,STR041,PRD0045,Buku Mewarnai + Crayon,Perlengkapan Bayi & Anak,1,29600.0,0.0,0.0,29600.0,Indomaret,returned,Semarang
ORD05460,2023-03-02,CST0519,STR020,PRD0022,Body Lotion Bengkoang,Kecantikan & Perawatan,3,49700.0,15.0,22400.0,126800.0,QRIS,delivered,Bandung
ORD02106,2024-05-12,CST0550,STR048,PRD0033,Tempat Makan Tupperware KW,Rumah Tangga,2,53000.0,10.0,10600.0,95400.0,Indomaret,delivered,Surabaya
ORD00134,2024-06-23,CST0751,STR016,PRD0037,Botol Minum Tumbler,Rumah Tangga,2,79800.0,0.0,0.0,159500.0,GoPay,delivered,Medan
ORD00929,2023-06-16,CST0978,STR036,PRD0017,Skincare Serum Vit C Lokal,Kecantikan & Perawatan,2,98900.0,5.0,9900.0,187800.0,LinkAja,delivered,Tangerang
ORD00824,2024-11-24,CST0111,STR022,PRD0024,Parfum Roll-On Halal,Kecantikan & Perawatan,2,43800.0,5.0,4400.0,83100.0,COD,processing,Jakarta
ORD05097,2023-05-04,CST0302,STR011,PRD0018,Masker Wajah Clay BPOM,Kecantikan & Perawatan,3,51500.0,10.0,15500.0,139100.0,COD,cancelled,Bogor
ORD01532,2023-12-03,CST0068,STR036,PRD0012,Teh Herbal Jahe Merah,Makanan & Minuman,1,45300.0,15.0,6800.0,38500.0,,cancelled,Tangerang
ORD01215,2023-12-10,CST0220,STR031,PRD0004,Celana Chino Pria,Fashion & Pakaian,1,168400.0,5.0,8400.0,160000.0,,processing,Palembang
ORD00505,2024-11-24,CST0413,STR042,PRD0048,Tali Skipping Premium,Olahraga & Outdoor,1,59600.0,15.0,8900.0,50700.0,GoPay,delivered,Bogor
ORD04286,2023-12-17,CST0176,STR028,PRD0031,Casing HP Anti Crack,Elektronik & Aksesori,1,30800.0,5.0,1500.0,29200.0,COD,delivered,Palembang
ORD01997,2023-10-10,CST0185,STR026,PRD0055,Gantungan Kunci Batik,Kerajinan & Souvenir,4,13900.0,0.0,0.0,55400.0,Transfer Mandiri,delivered,Bandung
ORD03073,2024/01/01,CST0359,STR002,PRD0044,Sepatu Anak Velcro,Perlengkapan Bayi & Anak,1,97300.0,0.0,0.0,97300.0,QRIS,delivered,Medan
ORD01959,2023-12-13,CST0298,STR025,PRD0023,Shampo Kemiri Organik,Kecantikan & Perawatan,2,79100.0,20.0,31600.0,126500.0,,delivered,Tangerang
ORD01385,2024-05-27,CST0317,STR036,PRD0049,Matras Yoga 6mm,Olahraga & Outdoor,2,169900.0,15.0,51000.0,288800.0,Dana,delivered,Tangerang
ORD00895,2023-10-31,CST0791,STR022,PRD0006,Jaket Bomber,Fashion & Pakaian,1,326700.0,5.0,16300.0,310400.0,GoPay,delivered,Jakarta
ORD04925,2023-12-30,CST0667,STR029,PRD0018,Masker Wajah Clay BPOM,Kecantikan & Perawatan,1,53800.0,0.0,0.0,53800.0,QRIS,delivered,Bandung
ORD00456,2023-06-01,CST0429,STR048,PRD0039,Keranjang Rotan Mini,Rumah Tangga,1,109400.0,15.0,16400.0,93000.0,Dana,delivered,Surabaya
ORD05200,2023-09-29,CST0017,STR014,PRD0027,Earphone Bluetooth TWS,Elektronik & Aksesori,10,154600.0,0.0,0.0,1545600.0,Indomaret,processing,Makassar
ORD03710,2024-01-03,CST0767,STR032,PRD0029,Lampu LED Ring Light,Elektronik & Aksesori,3,176500.0,15.0,79400.0,450200.0,Transfer BRI,returned,Bogor
ORD05209,2024/01/24,CST0753,STR038,PRD0042,Mainan Edukasi Kayu,Perlengkapan Bayi & Anak,1,83200.0,0.0,0.0,83200.0,LinkAja,delivered,Semarang
ORD04850,2023-07-27,CST0158,STR006,PRD0027,Earphone Bluetooth TWS,Elektronik & Aksesori,1,154200.0,5.0,7700.0,146500.0,LinkAja,delivered,Depok
ORD04749,2024-03-27,CST0662,STR032,PRD0051,Topi Running,Olahraga & Outdoor,1,53800.0,15.0,8100.0,45700.0,,delivered,Bogor
ORD04269,2023-07-18,CST0642,STR002,PRD0005,Dress Casual Wanita,Fashion & Pakaian,2,157400.0,0.0,0.0,314700.0,QRIS,cancelled,Medan
ORD03523,2024-09-07,CST0051,STR045,PRD0032,Charger Fast Charging,Elektronik & Aksesori,5,74500.0,10.0,37300.0,335300.0,ShopeePay,delivered,Bogor
ORD04135,2024-10-15,CST0623,STR009,PRD0006,Jaket Bomber,Fashion & Pakaian,1,282200.0,5.0,14100.0,268100.0,Transfer BCA,delivered,Medan
ORD03603,2024-04-13,CST0952,STR033,PRD0003,Hijab Voal Motif,Fashion & Pakaian,4,65000.0,5.0,13000.0,246900.0,ShopeePay,processing,Depok
ORD00714,2024-01-22,CST0806,STR021,PRD0034,Sapu Lantai Ijuk,Rumah Tangga,1,25500.0,5.0,1300.0,24200.0,Alfamart,cancelled,Depok
ORD04187,2024-08-25,CST0524,STR049,PRD0033,Tempat Makan Tupperware KW,Rumah Tangga,1,49000.0,10.0,4900.0,44100.0,Transfer Mandiri,delivered,Makassar
ORD02215,2023-11-21,CST0212,STR030,PRD0021,Sunscreen SPF50 Lokal,Kecantikan & Perawatan,1,98200.0,0.0,0.0,98200.0,Dana,processing,Surabaya
ORD02924,2023-08-02,CST0432,STR032,PRD0021,Sunscreen SPF50 Lokal,Kecantikan & Perawatan,2,97700.0,5.0,9800.0,185700.0,OVO,delivered,Bogor
ORD01811,2024-07-02,CST0470,STR041,PRD0017,Skincare Serum Vit C Lokal,Kecantikan & Perawatan,2,116400.0,15.0,34900.0,197900.0,Transfer Mandiri,returned,Semarang
ORD03487,2024-04-03,CST0594,STR038,PRD0028,Holder HP Mobil,Elektronik & Aksesori,1,63900.0,0.0,0.0,63900.0,Transfer Mandiri,cancelled,Semarang
ORD03142,2023-06-25,CST0531,STR033,PRD0034,Sapu Lantai Ijuk,Rumah Tangga,2,24200.0,10.0,4800.0,43500.0,Transfer BCA,delivered,Depok
ORD01828,2023-04-21,CST0250,STR023,PRD0055,Gantungan Kunci Batik,Kerajinan & Souvenir,2,12500.0,0.0,0.0,24900.0,Dana,delivered,Palembang
ORD01156,2024-03-30,CST0588,STR012,PRD0006,Jaket Bomber,Fashion & Pakaian,1,287200.0,0.0,0.0,287200.0,Transfer BRI,returned,Depok
ORD01325,2023-09-08,CST0481,STR001,PRD0037,Botol Minum Tumbler,Rumah Tangga,1,85300.0,10.0,8500.0,76800.0,GoPay,cancelled,Surabaya
ORD04313,2024-07-12,CST0073,STR043,PRD0018,Masker Wajah Clay BPOM,Kecantikan & Perawatan,1,52700.0,0.0,0.0,52700.0,Indomaret,returned,Surabaya
ORD00511,2024-06-03,CST0750,STR036,PRD0034,Sapu Lantai Ijuk,Rumah Tangga,1,26400.0,15.0,4000.0,22500.0,Transfer BCA,delivered,Tangerang
ORD01681,2024-04-06,CST0979,STR022,PRD0039,Keranjang Rotan Mini,Rumah Tangga,1,125600.0,0.0,0.0,125600.0,LinkAja,cancelled,Jakarta
ORD00500,2024-04-24,CST0478,STR031,PRD0055,Gantungan Kunci Batik,Kerajinan & Souvenir,1,12200.0,10.0,1200.0,11000.0,Transfer BRI,processing,Palembang
ORD05288,2024-07-23,CST0336,STR041,PRD0024,Parfum Roll-On Halal,Kecantikan & Perawatan,1,40200.0,0.0,0.0,40200.0,Transfer BCA,delivered,Semarang
ORD01857,2023-07-20,CST0422,STR048,PRD0037,Botol Minum Tumbler,Rumah Tangga,2,77600.0,,15500.0,139700.0,LinkAja,delivered,Surabaya
ORD01389,2024-06-30,CST0210,STR012,PRD0050,Botol Infuser Air,Olahraga & Outdoor,3,61600.0,15.0,27700.0,157000.0,GoPay,delivered,Depok
ORD03720,2023-01-03,CST0161,STR015,PRD0015,Dodol Garut Premium,Makanan & Minuman,3,46000.0,10.0,13800.0,124200.0,Dana,delivered,Jakarta
ORD02387,2024-06-11,CST0427,STR003,PRD0029,Lampu LED Ring Light,Elektronik & Aksesori,2,167900.0,5.0,16800.0,318900.0,Transfer BRI,cancelled,Depok
ORD03237,2024-02-29,CST0677,STR050,PRD0030,Mouse Wireless USB,Elektronik & Aksesori,1,96900.0,0.0,0.0,96900.0,COD,processing,Medan
ORD01541,2023-11-27,CST0635,STR049,PRD0051,Topi Running,Olahraga & Outdoor,1,46700.0,0.0,0.0,46700.0,COD,processing,Makassar
ORD01218,2024/10/11,CST0396,STR034,PRD0044,Sepatu Anak Velcro,Perlengkapan Bayi & Anak,2,90600.0,5.0,9100.0,172100.0,ShopeePay,processing,Depok
ORD02682,2024-03-05,CST0029,STR031,PRD0002,Kaos Polos Cotton Combed,Fashion & Pakaian,4,48300.0,0.0,0.0,193300.0,Alfamart,delivered,Palembang
ORD02994,2024-08-14,CST0374,STR015,PRD0043,Tas Sekolah Anak SD,Perlengkapan Bayi & Anak,3,119000.0,10.0,35700.0,321300.0,Transfer BRI,delivered,Jakarta
ORD01192,2024-04-09,CST0445,STR033,PRD0002,Kaos Polos Cotton Combed,FASHION & PAKAIAN,1,45800.0,0.0,0.0,45800.0,COD,processing,Depok
ORD01543,2024-12-13,CST0505,STR012,PRD0038,Talenan Kayu Jati,Rumah Tangga,1,81500.0,10.0,8200.0,73400.0,Indomaret,cancelled,Depok
ORD03302,2023-03-10,CST0006,STR007,PRD0015,Dodol Garut Premium,Makanan & Minuman,5,43600.0,10.0,21800.0,196300.0,shopeepay,delivered,Bogor
ORD03325,2023-11-19,CST0466,STR008,PRD0027,Earphone Bluetooth TWS,Elektronik & Aksesori,10,159600.0,15.0,239400.0,1356500.0,Alfamart,cancelled,Palembang
ORD02540,2023-10-20,CST0033,STR017,PRD0042,Mainan Edukasi Kayu,Perlengkapan Bayi & Anak,1,80100.0,0.0,0.0,80100.0,GoPay,processing,Tangerang
ORD00954,2023-12-03,CST0287,STR032,PRD0049,Matras Yoga 6mm,Olahraga & Outdoor,1,155800.0,10.0,15600.0,140200.0,ShopeePay,processing,Bogor
ORD04847,2024-12-27,CST0398,STR003,PRD0013,Snack Box Mix,Makanan & Minuman,1,47400.0,20.0,9500.0,38000.0,Transfer Mandiri,delivered,Depok
ORD04331,2023-12-15,CST0199,STR043,PRD0038,Talenan Kayu Jati,Rumah Tangga,1,80000.0,5.0,4000.0,76000.0,COD,delivered,Surabaya
ORD00733,2024-02-12,CST0929,STR041,PRD0007,Sepatu Sneakers Lokal,Fashion & Pakaian,3,247800.0,0.0,0.0,743500.0,Transfer Mandiri,delivered,Semarang
ORD01157,2023-02-23,CST0080,STR022,PRD0012,Teh Herbal Jahe Merah,Makanan & Minuman,3,38200.0,10.0,11500.0,103100.0,GoPay,returned,Jakarta
ORD05199,2024-11-02,CST0902,STR020,PRD0007,Sepatu Sneakers Lokal,Fashion & Pakaian,3,267600.0,0.0,0.0,802700.0,QRIS,processing,Bandung
ORD03295,2023-09-11,CST0058,STR004,PRD0008,Sandal Kulit Handmade,Fashion & Pakaian,1,161100.0,10.0,16100.0,145000.0,Transfer BRI,returned,Jakarta
ORD02983,2023-08-24,CST0979,STR014,PRD0026,Kabel Data Type-C 1m,Elektronik & Aksesori,1,40100.0,5.0,2000.0,38100.0,Transfer Mandiri,delivered,Makassar
ORD02157,2023-03-18,CST0043,STR006,PRD0043,Tas Sekolah Anak SD,Perlengkapan Bayi & Anak,4,114800.0,0.0,0.0,459100.0,QRIS,delivered,Depok
ORD01063,2024-09-02,CST0333,STR024,PRD0027,Earphone Bluetooth TWS,Elektronik & Aksesori,2,141200.0,5.0,14100.0,268300.0,Indomaret,delivered,Bogor
ORD02617,2024-12-03,CST0152,STR042,PRD0017,Skincare Serum Vit C Lokal,Kecantikan & Perawatan,3,107700.0,5.0,16200.0,306900.0,Transfer BCA,delivered,Bogor
ORD01168,2024-10-15,CST0216,STR027,PRD0028,Holder HP Mobil,Elektronik & Aksesori,4,56300.0,0.0,0.0,225300.0,OVO,delivered,Depok
ORD03223,2023-12-26,CST0347,STR049,PRD0011,Kopi Arabika Toraja 250gr,Makanan & Minuman,4,79000.0,5.0,15800.0,300100.0,Transfer Mandiri,delivered,Makassar
ORD03637,2024-08-02,CST0208,STR027,PRD0047,Kaos Olahraga Dryfit,Olahraga & Outdoor,10,73300.0,,109900.0,622900.0,QRIS,delivered,Depok
ORD02939,2024-03-05,CST0978,STR008,PRD0032,Charger Fast Charging,Elektronik & Aksesori,5,67900.0,0.0,0.0,339400.0,Dana,delivered,Palembang
ORD04492,2024-01-04,CST0546,STR009,PRD0015,Dodol Garut Premium,Makanan & Minuman,1,44200.0,5.0,2200.0,42000.0,GoPay,delivered,Medan
ORD03141,2023-01-23,CST0739,STR014,PRD0023,Shampo Kemiri Organik,Kecantikan & Perawatan,1,75000.0,10.0,7500.0,67500.0,OVO,returned,Makassar
ORD04981,2023-05-20,CST0563,STR035,PRD0014,Madu Hutan Asli 500ml,Makanan & Minuman,2,166800.0,25.0,83400.0,250200.0,Dana,delivered,Surabaya
ORD00144,2024-02-10,CST0903,STR044,PRD0045,Buku Mewarnai + Crayon,Perlengkapan Bayi & Anak,3,32400.0,0.0,0.0,97100.0,Dana,delivered,Tangerang
ORD03578,2023-04-16,CST0125,STR046,PRD0028,Holder HP Mobil,Elektronik & Aksesori,1,56800.0,10.0,5700.0,51100.0,QRIS,delivered,Medan
ORD04947,2023-04-29,CST0654,STR024,PRD0051,Topi Running,Olahraga & Outdoor,10,46000.0,0.0,0.0,460200.0,Transfer BRI,delivered,Bogor
ORD02783,2023-03-18,CST0495,STR028,PRD0035,Lap Microfiber Set 3pcs,Rumah Tangga,1,29200.0,10.0,2900.0,26300.0,GoPay,delivered,Palembang
ORD00718,2024-09-12,CST0142,STR030,PRD0041,Baju Bayi Newborn Set,Perlengkapan Bayi & Anak,2,130200.0,10.0,26000.0,234400.0,ShopeePay,delivered,Surabaya
ORD01820,2024-12-30,CST0575,STR045,PRD0007,Sepatu Sneakers Lokal,Fashion & Pakaian,2,264200.0,15.0,79300.0,449200.0,QRIS,returned,Bogor
ORD02503,2023-02-09,CST0845,STR020,PRD0026,Kabel Data Type-C 1m,Elektronik & Aksesori,3,41500.0,5.0,6200.0,118200.0,ShopeePay,processing,Bandung
ORD04361,2024-01-09,CST0795,STR023,PRD0032,Charger Fast Charging,Elektronik & Aksesori,1,65700.0,5.0,3300.0,62400.0,,returned,Palembang
ORD04172,2024-04-06,CST0418,STR001,PRD0049,Matras Yoga 6mm,Olahraga & Outdoor,5,157500.0,25.0,196900.0,590600.0,Transfer BCA,delivered,Surabaya
ORD00396,2024-08-03,CST0956,STR025,PRD0003,Hijab Voal Motif,Fashion & Pakaian,4,62300.0,0.0,0.0,249300.0,OVO,processing,Tangerang
ORD05423,2023-08-15,CST0641,STR006,PRD0056,Topeng Kayu Dekorasi,Kerajinan & Souvenir,1,112900.0,5.0,5600.0,107200.0,Transfer BCA,delivered,Depok
ORD04493,2023-04-15,CST0394,STR004,PRD0033,Tempat Makan Tupperware KW,Rumah Tangga,5,56700.0,0.0,0.0,283500.0,COD,delivered,Jakarta
ORD01366,2023-03-27,CST0423,STR011,PRD0010,Sambal Bawang Homemade,Makanan & Minuman,1,37600.0,0.0,0.0,37600.0,LinkAja,delivered,Bogor
ORD05113,2024-06-08,CST0761,STR050,PRD0014,Madu Hutan Asli 500ml,Makanan & Minuman,1,182400.0,15.0,27400.0,155000.0,ShopeePay,processing,Medan
ORD00596,2024-04-04,CST0202,STR031,PRD0047,Kaos Olahraga Dryfit,Olahraga & Outdoor,1,77800.0,0.0,0.0,77800.0,QRIS,delivered,Palembang
ORD03953,2023-09-01,CST0394,STR023,PRD0053,Tas Anyaman Pandan,Kerajinan & Souvenir,2,89900.0,0.0,0.0,179800.0,Alfamart,delivered,Palembang
ORD04969,2024-02-09,CST0251,STR010,PRD0041,Baju Bayi Newborn Set,Perlengkapan Bayi & Anak,1,125100.0,5.0,6300.0,118800.0,Transfer BCA,processing,Palembang
ORD02915,2023-09-10,CST0994,STR046,PRD0039,Keranjang Rotan Mini,Rumah Tangga,1,122600.0,0.0,0.0,122600.0,Dana,returned,Medan
ORD02327,2024-06-25,CST0815,STR022,PRD0006,Jaket Bomber,Fashion & Pakaian,10,312400.0,10.0,312400.0,2811200.0,ShopeePay,cancelled,Jakarta
ORD03767,2023-02-20,CST0036,STR049,PRD0034,Sapu Lantai Ijuk,Rumah Tangga,4,26900.0,5.0,5400.0,102200.0,COD,delivered,Makassar
ORD03441,2024-11-26,CST0454,STR020,PRD0034,Sapu Lantai Ijuk,Rumah Tangga,1,25500.0,,1300.0,24200.0,LinkAja,returned,Bandung
ORD03852,2024-09-19,CST0714,STR046,PRD0038,Talenan Kayu Jati,Rumah Tangga,2,956000.0,10.0,19100.0,172100.0,QRIS,returned,Medan
ORD04133,2023-10-01,CST0985,STR015,PRD0017,Skincare Serum Vit C Lokal,Kecantikan & Perawatan,5,117400.0,10.0,58700.0,528500.0,COD,delivered,Jakarta
ORD05147,2023-08-23,CST0208,STR017,PRD0029,Lampu LED Ring Light,Elektronik & Aksesori,4,167700.0,5.0,33500.0,637100.0,Transfer Mandiri,delivered,Tangerang
ORD02144,2024-10-14,CST0101,STR014,PRD0007,Sepatu Sneakers Lokal,Fashion & Pakaian,1,248400.0,5.0,12400.0,236000.0,Transfer Mandiri,returned,Makassar
ORD05074,2023-07-20,CST0355,STR009,PRD0043,Tas Sekolah Anak SD,Perlengkapan Bayi & Anak,1,110000.0,5.0,5500.0,104500.0,Alfamart,returned,Medan
ORD01572,2023-09-24,CST0091,STR034,PRD0024,Parfum Roll-On Halal,Kecantikan & Perawatan,2,39700.0,25.0,19900.0,59600.0,Indomaret,delivered,Depok
ORD04080,2024-01-21,CST0701,STR004,PRD0031,Casing HP Anti Crack,Elektronik & Aksesori,4,30300.0,25.0,30300.0,90900.0,OVO,processing,Jakarta
ORD01123,2024-11-29,CST0346,STR028,PRD0026,Kabel Data Type-C 1m,Elektronik & Aksesori,3,45200.0,10.0,13600.0,122000.0,Transfer Mandiri,delivered,Palembang
ORD02787,2024-09-16,CST0478,STR001,PRD0009,Keripik Tempe Renceng,Makanan & Minuman,2,14500.0,5.0,1500.0,27600.0,COD,delivered,Surabaya
ORD02968,2023-01-18,CST0569,STR047,PRD0031,Casing HP Anti Crack,Elektronik & Aksesori,2,30300.0,15.0,9100.0,51600.0,Transfer Mandiri,delivered,Makassar
ORD02505,2023-07-01,CST0529,STR032,PRD0052,Gelang Batok Kelapa,Kerajinan & Souvenir,1,23900.0,20.0,4800.0,19200.0,Indomaret,delivered,Bogor
ORD03466,2024-08-21,CST0057,STR029,PRD0039,Keranjang Rotan Mini,Rumah Tangga,4,1245000.0,0.0,0.0,498000.0,Indomaret,cancelled,Bandung
ORD00676,2023-03-20,CST0729,STR020,PRD0017,Skincare Serum Vit C Lokal,Kecantikan & Perawatan,3,107900.0,10.0,32400.0,291300.0,Transfer BRI,cancelled,Bandung
ORD02809,2023-04-30,CST0072,STR044,PRD0037,Botol Minum Tumbler,Rumah Tangga,2,84500.0,0.0,0.0,169000.0,QRIS,cancelled,Tangerang
ORD03349,2024-01-23,CST0122,STR021,PRD0038,Talenan Kayu Jati,Rumah Tangga,1,85600.0,0.0,0.0,85600.0,Transfer BCA,returned,Depok
ORD00729,2023-07-13,CST0584,STR007,PRD0036,Gantungan Baju Kayu,Rumah Tangga,4,18800.0,5.0,3800.0,71400.0,Alfamart,delivered,Bogor
ORD00413,2023-04-03,CST0599,STR022,PRD0025,Powerbank 10000mAh,Elektronik & Aksesori,1,122100.0,15.0,18300.0,103800.0,,returned,Jakarta
ORD03147,2024-09-25,CST0559,STR027,PRD0046,Botol Susu Anti-Kolik,Perlengkapan Bayi & Anak,4,94500.0,0.0,0.0,378100.0,Transfer BCA,processing,Depok
ORD01517,2024-09-16,CST0747,STR028,PRD0012,Teh Herbal Jahe Merah,Makanan & Minuman,2,38500.0,25.0,19300.0,57800.0,Alfamart,delivered,Palembang
ORD00826,2023-01-08,CST0314,STR050,PRD0036,Gantungan Baju Kayu,Rumah Tangga,3,20900.0,10.0,6300.0,56300.0,ShopeePay,processing,Medan
ORD03268,2024-08-16,CST0334,STR038,PRD0030,Mouse Wireless USB,Elektronik & Aksesori,5,101800.0,0.0,0.0,508900.0,Indomaret,cancelled,Semarang
ORD03975,2024-02-16,CST0945,STR023,PRD0030,Mouse Wireless USB,Elektronik & Aksesori,3,91600.0,10.0,27500.0,247400.0,COD,delivered,Palembang
ORD00617,2023-07-13,CST0527,STR004,PRD0048,Tali Skipping Premium,Olahraga & Outdoor,3,58200.0,25.0,43700.0,131000.0,QRIS,processing,Jakarta
ORD00115,2024-08-22,CST0453,STR029,PRD0045,Buku Mewarnai + Crayon,Perlengkapan Bayi & Anak,5,32800.0,0.0,0.0,164200.0,Transfer BRI,delivered,Bandung
ORD00418,2024-05-01,CST0067,STR042,PRD0022,Body Lotion Bengkoang,Kecantikan & Perawatan,3,56200.0,0.0,0.0,168600.0,QRIS,delivered,Bogor
ORD03070,2023-07-10,CST0044,STR033,PRD0041,Baju Bayi Newborn Set,Perlengkapan Bayi & Anak,1,142800.0,0.0,0.0,142800.0,GoPay,cancelled,Depok
ORD01626,2023-06-28,CST0854,STR033,PRD0019,Sabun Sirih Herbal,Kecantikan & Perawatan,5,26000.0,0.0,0.0,129800.0,Dana,delivered,Depok
ORD00023,2024-06-17,CST0742,STR043,PRD0001,Batik Tulis Premium,Fashion & Pakaian,3,297900.0,0.0,0.0,893800.0,LinkAja,delivered,Surabaya
ORD04186,2023-02-18,CST0596,STR038,PRD0039,Keranjang Rotan Mini,Rumah Tangga,5,112600.0,5.0,28100.0,534700.0,COD,delivered,Semarang
ORD02897,2024-08-09,CST0578,STR002,PRD0003,Hijab Voal Motif,Fashion & Pakaian,2,58700.0,0.0,0.0,117300.0,Transfer Mandiri,returned,Medan
ORD05242,2024-05-19,CST0446,STR033,PRD0054,Lukisan Kanvas UMKM,Kerajinan & Souvenir,3,187400.0,10.0,56200.0,506100.0,LinkAja,delivered,Depok
ORD02083,2024-05-19,CST0974,STR009,PRD0016,Rendang Kemasan Vacuum,Makanan & Minuman,1,123900.0,0.0,0.0,123900.0,ShopeePay,delivered,
ORD00754,2024-08-08,CST0249,STR048,PRD0053,Tas Anyaman Pandan,Kerajinan & Souvenir,3,102500.0,0.0,0.0,307400.0,Transfer Mandiri,delivered,Surabaya
ORD02547,2024-11-25,CST0911,STR026,PRD0035,Lap Microfiber Set 3pcs,Rumah Tangga,1,35100.0,20.0,7000.0,28100.0,Transfer BCA,returned,Bandung
ORD03970,2024-09-29,CST0964,STR002,PRD0031,Casing HP Anti Crack,Elektronik & Aksesori,1,32400.0,,0.0,32400.0,Transfer BCA,cancelled,Medan
ORD03374,2024/10/07,CST0380,STR036,PRD0039,Keranjang Rotan Mini,Rumah Tangga,2,123500.0,5.0,12400.0,234700.0,Transfer BCA,processing,Tangerang
ORD04108,2023-05-14,CST0758,STR044,PRD0011,Kopi Arabika Toraja 250gr,Makanan & Minuman,5,81700.0,0.0,0.0,408600.0,Indomaret,processing,Tangerang
ORD02445,2024-06-18,CST0836,STR047,PRD0056,Topeng Kayu Dekorasi,Kerajinan & Souvenir,1,108500.0,0.0,0.0,108500.0,GoPay,returned,Makassar
ORD04381,2024-12-06,CST0394,STR005,PRD0033,Tempat Makan Tupperware KW,Rumah Tangga,2,52100.0,10.0,10400.0,93800.0,GoPay,cancelled,Medan
ORD01067,2023-10-08,CST0394,STR038,PRD0045,Buku Mewarnai + Crayon,Perlengkapan Bayi & Anak,4,32700.0,15.0,19600.0,111300.0,Transfer Mandiri,returned,Semarang
ORD03914,2023-02-22,CST0387,STR036,PRD0005,Dress Casual Wanita,Fashion & Pakaian,2,171100.0,5.0,17100.0,325100.0,COD,processing,Tangerang
ORD03499,2024-11-02,CST0389,STR026,PRD0005,Dress Casual Wanita,Fashion & Pakaian,3,158100.0,10.0,47400.0,427000.0,,processing,Bandung
ORD02739,2024-01-31,CST0417,STR048,PRD0054,Lukisan Kanvas UMKM,Kerajinan & Souvenir,1,195400.0,5.0,9800.0,185600.0,Transfer Mandiri,delivered,Surabaya
ORD05053,2024-06-15,CST0469,STR029,PRD0006,Jaket Bomber,Fashion & Pakaian,1,332800.0,15.0,49900.0,282900.0,OVO,delivered,Bandung
ORD04001,2023-11-17,CST0710,STR030,PRD0009,Keripik Tempe Renceng,Makanan & Minuman,2,13500.0,25.0,6800.0,20300.0,ShopeePay,delivered,Surabaya
ORD01569,2023-04-07,CST0450,STR026,PRD0049,Matras Yoga 6mm,Olahraga & Outdoor,5,162800.0,,162800.0,651400.0,Transfer BRI,cancelled,Bandung
ORD02428,2023-09-18,CST0546,STR048,PRD0005,Dress Casual Wanita,Fashion & Pakaian,1,176800.0,0.0,0.0,176800.0,LinkAja,cancelled,Surabaya
ORD03747,2024/09/20,CST0076,STR021,PRD0037,Botol Minum Tumbler,Rumah Tangga,2,83000.0,5.0,8300.0,157700.0,COD,delivered,Depok
ORD05203,2024-03-29,CST0105,STR003,PRD0010,Sambal Bawang Homemade,Makanan & Minuman,2,35100.0,0.0,0.0,70200.0,Alfamart,delivered,Depok
ORD01688,2023-10-05,CST0547,STR012,PRD0033,Tempat Makan Tupperware KW,Rumah Tangga,1,48300.0,0.0,0.0,48300.0,LinkAja,returned,Depok
ORD00852,2023-06-02,CST0459,STR046,PRD0008,Sandal Kulit Handmade,Fashion & Pakaian,1,143000.0,0.0,0.0,143000.0,ShopeePay,delivered,Medan
ORD03547,2023-04-07,CST0949,STR004,PRD0006,Jaket Bomber,Fashion & Pakaian,2,301500.0,0.0,0.0,603100.0,Dana,processing,Jakarta
ORD00896,2023-01-25,CST0764,STR019,PRD0030,Mouse Wireless USB,Elektronik & Aksesori,1,91700.0,0.0,0.0,91700.0,LinkAja,delivered,Surabaya
ORD04593,2024-05-16,CST0377,STR019,PRD0020,Lip Cream Matte Halal,Kecantikan&Perawatan,2,45000.0,5.0,4500.0,85500.0,QRIS,delivered,Surabaya
ORD00336,2023-01-18,CST0014,STR024,PRD0023,Shampo Kemiri Organik,Kecantikan & Perawatan,4,69500.0,0.0,0.0,278200.0,Transfer BCA,cancelled,Bogor
ORD02840,2024-06-27,CST0751,STR035,PRD0052,Gelang Batok Kelapa,Kerajinan & Souvenir,2,24800.0,10.0,5000.0,44700.0,GoPay,delivered,Surabaya
ORD03088,2024-07-13,CST0733,STR029,PRD0040,Lilin Aromaterapi,Rumah Tangga,3,70500.0,20.0,42300.0,169100.0,Transfer BCA,delivered,Bandung
ORD04612,2023-05-12,CST0020,STR005,PRD0031,Casing HP Anti Crack,Elektronik & Aksesori,1,33800.0,0.0,0.0,33800.0,GoPay,delivered,Medan
ORD01349,2024-10-10,CST0975,STR034,PRD0006,Jaket Bomber,Fashion & Pakaian,-2,327100.0,0.0,0.0,654100.0,Transfer Mandiri,processing,Depok
ORD01016,2023-11-26,CST0452,STR006,PRD0043,Tas Sekolah Anak SD,Perlengkapan Bayi & Anak,4,115100.0,0.0,0.0,460600.0,,delivered,Depok
ORD02817,2023/01/24,CST0999,STR016,PRD0042,Mainan Edukasi Kayu,Perlengkapan Bayi & Anak,2,81400.0,0.0,0.0,162900.0,QRIS,cancelled,Medan
ORD01632,2023-07-19,CST0240,STR039,PRD0036,Gantungan Baju Kayu,Rumah Tangga,5,21000.0,15.0,15700.0,89100.0,Transfer BCA,cancelled,Bandung
ORD02490,2023-07-10,CST0108,STR043,PRD0033,Tempat Makan Tupperware KW,Rumah Tangga,2,55700.0,,0.0,111300.0,Transfer BCA,delivered,Surabaya
ORD03731,2024-10-03,CST0554,STR021,PRD0028,Holder HP Mobil,Elektronik & Aksesori,2,64400.0,0.0,0.0,128700.0,Indomaret,cancelled,Depok
ORD03252,2024-03-04,CST0750,STR041,PRD0002,Kaos Polos Cotton Combed,Fashion & Pakaian,2,54100.0,5.0,5400.0,102700.0,OVO,returned,Semarang
ORD05197,2024-02-10,CST0088,STR030,PRD0055,Gantungan Kunci Batik,Kerajinan & Souvenir,4,13100.0,15.0,7900.0,44600.0,Transfer BCA,returned,Surabaya
ORD02071,2023-02-13,CST0964,STR043,PRD0019,Sabun Sirih Herbal,Kecantikan & Perawatan,1,28000.0,10.0,2800.0,25200.0,Transfer BCA,delivered,Surabaya
ORD04453,2024-08-30,CST0928,STR002,PRD0009,Keripik Tempe Renceng,Makanan & Minuman,1,13000.0,20.0,2600.0,10400.0,Transfer BRI,processing,Medan
ORD05476,2023-01-13,CST0466,STR035,PRD0032,Charger Fast Charging,Elektronik & Aksesori,3,67300.0,10.0,20200.0,181800.0,Alfamart,delivered,Surabaya
ORD01636,2024-01-29,CST0089,STR004,PRD0022,Body Lotion Bengkoang,Kecantikan & Perawatan,5,52300.0,,52300.0,209100.0,GoPay,processing,Jakarta
ORD04647,2024-11-06,CST0277,STR022,PRD0054,Lukisan Kanvas UMKM,Kerajinan & Souvenir,5,181600.0,0.0,0.0,908100.0,ShopeePay,delivered,Jakarta
ORD02480,2023-01-01,CST0271,STR031,PRD0006,Jaket Bomber,Fashion & Pakaian,3,276400.0,10.0,82900.0,746200.0,OVO,processing,Palembang
ORD02266,2024-01-17,CST0283,STR029,PRD0053,Tas Anyaman Pandan,Kerajinan & Souvenir,3,95700.0,0.0,0.0,287200.0,COD,cancelled,Bandung
ORD02960,2024-08-02,CST0112,STR023,PRD0034,Sapu Lantai Ijuk,Rumah Tangga,1,25900.0,15.0,3900.0,22000.0,Indomaret,cancelled,Palembang
ORD05309,2024-03-21,CST0578,STR031,PRD0017,Skincare Serum Vit C Lokal,Kecantikan & Perawatan,1,103200.0,10.0,10300.0,92900.0,Transfer BRI,delivered,Palembang
ORD03060,2023-05-03,CST0582,STR012,PRD0024,Parfum Roll-On Halal,Kecantikan & Perawatan,1,45300.0,5.0,2300.0,43000.0,Indomaret,cancelled,Depok
ORD05054,2023-10-29,CST0015,STR030,PRD0015,Dodol Garut Premium,Makanan & Minuman,4,48400.0,0.0,0.0,193500.0,COD,delivered,Surabaya
ORD02142,2024-04-09,CST0344,STR046,PRD0015,Dodol Garut Premium,Makanan & Minuman,2,42500.0,10.0,8500.0,76500.0,ShopeePay,returned,Medan
ORD05105,2024-09-06,CST0912,STR018,PRD0025,Powerbank 10000mAh,Elektronik & Aksesori,1,120600.0,0.0,0.0,120600.0,Transfer BCA,delivered,Makassar
ORD03119,2023-02-28,CST0933,STR048,PRD0003,Hijab Voal Motif,Fashion & Pakaian,3,58500.0,15.0,26300.0,149300.0,Transfer BCA,delivered,Surabaya
ORD05302,2023-08-11,CST0876,STR017,PRD0054,Lukisan Kanvas UMKM,Kerajinan & Souvenir,5,191400.0,5.0,47900.0,909300.0,GoPay,delivered,Tangerang
ORD04046,2024-01-26,CST0041,STR034,PRD0041,Baju Bayi Newborn Set,Perlengkapan Bayi & Anak,2,138700.0,25.0,69300.0,208000.0,,delivered,Depok
ORD03357,2023-09-07,CST0080,STR007,PRD0030,Mouse Wireless USB,Elektronik & Aksesori,2,92300.0,15.0,27700.0,157000.0,Transfer BRI,cancelled,Bogor
ORD02745,2024-06-27,CST0824,STR002,PRD0015,Dodol Garut Premium,Makanan & Minuman,2,45400.0,0.0,0.0,90800.0,Transfer BCA,processing,Medan
ORD05093,2023-12-20,CST0391,STR003,PRD0011,Kopi Arabika Toraja 250gr,Makanan & Minuman,1,76400.0,20.0,15300.0,61200.0,LinkAja,cancelled,Depok
ORD03507,2023-08-30,CST0186,STR011,PRD0032,Charger Fast Charging,Elektronik & Aksesori,3,75800.0,15.0,34100.0,193400.0,Indomaret,delivered,Bogor
ORD01680,2024-11-28,CST0051,STR032,PRD0024,Parfum Roll-On Halal,Kecantikan & Perawatan,2,45600.0,5.0,4600.0,86600.0,Alfamart,delivered,
ORD04250,2024-09-04,CST0451,STR049,PRD0005,Dress Casual Wanita,Fashion & Pakaian,1,170800.0,20.0,34200.0,136700.0,OVO,processing,Makassar
ORD03148,30-11-2024,CST0523,STR046,PRD0042,Mainan Edukasi Kayu,Perlengkapan Bayi & Anak,4,75400.0,5.0,15100.0,286400.0,,returned,Medan
ORD02295,2024-09-26,CST0812,STR012,PRD0021,Sunscreen SPF50 Lokal,Kecantikan & Perawatan,1,94000.0,20.0,18800.0,75200.0,Transfer BRI,cancelled,Depok
ORD00581,2023-03-25,CST0244,STR048,PRD0026,Kabel Data Type-C 1m,Elektronik & Aksesori,3,43100.0,0.0,0.0,129300.0,GoPay,processing,Surabaya
ORD01471,2024-03-20,CST0661,STR029,PRD0011,Kopi Arabika Toraja 250gr,Makanan & Minuman,5,85200.0,0.0,0.0,426100.0,Alfamart,delivered,Bandung
ORD04800,2023-10-07,CST0962,STR013,PRD0015,Dodol Garut Premium,Makanan & Minuman,1,48900.0,10.0,4900.0,44100.0,LinkAja,delivered,Depok
ORD04071,2023-01-21,CST0892,STR016,PRD0042,Mainan Edukasi Kayu,Perlengkapan Bayi & Anak,3,77800.0,10.0,23300.0,210000.0,,returned,Medan
ORD03344,2023-09-27,CST0429,STR026,PRD0013,Snack Box Mix,Makanan & Minuman,4,49400.0,5.0,9900.0,187600.0,GoPay,cancelled,Bandung
ORD04993,2023-04-27,CST0767,STR020,PRD0037,Botol Minum Tumbler,Rumah Tangga,2,83200.0,10.0,16600.0,149700.0,COD,delivered,Bandung
ORD04584,2023-03-18,CST0865,STR025,PRD0010,Sambal Bawang Homemade,Makanan & Minuman,1,37500.0,,0.0,37500.0,Transfer BRI,delivered,Tangerang
ORD03673,2023-11-23,CST0702,STR023,PRD0041,Baju Bayi Newborn Set,Perlengkapan Bayi & Anak,5,145900.0,20.0,145900.0,583400.0,,processing,Palembang
ORD00560,2023-04-04,CST0235,STR006,PRD0029,Lampu LED Ring Light,Elektronik & Aksesori,1,160300.0,0.0,0.0,160300.0,Dana,delivered,Depok
ORD02850,2023-11-07,CST0763,STR030,PRD0053,Tas Anyaman Pandan,Kerajinan & Souvenir,2,101900.0,0.0,0.0,203700.0,QRIS,delivered,Surabaya
ORD00513,2024-10-24,CST0485,STR049,PRD0032,Charger Fast Charging,Elektronik & Aksesori,1,76600.0,0.0,0.0,76600.0,ShopeePay,cancelled,Makassar
ORD04730,2024-07-24,CST0854,STR041,PRD0046,Botol Susu Anti-Kolik,Perlengkapan Bayi & Anak,3,94700.0,0.0,0.0,284200.0,Indomaret,delivered,Semarang
ORD01082,2023-11-05,CST0923,STR003,PRD0055,Gantungan Kunci Batik,Kerajinan & Souvenir,1,12200.0,20.0,2400.0,9800.0,Transfer Mandiri,returned,Depok
ORD01665,2023-01-14,CST0607,STR050,PRD0024,Parfum Roll-On Halal,Kecantikan & Perawatan,3,40600.0,20.0,24400.0,97600.0,,delivered,Medan
ORD01013,2024-02-12,CST0325,STR037,PRD0008,Sandal Kulit Handmade,Fashion & Pakaian,1,144400.0,0.0,0.0,144400.0,Dana,delivered,Depok
ORD01932,2024-08-28,CST0790,STR050,PRD0001,Batik Tulis Premium,Fashion & Pakaian,2,317800.0,10.0,63600.0,572000.0,GoPay,delivered,Medan
ORD01151,2023-07-28,CST0245,STR030,PRD0052,Gelang Batok Kelapa,Kerajinan & Souvenir,5,26900.0,5.0,6700.0,127800.0,LinkAja,processing,Surabaya
ORD02839,2024-05-29,CST0003,STR041,PRD0052,Gelang Batok Kelapa,Kerajinan & Souvenir,3,27200.0,20.0,16300.0,65400.0,Indomaret,delivered,Semarang
ORD00117,2023-04-03,CST0313,STR013,PRD0051,Topi Running,Olahraga & Outdoor,1,51400.0,20.0,10300.0,41100.0,Dana,processing,Depok
ORD00741,2023-01-08,CST0188,STR023,PRD0014,Madu Hutan Asli 500ml,Makanan & Minuman,3,185500.0,,0.0,556600.0,ShopeePay,returned,Palembang
ORD05390,2023-04-24,CST0314,STR014,PRD0045,Buku Mewarnai + Crayon,Perlengkapan Bayi & Anak,2,33600.0,5.0,3400.0,63800.0,Dana,processing,Makassar
ORD05178,2023-01-14,CST0493,STR043,PRD0021,Sunscreen SPF50 Lokal,Kecantikan & Perawatan,1,96500.0,5.0,4800.0,91700.0,Transfer BRI,delivered,Surabaya
ORD03676,2023-02-11,CST0870,STR047,PRD0035,Lap Microfiber Set 3pcs,Rumah Tangga,2,31900.0,0.0,0.0,63900.0,Dana,returned,Makassar
ORD00831,2024-07-06,CST0170,STR035,PRD0040,Lilin Aromaterapi,Rumah Tangga,4,69900.0,0.0,0.0,279500.0,Transfer Mandiri,delivered,Surabaya
ORD00120,2024-07-17,CST0554,STR049,PRD0034,Sapu Lantai Ijuk,Rumah Tangga,1,27100.0,20.0,5400.0,21700.0,QRIS,processing,Makassar
ORD04753,2024-06-26,CST0617,STR001,PRD0019,Sabun Sirih Herbal,Kecantikan & Perawatan,1,26500.0,0.0,0.0,26500.0,Transfer Mandiri,delivered,Surabaya
ORD05361,2024-01-28,CST0438,STR021,PRD0046,Botol Susu Anti-Kolik,Perlengkapan Bayi & Anak,2,103300.0,0.0,0.0,206600.0,Dana,delivered,Depok
ORD05317,2023-05-28,CST0485,STR023,PRD0015,Dodol Garut Premium,Makanan & Minuman,1,43400.0,20.0,8700.0,34700.0,Indomaret,cancelled,Palembang
ORD00636,2024-01-19,CST0489,STR026,PRD0022,Body Lotion Bengkoang,Kecantikan & Perawatan,2,52600.0,0.0,0.0,105200.0,Transfer BCA,returned,Bandung
ORD04466,2024-08-21,CST0418,STR001,PRD0030,Mouse Wireless USB,Elektronik & Aksesori,2,95000.0,0.0,0.0,189900.0,LinkAja,delivered,
ORD04365,2023-11-30,CST0556,STR040,PRD0042,Mainan Edukasi Kayu,Perlengkapan Bayi & Anak,2,86600.0,20.0,34600.0,138500.0,qris,returned,Tangerang
ORD04143,2023-06-10,CST0550,STR008,PRD0018,Masker Wajah Clay BPOM,Kecantikan & Perawatan,1,53800.0,0.0,0.0,53800.0,Transfer Mandiri,processing,Palembang
ORD00992,2024/10/08,CST0189,STR023,PRD0014,Madu Hutan Asli 500ml,Makanan & Minuman,3,165300.0,10.0,49600.0,446400.0,ShopeePay,delivered,Palembang
ORD00877,2024-10-09,CST0950,STR024,PRD0047,Kaos Olahraga Dryfit,Olahraga & Outdoor,2,77400.0,0.0,0.0,154800.0,Alfamart,returned,Bogor
ORD04870,2023-08-11,CST0419,STR001,PRD0035,Lap Microfiber Set 3pcs,Rumah Tangga,1,31500.0,5.0,1600.0,29900.0,Alfamart,delivered,Surabaya
ORD05223,2023-09-27,CST0835,STR010,PRD0053,Tas Anyaman Pandan,Kerajinan & Souvenir,1,105700.0,5.0,5300.0,100400.0,Indomaret,delivered,Palembang
ORD00005,2024-06-20,CST0476,STR037,PRD0023,Shampo Kemiri Organik,Kecantikan & Perawatan,2,74800.0,20.0,29900.0,119700.0,Transfer Mandiri,returned,Depok
ORD03052,2024-08-29,CST0857,STR011,PRD0020,Lip Cream Matte Halal,Kecantikan & Perawatan,2,51200.0,0.0,0.0,102400.0,OVO,delivered,Bogor
ORD03125,2024-03-08,CST0869,STR024,PRD0049,Matras Yoga 6mm,Olahraga & Outdoor,2,171900.0,5.0,17200.0,326500.0,GoPay,delivered,Bogor
ORD02661,2024-01-13,CST0617,STR021,PRD0023,Shampo Kemiri Organik,Kecantikan & Perawatan,1,81100.0,0.0,0.0,81100.0,,returned,Depok
ORD02492,2023-03-14,CST0895,STR029,PRD0033,Tempat Makan Tupperware KW,Rumah Tangga,4,54100.0,10.0,21600.0,194800.0,GoPay,cancelled,Bandung
ORD05174,14/01/2023,CST0971,STR018,PRD0011,Kopi Arabika Toraja 250gr,Makanan & Minuman,3,82700.0,5.0,12400.0,235600.0,Transfer BCA,delivered,Makassar
ORD03855,2023-12-31,CST0686,STR006,PRD0027,Earphone Bluetooth TWS,Elektronik & Aksesori,2,154900.0,0.0,0.0,309900.0,Transfer Mandiri,cancelled,Depok
ORD04934,2023-01-14,CST0896,STR045,PRD0046,Botol Susu Anti-Kolik,Perlengkapan Bayi & Anak,2,108600.0,0.0,0.0,217100.0,Indomaret,processing,Bogor
ORD04778,2023-12-05,CST0981,STR038,PRD0023,Shampo Kemiri Organik,Kecantikan & Perawatan,1,71900.0,0.0,0.0,71900.0,Transfer Mandiri,delivered,Semarang
ORD01716,2023-02-10,CST0276,STR047,PRD0014,Madu Hutan Asli 500ml,Makanan & Minuman,4,161000.0,10.0,64400.0,579500.0,Dana,cancelled,Makassar
ORD01149,2024-06-23,CST0326,STR035,PRD0031,Casing HP Anti Crack,Elektronik & Aksesori,4,30400.0,5.0,6100.0,115600.0,OVO,delivered,Surabaya
ORD03262,2024-04-04,CST0054,STR003,PRD0012,Teh Herbal Jahe Merah,Makanan & Minuman,3,38900.0,,0.0,116600.0,QRIS,delivered,Depok
ORD00575,2023-05-06,CST0416,STR017,PRD0018,Masker Wajah Clay BPOM,Kecantikan & Perawatan,4,54900.0,25.0,54900.0,164800.0,Transfer BRI,delivered,Tangerang
ORD03770,2024/01/26,CST0603,STR008,PRD0003,Hijab Voal Motif,Fashion & Pakaian,1,66100.0,0.0,0.0,66100.0,Alfamart,returned,Palembang
ORD03737,2024-08-06,CST0255,STR010,PRD0010,Sambal Bawang Homemade,Makanan & Minuman,3,34900.0,10.0,10500.0,94100.0,ShopeePay,processing,Palembang
ORD04147,2023-03-27,CST0807,STR035,PRD0016,Rendang Kemasan Vacuum,Makanan & Minuman,1,129500.0,0.0,0.0,129500.0,GoPay,delivered,Surabaya
ORD00854,2024-06-21,CST0871,STR047,PRD0052,Gelang Batok Kelapa,Kerajinan & Souvenir,1,25900.0,0.0,0.0,25900.0,Transfer BCA,cancelled,Makassar
ORD01983,2024-03-06,CST0958,STR021,PRD0023,Shampo Kemiri Organik,Kecantikan & Perawatan,1,75800.0,0.0,0.0,75800.0,OVO,cancelled,Depok
ORD02775,2024-01-17,CST0044,STR049,PRD0049,Matras Yoga 6mm,Olahraga & Outdoor,2,171900.0,5.0,17200.0,326600.0,COD,cancelled,Makassar
ORD04930,2024-11-09,CST0801,STR022,PRD0009,Keripik Tempe Renceng,Makanan & Minuman,3,14800.0,,0.0,44300.0,Dana,delivered,Jakarta
ORD05212,2023-01-31,CST0546,STR014,PRD0026,Kabel Data Type-C 1m,Elektronik & Aksesori,1,38300.0,10.0,3800.0,34500.0,Dana,cancelled,Makassar
ORD01167,2024-04-18,CST0271,STR031,PRD0039,Keranjang Rotan Mini,Rumah Tangga,1,107500.0,0.0,0.0,107500.0,Transfer BCA,cancelled,Palembang
ORD00972,25-02-2024,CST0932,STR037,PRD0054,Lukisan Kanvas UMKM,Kerajinan & Souvenir,1,206000.0,5.0,10300.0,195700.0,Transfer BCA,delivered,Depok
ORD02702,2023-12-01,CST0424,STR040,PRD0052,Gelang Batok Kelapa,Kerajinan & Souvenir,1,26900.0,,0.0,26900.0,LinkAja,processing,Tangerang
ORD04496,2024-05-12,CST0525,STR024,PRD0049,Matras Yoga 6mm,Olahraga & Outdoor,2,146300.0,,14600.0,278000.0,ShopeePay,cancelled,Bogor
ORD03848,2023-05-21,CST0970,STR011,PRD0016,Rendang Kemasan Vacuum,Makanan & Minuman,3,124400.0,0.0,0.0,373300.0,QRIS,delivered,Bogor
ORD02369,2023-04-07,CST0334,STR016,PRD0019,Sabun Sirih Herbal,Kecantikan & Perawatan,2,27900.0,10.0,5600.0,50300.0,Dana,delivered,Medan
ORD04116,2024-05-13,CST0873,STR027,PRD0002,Kaos Polos Cotton Combed,Fashion & Pakaian,3,47300.0,5.0,7100.0,134900.0,QRIS,cancelled,Depok
ORD04781,2023-12-03,CST0553,STR041,PRD0045,Buku Mewarnai + Crayon,Perlengkapan Bayi & Anak,5,31300.0,10.0,15600.0,140700.0,,processing,
ORD04132,2024-06-01,CST0286,STR002,PRD0014,Madu Hutan Asli 500ml,Makanan & Minuman,3,159400.0,0.0,0.0,478200.0,Transfer BCA,delivered,Medan
ORD02951,2023-02-06,CST0420,STR022,PRD0011,Kopi Arabika Toraja 250gr,Makanan & Minuman,1,81000.0,5.0,4000.0,76900.0,alfamart,cancelled,Jakarta
ORD00525,2024-09-25,CST0281,STR008,PRD0018,Masker Wajah Clay BPOM,Kecantikan & Perawatan,3,54600.0,15.0,24600.0,139400.0,,cancelled,Palembang
ORD02456,17-03-2023,CST0731,STR030,PRD0015,Dodol Garut Premium,Makanan & Minuman,1,46600.0,20.0,9300.0,37300.0,LinkAja,delivered,Surabaya
ORD05017,2024-04-23,CST0781,STR046,PRD0005,Dress Casual Wanita,Fashion & Pakaian,5,167300.0,0.0,0.0,836600.0,Indomaret,processing,Medan
ORD01842,2024-06-20,CST0740,STR028,PRD0012,Teh Herbal Jahe Merah,Makanan & Minuman,1,38100.0,5.0,1900.0,36200.0,Transfer BRI,cancelled,Palembang
ORD00538,2024-11-24,CST0580,STR033,PRD0017,Skincare Serum Vit C Lokal,Kecantikan & Perawatan,2,109600.0,5.0,11000.0,208200.0,Transfer BRI,delivered,Depok
ORD02807,2024-10-12,CST0003,STR040,PRD0014,Madu Hutan Asli 500ml,Makanan & Minuman,4,177100.0,0.0,0.0,708500.0,Indomaret,delivered,Tangerang
ORD04342,2024-08-27,CST0008,STR006,PRD0028,Holder HP Mobil,Elektronik & Aksesori,3,55900.0,15.0,25200.0,142600.0,Indomaret,processing,Depok
ORD03176,2024-04-23,CST0747,STR024,PRD0017,Skincare Serum Vit C Lokal,Kecantikan & Perawatan,3,111200.0,20.0,66700.0,266800.0,LinkAja,delivered,Bogor
ORD00785,2024-10-30,CST0489,STR024,PRD0051,Topi Running,Olahraga & Outdoor,3,52200.0,25.0,39200.0,117500.0,Indomaret,processing,Bogor
ORD04058,2024-06-19,CST0130,STR030,PRD0016,Rendang Kemasan Vacuum,Makanan & Minuman,4,137900.0,10.0,55200.0,496400.0,Transfer Mandiri,processing,Surabaya
ORD01410,2024-07-04,CST0813,STR016,PRD0040,Lilin Aromaterapi,Rumah Tangga,4,71300.0,0.0,0.0,285100.0,qris,returned,Medan
ORD02538,2023-12-02,CST0631,STR037,PRD0037,Botol Minum Tumbler,Rumah Tangga,1,79000.0,0.0,0.0,79000.0,GoPay,delivered,Depok
ORD00155,2023-01-26,CST0649,STR033,PRD0056,Topeng Kayu Dekorasi,Kerajinan & Souvenir,3,118300.0,0.0,0.0,355000.0,Transfer BCA,cancelled,Depok
ORD03010,2024-12-06,CST0014,STR047,PRD0014,Madu Hutan Asli 500ml,Makanan & Minuman,1,163600.0,0.0,0.0,163600.0,Transfer BCA,processing,Makassar
ORD01687,2024-08-30,CST0094,STR026,PRD0008,Sandal Kulit Handmade,Fashion & Pakaian,5,145500.0,0.0,0.0,727300.0,Transfer Mandiri,delivered,Bandung
ORD02902,2023-05-05,CST0661,STR006,PRD0014,Madu Hutan Asli 500ml,Makanan & Minuman,1,167200.0,5.0,8400.0,158800.0,GoPay,delivered,Depok
ORD04617,2023-05-25,CST0766,STR006,PRD0005,Dress Casual Wanita,Fashion & Pakaian,4,173200.0,15.0,103900.0,588900.0,OVO,cancelled,Depok
ORD04722,2023-06-06,CST0351,STR001,PRD0032,Charger Fast Charging,Elektronik & Aksesori,2,67400.0,5.0,6700.0,128100.0,QRIS,delivered,Surabaya
ORD03864,2023-01-01,CST0090,STR029,PRD0056,Topeng Kayu Dekorasi,Kerajinan & Souvenir,2,111500.0,0.0,0.0,223100.0,Transfer BCA,returned,Bandung
ORD02734,2023-01-17,CST0731,STR040,PRD0030,Mouse Wireless USB,Elektronik & Aksesori,1,97600.0,,19500.0,78100.0,Indomaret,delivered,Tangerang
ORD01896,2023-06-06,CST0605,STR024,PRD0046,Botol Susu Anti-Kolik,Perlengkapan Bayi & Anak,5,103500.0,5.0,25900.0,491400.0,Transfer BRI,processing,Bogor
ORD00570,2024-07-04,CST0216,STR006,PRD0038,Talenan Kayu Jati,Rumah Tangga,5,96100.0,5.0,24000.0,456700.0,GoPay,delivered,Depok
ORD01817,2023-07-15,CST0105,STR013,PRD0001,Batik Tulis Premium,Fashion & Pakaian,1,303800.0,15.0,45600.0,258200.0,COD,processing,Depok
ORD02066,2023-10-30,CST0070,STR024,PRD0001,Batik Tulis Premium,Fashion & Pakaian,3,316800.0,10.0,95000.0,855300.0,Indomaret,processing,Bogor
ORD00128,2023-12-24,CST0594,STR031,PRD0022,Body Lotion Bengkoang,Kecantikan & Perawatan,1,56500.0,10.0,5700.0,50900.0,QRIS,delivered,Palembang
ORD03395,2023-01-07,CST0422,STR015,PRD0034,Sapu Lantai Ijuk,Rumah Tangga,4,23800.0,0.0,0.0,95400.0,GoPay,returned,Jakarta
ORD03328,2024-05-09,CST0634,STR040,PRD0039,Keranjang Rotan Mini,Rumah Tangga,3,129000.0,0.0,0.0,387000.0,COD,returned,Tangerang
ORD00513,2024-10-24,CST0485,STR049,PRD0032,Charger Fast Charging,Elektronik & Aksesori,1,76600.0,0.0,0.0,76600.0,ShopeePay,cancelled,Makassar
ORD02976,2024-09-13,CST0792,STR002,PRD0053,Tas Anyaman Pandan,Kerajinan & Souvenir,4,105600.0,0.0,0.0,422500.0,COD,cancelled,Medan
ORD00981,2024-01-19,CST0854,STR034,PRD0023,Shampo Kemiri Organik,Kecantikan & Perawatan,3,74400.0,0.0,0.0,223300.0,Indomaret,delivered,Depok
ORD02301,2023-03-08,CST0097,STR042,PRD0011,Kopi Arabika Toraja 250gr,Makanan & Minuman,1,84200.0,10.0,8400.0,75800.0,transfer bca,delivered,Bogor
ORD00191,12-07-2023,CST0563,STR003,PRD0026,Kabel Data Type-C 1m,Elektronik & Aksesori,2,44600.0,0.0,0.0,89300.0,Transfer BRI,delivered,Depok
ORD01140,2024-12-19,CST0477,STR035,PRD0012,Teh Herbal Jahe Merah,Makanan & Minuman,2,39000.0,5.0,3900.0,74200.0,QRIS,delivered,Surabaya
ORD05089,2024-05-13,CST0672,STR018,PRD0034,Sapu Lantai Ijuk,Rumah Tangga,1,26300.0,0.0,0.0,26300.0,LinkAja,delivered,Makassar
ORD00700,2024-10-17,CST0880,STR032,PRD0026,Kabel Data Type-C 1m,Elektronik & Aksesori,3,41900.0,10.0,12600.0,113200.0,GoPay,delivered,Bogor
ORD05362,2024-01-09,CST0872,STR046,PRD0048,Tali Skipping Premium,Olahraga & Outdoor,3,52800.0,15.0,23800.0,134600.0,Alfamart,delivered,Medan
ORD00607,2024-01-29,CST0982,STR044,PRD0035,Lap Microfiber Set 3pcs,Rumah Tangga,2,31700.0,10.0,6300.0,57100.0,OVO,delivered,Tangerang
ORD04277,2023-08-31,CST0794,STR025,PRD0007,Sepatu Sneakers Lokal,Fashion & Pakaian,4,272000.0,5.0,54400.0,1033700.0,LinkAja,processing,Tangerang
ORD00302,2023-01-23,CST0919,STR048,PRD0056,Topeng Kayu Dekorasi,Kerajinan & Souvenir,4,104300.0,20.0,83400.0,333600.0,Indomaret,delivered,Surabaya
ORD03421,2024-01-01,CST0386,STR019,PRD0041,Baju Bayi Newborn Set,Perlengkapan Bayi & Anak,2,142000.0,20.0,56800.0,227200.0,LinkAja,cancelled,Surabaya
ORD05404,2024-11-09,CST0497,STR038,PRD0002,Kaos Polos Cotton Combed,Fashion & Pakaian,2,47400.0,5.0,4700.0,90000.0,Indomaret,returned,Semarang
ORD01061,2023-12-26,CST0561,STR045,PRD0047,Kaos Olahraga Dryfit,Olahraga & Outdoor,10,75700.0,5.0,37900.0,719300.0,Transfer BCA,cancelled,Bogor
ORD02566,2023-05-11,CST0810,STR012,PRD0023,Shampo Kemiri Organik,Kecantikan & Perawatan,2,79100.0,0.0,0.0,158200.0,Indomaret,delivered,Depok
ORD00934,2024-11-21,CST0607,STR034,PRD0002,Kaos Polos Cotton Combed,Fashion & Pakaian,1,48500.0,10.0,4900.0,43700.0,OVO,returned,Depok
ORD01070,2024-12-19,CST0479,STR042,PRD0031,Casing HP Anti Crack,Elektronik & Aksesori,1,32200.0,5.0,1600.0,30600.0,Transfer Mandiri,returned,Bogor
ORD02525,10/08/2023,CST0861,STR019,PRD0049,Matras Yoga 6mm,Olahraga & Outdoor,5,168900.0,0.0,0.0,844700.0,Alfamart,returned,Surabaya
ORD02206,2024-05-16,CST0591,STR003,PRD0005,Dress Casual Wanita,Fashion & Pakaian,2,186100.0,20.0,74400.0,297800.0,COD,delivered,Depok
ORD01244,2024-08-25,CST0708,STR024,PRD0009,Keripik Tempe Renceng,Makanan & Minuman,3,13400.0,10.0,4000.0,36200.0,,delivered,Bogor
ORD00017,2024-03-24,CST0911,STR046,PRD0013,Snack Box Mix,makanan & minuman,3,46800.0,0.0,0.0,140500.0,,delivered,Medan
ORD03121,19-01-2024,CST0805,STR030,PRD0029,Lampu LED Ring Light,Elektronik & Aksesori,1,160400.0,5.0,8000.0,152400.0,QRIS,delivered,Surabaya
ORD04643,2023-08-17,CST0347,STR038,PRD0009,Keripik Tempe Renceng,Makanan & Minuman,1,13700.0,0.0,0.0,13700.0,Transfer BRI,delivered,Semarang
ORD04755,2024-02-05,CST0584,STR033,PRD0002,Kaos Polos Cotton Combed,Fashion & Pakaian,2,45400.0,0.0,0.0,90900.0,QRIS,delivered,Depok
ORD00816,2023-09-23,CST0356,STR016,PRD0055,Gantungan Kunci Batik,Kerajinan & Souvenir,1,12800.0,0.0,0.0,12800.0,Dana,delivered,Medan
ORD03068,2024-04-21,CST0493,STR047,PRD0011,Kopi Arabika Toraja 250gr,Makanan & Minuman,4,82800.0,0.0,0.0,331300.0,Indomaret,delivered,Makassar
ORD05367,2024-02-27,CST0390,STR024,PRD0042,Mainan Edukasi Kayu,Perlengkapan Bayi & Anak,3,83800.0,10.0,25100.0,226300.0,Indomaret,delivered,Bogor
ORD00960,2023-08-08,CST0747,STR012,PRD0030,Mouse Wireless USB,Elektronik & Aksesori,3,89400.0,15.0,40200.0,228100.0,,cancelled,Depok
ORD04894,2023-12-31,CST0432,STR014,PRD0053,Tas Anyaman Pandan,Kerajinan & Souvenir,1,105300.0,0.0,0.0,105300.0,OVO,returned,
ORD00226,2023-07-09,CST0128,STR041,PRD0010,Sambal Bawang Homemade,Makanan & Minuman,4,35700.0,0.0,0.0,142900.0,Transfer Mandiri,processing,Semarang
ORD03355,2024-11-26,CST0124,STR050,PRD0039,Keranjang Rotan Mini,Rumah Tangga,3,128000.0,15.0,57600.0,326500.0,OVO,cancelled,Medan
ORD02486,2023-03-16,CST0754,STR012,PRD0053,Tas Anyaman Pandan,Kerajinan & Souvenir,1,106500.0,20.0,21300.0,85200.0,Transfer BCA,delivered,Depok
ORD00563,2024-02-04,CST0080,STR040,PRD0047,Kaos Olahraga Dryfit,Olahraga & Outdoor,1,74000.0,15.0,11100.0,62900.0,LinkAja,cancelled,Tangerang
ORD03437,2024-10-20,CST0177,STR039,PRD0032,Charger Fast Charging,Elektronik & Aksesori,2,72000.0,0.0,0.0,143900.0,COD,delivered,Bandung
ORD01694,2024-06-26,CST0525,STR029,PRD0009,Keripik Tempe Renceng,Makanan & Minuman,1,14800.0,15.0,2200.0,12600.0,Dana,delivered,Bandung
ORD01046,2023-02-24,CST0393,STR028,PRD0024,Parfum Roll-On Halal,Kecantikan & Perawatan,2,40900.0,0.0,0.0,81800.0,Transfer BRI,processing,Palembang
ORD03447,2023-11-27,CST0168,STR014,PRD0034,Sapu Lantai Ijuk,Rumah Tangga,1,27100.0,15.0,4100.0,23000.0,Transfer BCA,delivered,Makassar
ORD04566,2024-12-04,CST0052,STR028,PRD0027,Earphone Bluetooth TWS,Elektronik & Aksesori,5,159300.0,15.0,119500.0,677100.0,Transfer BRI,cancelled,Palembang
ORD00955,2024-05-02,CST0763,STR034,PRD0023,Shampo Kemiri Organik,Kecantikan & Perawatan,1,73700.0,5.0,3700.0,70000.0,Transfer Mandiri,delivered,Depok
ORD02599,2023-09-09,CST0491,STR011,PRD0038,Talenan Kayu Jati,Rumah Tangga,1,83400.0,15.0,12500.0,70900.0,Alfamart,delivered,Bogor
ORD02736,2023-09-23,CST0721,STR011,PRD0039,Keranjang Rotan Mini,Rumah Tangga,3,119600.0,10.0,35900.0,323000.0,OVO,cancelled,Bogor
ORD05500,2023-10-17,CST0215,STR031,PRD0028,Holder HP Mobil,Elektronik & Aksesori,3,60800.0,15.0,27300.0,154900.0,Transfer BRI,delivered,Palembang
ORD04736,2023-10-19,CST0340,STR029,PRD0012,Teh Herbal Jahe Merah,Makanan & Minuman,1,41300.0,5.0,2100.0,39300.0,Transfer BCA,processing,Bandung
ORD05407,2024-01-07,CST0026,STR010,PRD0020,Lip Cream Matte Halal,Kecantikan & Perawatan,2,47900.0,10.0,9600.0,86300.0,Transfer Mandiri,processing,Palembang
ORD01219,2023-07-20,CST0423,STR021,PRD0029,Lampu LED Ring Light,Elektronik & Aksesori,1,162000.0,15.0,24300.0,137700.0,Alfamart,cancelled,Depok
ORD05255,2023-02-09,CST0490,STR006,PRD0047,Kaos Olahraga Dryfit,Olahraga & Outdoor,3,82300.0,0.0,0.0,246900.0,COD,delivered,Depok
ORD01528,2023-04-08,CST0443,STR012,PRD0019,Sabun Sirih Herbal,Kecantikan & Perawatan,1,27900.0,0.0,0.0,27900.0,Indomaret,processing,Depok
ORD03988,2023-08-21,CST0657,STR049,PRD0011,Kopi Arabika Toraja 250gr,Makanan & Minuman,3,76200.0,0.0,0.0,228500.0,Dana,processing,Makassar
ORD02931,2024-07-04,CST0145,STR023,PRD0027,Earphone Bluetooth TWS,Elektronik & Aksesori,3,146400.0,15.0,65900.0,373300.0,OVO,cancelled,Palembang
ORD01301,2023-03-30,CST0016,STR034,PRD0039,Keranjang Rotan Mini,Rumah Tangga,1,120600.0,20.0,24100.0,96500.0,Dana,delivered,Depok
ORD00637,2024-12-12,CST0600,STR028,PRD0001,Batik Tulis Premium,Fashion & Pakaian,2,342800.0,5.0,34300.0,651400.0,qris,cancelled,Palembang
ORD00161,2023-07-25,CST0141,STR040,PRD0013,Snack Box Mix,Makanan & Minuman,1,47200.0,0.0,0.0,47200.0,Transfer Mandiri,processing,Tangerang
ORD04068,2023-01-27,CST0516,STR041,PRD0023,Shampo Kemiri Organik,Kecantikan & Perawatan,5,70300.0,5.0,17600.0,333800.0,Alfamart,cancelled,Semarang
ORD00957,2024-01-06,CST0833,STR027,PRD0048,Tali Skipping Premium,Olahraga & Outdoor,3,61200.0,0.0,0.0,183700.0,ShopeePay,delivered,Depok
ORD03792,2023-03-09,CST0974,STR019,PRD0049,Matras Yoga 6mm,Olahraga & Outdoor,2,146600.0,0.0,0.0,293100.0,GoPay,delivered,Surabaya
ORD03235,04-06-2024,CST0690,STR006,PRD0053,Tas Anyaman Pandan,Kerajinan & Souvenir,2,97100.0,0.0,0.0,194200.0,Transfer BCA,processing,Depok
ORD02870,28/12/2023,CST0154,STR009,PRD0047,Kaos Olahraga Dryfit,Olahraga & Outdoor,3,79100.0,5.0,11900.0,225400.0,GoPay,delivered,Medan
ORD03778,2024-12-08,CST0789,STR025,PRD0040,Lilin Aromaterapi,Rumah Tangga,4,67200.0,5.0,13400.0,255300.0,GoPay,delivered,Tangerang
ORD04434,2023-02-26,CST0221,STR031,PRD0055,Gantungan Kunci Batik,Kerajinan & Souvenir,1,12400.0,0.0,0.0,12400.0,OVO,cancelled,Palembang
ORD04974,2024-02-03,CST0428,STR033,PRD0031,Casing HP Anti Crack,Elektronik & Aksesori,3,33900.0,0.0,0.0,101800.0,Transfer BCA,cancelled,Depok
ORD02962,2024-12-27,CST0303,STR028,PRD0047,Kaos Olahraga Dryfit,Olahraga & Outdoor,3,83100.0,15.0,37400.0,211800.0,Transfer Mandiri,delivered,Palembang
ORD02201,2023-06-18,CST0856,STR042,PRD0005,Dress Casual Wanita,Fashion & Pakaian,1,177300.0,20.0,35500.0,141800.0,Dana,returned,Bogor
ORD00099,2024/02/26,CST0479,STR040,PRD0011,Kopi Arabika Toraja 250gr,Makanan & Minuman,1,86700.0,15.0,13000.0,73700.0,Indomaret,processing,
ORD02558,2024-03-23,CST0497,STR032,PRD0051,Topi Running,Olahraga & Outdoor,1,48400.0,5.0,2400.0,46000.0,OVO,processing,Bogor
ORD03184,2024-11-10,CST0142,STR027,PRD0038,Talenan Kayu Jati,Rumah Tangga,5,86800.0,10.0,43400.0,390600.0,LinkAja,cancelled,Depok
ORD00254,2024-08-30,CST0360,STR002,PRD0026,Kabel Data Type-C 1m,Elektronik & Aksesori,1,38400.0,0.0,0.0,38400.0,Transfer BRI,delivered,Medan
ORD03924,2024-02-06,CST0424,STR024,PRD0042,Mainan Edukasi Kayu,Perlengkapan Bayi & Anak,1,80900.0,20.0,16200.0,64700.0,Transfer BRI,returned,Bogor
ORD04200,2024-12-27,CST0791,STR026,PRD0015,Dodol Garut Premium,Makanan & Minuman,1,46400.0,20.0,9300.0,37100.0,Alfamart,returned,Bandung
ORD01446,2023-08-08,CST0003,STR036,PRD0041,Baju Bayi Newborn Set,Perlengkapan Bayi & Anak,1,133700.0,5.0,6700.0,127000.0,Transfer BCA,delivered,Tangerang
ORD01649,2024-01-07,CST0915,STR021,PRD0037,Botol Minum Tumbler,Rumah Tangga,5,85800.0,0.0,0.0,429000.0,GoPay,cancelled,Depok
ORD04683,2023-09-06,CST0153,STR008,PRD0005,Dress Casual Wanita,Fashion & Pakaian,3,165200.0,0.0,0.0,495500.0,Transfer Mandiri,delivered,Palembang
ORD04724,2024-12-25,CST0408,STR027,PRD0053,Tas Anyaman Pandan,Kerajinan & Souvenir,2,96100.0,0.0,0.0,192200.0,GoPay,delivered,Depok
ORD03992,2023-05-29,CST0974,STR044,PRD0045,Buku Mewarnai + Crayon,Perlengkapan Bayi & Anak,2,29100.0,5.0,2900.0,55300.0,Dana,returned,Tangerang
ORD01697,2024-05-02,CST0442,STR017,PRD0035,Lap Microfiber Set 3pcs,Rumah Tangga,3,32500.0,5.0,4900.0,92600.0,Transfer BCA,processing,Tangerang
ORD03192,2024-08-11,CST0559,STR021,PRD0049,Matras Yoga 6mm,Olahraga & Outdoor,1,156600.0,0.0,0.0,156600.0,QRIS,delivered,Depok
ORD04500,2023-03-14,CST0218,STR024,PRD0046,Botol Susu Anti-Kolik,Perlengkapan Bayi & Anak,1,99000.0,5.0,4900.0,94000.0,LinkAja,delivered,Bogor
ORD01155,2023-03-03,CST0728,STR045,PRD0004,Celana Chino Pria,Fashion & Pakaian,1,167800.0,5.0,8400.0,159400.0,Transfer BRI,cancelled,Bogor
ORD02256,2023-10-24,CST0816,STR025,PRD0047,Kaos Olahraga Dryfit,Olahraga & Outdoor,1,72100.0,0.0,0.0,72100.0,,returned,Tangerang
ORD01683,2024-12-08,CST0353,STR015,PRD0028,Holder HP Mobil,Elektronik & Aksesori,1,59100.0,5.0,3000.0,56200.0,Transfer BRI,cancelled,Jakarta
ORD03171,2024-10-05,CST0350,STR015,PRD0021,Sunscreen SPF50 Lokal,Kecantikan & Perawatan,3,87200.0,20.0,52300.0,209300.0,OVO,returned,Jakarta
ORD02057,2024-08-13,CST0779,STR016,PRD0025,Powerbank 10000mAh,Elektronik & Aksesori,1,120100.0,10.0,12000.0,108100.0,Indomaret,cancelled,Medan
ORD04091,2024-11-21,CST0024,STR028,PRD0022,Body Lotion Bengkoang,Kecantikan & Perawatan,5,49900.0,0.0,0.0,249500.0,Indomaret,cancelled,Palembang
ORD05471,2024-09-13,CST0824,STR043,PRD0015,Dodol Garut Premium,Makanan & Minuman,5,48900.0,0.0,0.0,244300.0,LinkAja,processing,Surabaya
ORD03109,2024-12-04,CST0650,STR011,PRD0040,Lilin Aromaterapi,Rumah Tangga,2,69600.0,,13900.0,125200.0,,delivered,Bogor
ORD04549,2023-05-08,CST0651,STR025,PRD0053,Tas Anyaman Pandan,Kerajinan & Souvenir,4,98100.0,10.0,39200.0,353000.0,Transfer Mandiri,delivered,Tangerang
ORD03724,2024-03-30,CST0691,STR002,PRD0053,Tas Anyaman Pandan,Kerajinan & Souvenir,1,102900.0,10.0,10300.0,92600.0,Transfer BCA,delivered,Medan
ORD02050,2024-11-15,CST0723,STR026,PRD0053,Tas Anyaman Pandan,Kerajinan & Souvenir,2,98000.0,5.0,9800.0,186100.0,OVO,delivered,Bandung
ORD04977,2024-03-19,CST0049,STR019,PRD0024,Parfum Roll-On Halal,Kecantikan & Perawatan,2,39100.0,0.0,0.0,78200.0,Transfer Mandiri,cancelled,Surabaya
ORD03644,2024-09-14,CST0107,STR019,PRD0020,Lip Cream Matte Halal,Kecantikan & Perawatan,1,46900.0,15.0,7000.0,39900.0,Transfer BCA,cancelled,Surabaya
ORD02891,2023-11-03,CST0300,STR028,PRD0022,Body Lotion Bengkoang,Kecantikan & Perawatan,5,50600.0,0.0,0.0,252900.0,OVO,delivered,Palembang
ORD00624,2024-10-08,CST0914,STR011,PRD0049,Matras Yoga 6mm,Olahraga & Outdoor,2,168700.0,0.0,0.0,337400.0,,delivered,Bogor
ORD00263,2024-07-06,CST0686,STR021,PRD0025,Powerbank 10000mAh,Elektronik & Aksesori,2,130600.0,10.0,26100.0,235200.0,,delivered,Depok
ORD03370,2023-02-14,CST0170,STR002,PRD0026,Kabel Data Type-C 1m,Elektronik & Aksesori,1,45600.0,0.0,0.0,45600.0,,delivered,Medan
ORD04062,2023-01-05,CST0777,STR046,PRD0022,Body Lotion Bengkoang,Kecantikan & Perawatan,1,53900.0,5.0,2700.0,51200.0,LinkAja,delivered,Medan
ORD01803,2024-06-09,CST0473,STR027,PRD0027,Earphone Bluetooth TWS,Elektronik & Aksesori,10,135700.0,0.0,0.0,1356600.0,Indomaret,cancelled,
ORD04737,2024-03-29,CST0269,STR003,PRD0002,Kaos Polos Cotton Combed,Fashion & Pakaian,2,49000.0,0.0,0.0,97900.0,LinkAja,cancelled,Depok
ORD02937,2023-01-15,CST0487,STR002,PRD0005,Dress Casual Wanita,Fashion & Pakaian,4,158000.0,10.0,63200.0,568800.0,QRIS,delivered,Medan
ORD02386,2024-03-07,CST0889,STR031,PRD0021,Sunscreen SPF50 Lokal,Kecantikan & Perawatan,1,88700.0,10.0,8900.0,79900.0,Dana,delivered,Palembang
ORD01960,2023-05-18,CST0546,STR009,PRD0047,Kaos Olahraga Dryfit,Olahraga & Outdoor,4,80800.0,5.0,16200.0,307100.0,OVO,returned,Medan
ORD02977,2024-06-10,CST0235,STR012,PRD0016,Rendang Kemasan Vacuum,Makanan & Minuman,3,117200.0,5.0,17600.0,334000.0,GoPay,delivered,Depok
ORD00489,2023-07-15,CST0321,STR039,PRD0014,Madu Hutan Asli 500ml,Makanan & Minuman,1,184900.0,0.0,0.0,184900.0,Transfer BRI,delivered,Bandung
ORD01844,2024-01-22,CST0064,STR033,PRD0007,Sepatu Sneakers Lokal,Fashion & Pakaian,1,268500.0,0.0,0.0,268500.0,Transfer BCA,cancelled,Depok
ORD01735,2024-10-03,CST0574,STR031,PRD0003,Hijab Voal Motif,Fashion & Pakaian,1,67300.0,15.0,10100.0,57200.0,ShopeePay,returned,
ORD02912,2024-01-11,CST0696,STR002,PRD0051,Topi Running,Olahraga & Outdoor,2,47600.0,10.0,9500.0,85800.0,OVO,processing,Medan
ORD03220,2024-05-15,CST0297,STR015,PRD0047,Kaos Olahraga Dryfit,Olahraga & Outdoor,4,81400.0,10.0,32600.0,293200.0,LinkAja,delivered,Jakarta
ORD00147,2024-04-18,CST0792,STR040,PRD0050,Botol Infuser Air,Olahraga & Outdoor,3,61300.0,10.0,18400.0,165500.0,,delivered,Tangerang
ORD01987,2023-10-11,CST0499,STR027,PRD0013,Snack Box Mix,Makanan & Minuman,5,50000.0,10.0,25000.0,225200.0,Alfamart,delivered,Depok
ORD01370,2023-05-07,CST0062,STR043,PRD0037,Botol Minum Tumbler,Rumah Tangga,1,79900.0,25.0,20000.0,59900.0,QRIS,delivered,Surabaya
ORD02812,2023-06-04,CST0630,STR004,PRD0019,Sabun Sirih Herbal,Kecantikan & Perawatan,3,25900.0,10.0,7800.0,69900.0,Transfer BRI,returned,Jakarta
ORD00660,2023-04-22,CST0858,STR004,PRD0034,Sapu Lantai Ijuk,Rumah Tangga,1,28100.0,10.0,2800.0,25300.0,LinkAja,delivered,Jakarta
ORD01795,2024-04-01,CST0755,STR036,PRD0018,Masker Wajah Clay BPOM,Kecantikan & Perawatan,3,53100.0,5.0,8000.0,151400.0,Transfer Mandiri,delivered,Tangerang
ORD02512,2024-06-03,CST0863,STR038,PRD0054,Lukisan Kanvas UMKM,Kerajinan & Souvenir,5,178900.0,25.0,223600.0,670900.0,GoPay,delivered,Semarang
ORD03398,2024-08-02,CST0240,STR037,PRD0033,Tempat Makan Tupperware KW,Rumah Tangga,10,52200.0,0.0,0.0,521900.0,Dana,returned,Depok
ORD04283,2024-04-07,CST0574,STR014,PRD0029,Lampu LED Ring Light,Elektronik & Aksesori,5,177800.0,0.0,0.0,889100.0,Transfer BCA,processing,Makassar
ORD01148,2024-12-31,CST0134,STR024,PRD0043,Tas Sekolah Anak SD,Perlengkapan Bayi & Anak,1,110900.0,5.0,5500.0,105400.0,Indomaret,delivered,Bogor
ORD03273,2023-07-19,CST0427,STR027,PRD0051,Topi Running,Olahraga & Outdoor,3,53200.0,0.0,0.0,159700.0,ShopeePay,delivered,Depok
ORD00609,2023-07-17,CST0920,STR031,PRD0051,Topi Running,Olahraga & Outdoor,1,45000.0,10.0,4500.0,40500.0,QRIS,delivered,Palembang
ORD03583,2024-09-20,CST0717,STR043,PRD0052,Gelang Batok Kelapa,Kerajinan & Souvenir,3,26900.0,0.0,0.0,80800.0,ShopeePay,delivered,Surabaya
ORD01931,2023-07-21,CST0670,STR019,PRD0007,Sepatu Sneakers Lokal,Fashion & Pakaian,2,297000.0,15.0,89100.0,504900.0,Transfer Mandiri,processing,Surabaya
ORD00198,2023-02-04,CST0252,STR001,PRD0037,Botol Minum Tumbler,Rumah Tangga,10,85500.0,10.0,85500.0,769800.0,OVO,returned,Surabaya
ORD02932,2023-09-30,CST0344,STR012,PRD0028,Holder HP Mobil,Elektronik & Aksesori,4,54100.0,20.0,43300.0,173100.0,COD,returned,Depok
ORD02328,2024-08-27,CST0053,STR034,PRD0041,Baju Bayi Newborn Set,Perlengkapan Bayi & Anak,-2,124800.0,5.0,12500.0,237000.0,QRIS,returned,Depok
ORD04390,2024-06-01,CST0753,STR019,PRD0017,Skincare Serum Vit C Lokal,Kecantikan & Perawatan,1,116200.0,0.0,0.0,116200.0,Indomaret,delivered,Surabaya
ORD00767,2023-05-10,CST0045,STR038,PRD0012,Teh Herbal Jahe Merah,Makanan & Minuman,2,42800.0,0.0,0.0,85500.0,Transfer BRI,delivered,Semarang
ORD04497,2023-03-26,CST0231,STR041,PRD0041,Baju Bayi Newborn Set,Perlengkapan Bayi & Anak,1,133800.0,10.0,13400.0,120400.0,COD,delivered,Semarang
ORD04219,2023-10-01,CST0011,STR007,PRD0008,Sandal Kulit Handmade,Fashion & Pakaian,5,163200.0,5.0,40800.0,775400.0,Alfamart,delivered,Bogor
ORD03256,2024-11-25,CST0961,STR021,PRD0031,Casing HP Anti Crack,Elektronik & Aksesori,4,28900.0,10.0,11600.0,104200.0,OVO,cancelled,Depok
ORD00203,2024-04-09,CST1000,STR030,PRD0009,Keripik Tempe Renceng,Makanan & Minuman,2,14200.0,10.0,2800.0,25500.0,Transfer BRI,delivered,Surabaya
ORD03511,2023-10-14,CST0148,STR015,PRD0031,Casing HP Anti Crack,Elektronik & Aksesori,1,30400.0,25.0,7600.0,22800.0,COD,delivered,Jakarta
ORD04932,2023-06-16,CST0089,STR037,PRD0006,Jaket Bomber,Fashion & Pakaian,2,328000.0,5.0,32800.0,623300.0,,processing,Depok
ORD01734,2023-08-08,CST0975,STR035,PRD0029,Lampu LED Ring Light,Elektronik & Aksesori,4,184100.0,0.0,0.0,736200.0,GoPay,processing,Surabaya
ORD02778,2024-11-20,CST0111,STR020,PRD0004,Celana Chino Pria,Fashion & Pakaian,1,173500.0,0.0,0.0,173500.0,COD,cancelled,Bandung
ORD01708,2024-12-18,CST0954,STR006,PRD0022,Body Lotion Bengkoang,Kecantikan & Perawatan,4,48000.0,0.0,0.0,192100.0,Dana,delivered,Depok
ORD05173,2024-03-18,CST0577,STR048,PRD0042,Mainan Edukasi Kayu,Perlengkapan Bayi & Anak,3,84900.0,0.0,0.0,254700.0,QRIS,returned,Surabaya
ORD05250,2023-01-04,CST0751,STR044,PRD0039,Keranjang Rotan Mini,Rumah Tangga,10,108000.0,5.0,54000.0,1025600.0,QRIS,delivered,Tangerang
ORD03475,2023-10-11,CST0897,STR048,PRD0024,Parfum Roll-On Halal,Kecantikan & Perawatan,1,41300.0,0.0,0.0,41300.0,shopeepay,delivered,Surabaya
ORD00855,2024-05-05,CST0497,STR008,PRD0011,Kopi Arabika Toraja 250gr,Makanan & Minuman,1,81700.0,0.0,0.0,81700.0,OVO,delivered,Palembang
ORD04738,2023-03-27,CST0967,STR040,PRD0047,Kaos Olahraga Dryfit,Olahraga & Outdoor,3,76800.0,0.0,0.0,230300.0,GoPay,returned,Tangerang
ORD04098,2023-12-09,CST0823,STR009,PRD0052,Gelang Batok Kelapa,Kerajinan & Souvenir,1,24600.0,0.0,0.0,24600.0,Alfamart,cancelled,Medan
ORD02161,2024-07-01,CST0823,STR047,PRD0014,Madu Hutan Asli 500ml,Makanan & Minuman,1,163800.0,5.0,8200.0,155700.0,Transfer Mandiri,processing,Makassar
ORD00699,2023-03-11,CST0324,STR019,PRD0011,Kopi Arabika Toraja 250gr,Makanan & Minuman,1,84500.0,5.0,4200.0,80300.0,Transfer BRI,returned,Surabaya
ORD01997,2023-10-10,CST0185,STR026,PRD0055,Gantungan Kunci Batik,Kerajinan & Souvenir,4,13900.0,0.0,0.0,55400.0,Transfer Mandiri,delivered,Bandung
ORD03000,2024-09-10,CST0835,STR005,PRD0018,Masker Wajah Clay BPOM,Kecantikan & Perawatan,2,51400.0,0.0,0.0,102700.0,COD,delivered,Medan
ORD03697,2023-11-27,CST0533,STR035,PRD0030,Mouse Wireless USB,Elektronik & Aksesori,4,99300.0,5.0,19900.0,377300.0,Indomaret,delivered,Surabaya
ORD01637,2023-07-31,CST0273,STR031,PRD0023,Shampo Kemiri Organik,Kecantikan & Perawatan,1,76700.0,0.0,0.0,76700.0,alfamart,processing,Palembang
ORD03458,2024-07-07,CST0373,STR003,PRD0051,Topi Running,Olahraga & Outdoor,2,49900.0,0.0,0.0,99900.0,QRIS,delivered,Depok
ORD03582,2023-02-18,CST0615,STR009,PRD0039,Keranjang Rotan Mini,Rumah Tangga,1,110500.0,0.0,0.0,110500.0,Indomaret,processing,Medan
ORD01292,2024-03-30,CST0641,STR014,PRD0055,Gantungan Kunci Batik,Kerajinan & Souvenir,2,117000.0,0.0,0.0,23300.0,COD,delivered,Makassar
ORD04660,2024-09-18,CST0630,STR005,PRD0008,Sandal Kulit Handmade,Fashion & Pakaian,4,166700.0,10.0,66700.0,600100.0,LinkAja,delivered,Medan
ORD01854,2023-08-23,CST0983,STR032,PRD0007,Sepatu Sneakers Lokal,Fashion & Pakaian,2,256200.0,0.0,0.0,512400.0,OVO,returned,Bogor
ORD05233,2023-01-12,CST0076,STR024,PRD0028,Holder HP Mobil,Elektronik & Aksesori,2,54600.0,0.0,0.0,109200.0,Transfer BRI,processing,Bogor
ORD03764,2024-02-14,CST0198,STR044,PRD0006,Jaket Bomber,Fashion & Pakaian,3,301100.0,0.0,0.0,903400.0,Transfer BRI,processing,Tangerang
ORD03305,2024-04-26,CST0009,STR038,PRD0012,Teh Herbal Jahe Merah,Makanan & Minuman,1,42700.0,5.0,2100.0,40500.0,Indomaret,delivered,Semarang
ORD02827,2023-02-02,CST0368,STR002,PRD0034,Sapu Lantai Ijuk,Rumah Tangga,1,24000.0,5.0,1200.0,22800.0,Transfer BRI,cancelled,Medan
ORD03744,2024-03-17,CST0610,STR026,PRD0056,Topeng Kayu Dekorasi,Kerajinan & Souvenir,2,116000.0,0.0,0.0,232000.0,Transfer BCA,delivered,Bandung
ORD03446,2024-06-02,CST0318,STR026,PRD0003,Hijab Voal Motif,Fashion & Pakaian,2,60000.0,5.0,6000.0,114000.0,COD,cancelled,Bandung
ORD01999,2023-08-13,CST0829,STR014,PRD0002,Kaos Polos Cotton Combed,Fashion & Pakaian,10,49900.0,,49900.0,449100.0,Dana,delivered,Makassar
ORD00664,2024-06-14,CST0225,STR045,PRD0045,Buku Mewarnai + Crayon,Perlengkapan Bayi & Anak,1,30600.0,20.0,6100.0,24500.0,Transfer BRI,delivered,Bogor
ORD04780,2024-08-18,CST0660,STR007,PRD0008,Sandal Kulit Handmade,Fashion & Pakaian,10,1679000.0,5.0,84000.0,1595100.0,GoPay,processing,Bogor
ORD05354,2023-08-15,CST0463,STR034,PRD0044,Sepatu Anak Velcro,Perlengkapan Bayi & Anak,1,87700.0,5.0,4400.0,83300.0,Transfer BCA,delivered,Depok
ORD03749,2024-12-26,CST0657,STR015,PRD0051,Topi Running,Olahraga & Outdoor,1,46000.0,0.0,0.0,46000.0,Indomaret,delivered,Jakarta
ORD04414,2023-12-04,CST0193,STR028,PRD0031,Casing HP Anti Crack,Elektronik & Aksesori,2,34400.0,0.0,0.0,68800.0,LinkAja,delivered,
ORD04745,2023-08-24,CST0709,STR017,PRD0003,Hijab Voal Motif,Fashion & Pakaian,4,61700.0,5.0,12300.0,234500.0,Alfamart,cancelled,Tangerang
ORD00710,2024-08-29,CST0072,STR029,PRD0020,Lip Cream Matte Halal,Kecantikan & Perawatan,2,50100.0,0.0,0.0,100300.0,COD,delivered,Bandung
ORD01283,2023-12-21,CST0167,STR036,PRD0016,Rendang Kemasan Vacuum,Makanan & Minuman,3,119300.0,5.0,17900.0,339900.0,ShopeePay,cancelled,Tangerang
ORD05069,2023-05-15,CST0834,STR028,PRD0039,Keranjang Rotan Mini,Rumah Tangga,3,122000.0,20.0,73200.0,292700.0,Transfer BRI,returned,Palembang
ORD02676,2024-11-19,CST0510,STR010,PRD0014,Madu Hutan Asli 500ml,Makanan & Minuman,3,178500.0,0.0,0.0,535400.0,ShopeePay,delivered,Palembang
ORD04030,2024-05-05,CST0818,STR015,PRD0005,Dress Casual Wanita,Fashion & Pakaian,3,178000.0,25.0,133500.0,400400.0,Alfamart,delivered,Jakarta
ORD01307,2024-01-08,CST0761,STR015,PRD0033,Tempat Makan Tupperware KW,Rumah Tangga,1,54600.0,5.0,2700.0,51900.0,Indomaret,processing,Jakarta
ORD02238,2023-05-17,CST0465,STR045,PRD0045,Buku Mewarnai + Crayon,Perlengkapan Bayi & Anak,1,29000.0,0.0,0.0,29000.0,Dana,processing,Bogor
ORD03303,2023-10-19,CST0718,STR045,PRD0054,Lukisan Kanvas UMKM,Kerajinan & Souvenir,3,196200.0,0.0,0.0,588700.0,OVO,delivered,Bogor
ORD02039,2023-09-05,CST0975,STR005,PRD0047,Kaos Olahraga Dryfit,Olahraga & Outdoor,2,73100.0,5.0,7300.0,138900.0,OVO,delivered,Medan
ORD01530,2024-03-26,CST0829,STR038,PRD0021,Sunscreen SPF50 Lokal,Kecantikan & Perawatan,4,91500.0,5.0,18300.0,347800.0,Transfer BRI,processing,Semarang
ORD01664,2023-06-07,CST0610,STR021,PRD0047,Kaos Olahraga Dryfit,Olahraga & Outdoor,2,75400.0,0.0,0.0,150800.0,OVO,delivered,Depok
ORD05451,2023-03-20,CST0533,STR001,PRD0022,Body Lotion Bengkoang,Kecantikan & Perawatan,1,53800.0,10.0,5400.0,48400.0,OVO,cancelled,Surabaya
ORD05038,2024-08-07,CST0056,STR015,PRD0052,Gelang Batok Kelapa,Kerajinan & Souvenir,2,26800.0,0.0,0.0,53700.0,Transfer BRI,returned,Jakarta
ORD02830,2024-07-23,CST0977,STR005,PRD0016,Rendang Kemasan Vacuum,Makanan & Minuman,4,127900.0,0.0,0.0,511600.0,,delivered,Medan
ORD03628,2024-07-30,CST0082,STR033,PRD0019,Sabun Sirih Herbal,Kecantikan & Perawatan,2,27500.0,0.0,0.0,55000.0,,delivered,Depok
ORD05148,2023-10-24,CST0599,STR040,PRD0030,Mouse Wireless USB,Elektronik & Aksesori,2,97000.0,25.0,48500.0,145600.0,Alfamart,processing,Tangerang
ORD04892,2023-01-06,CST0602,STR033,PRD0056,Topeng Kayu Dekorasi,Kerajinan & Souvenir,4,109700.0,0.0,0.0,438800.0,Transfer BCA,returned,Depok
ORD02694,2023-05-05,CST0603,STR010,PRD0043,Tas Sekolah Anak SD,Perlengkapan Bayi & Anak,1,123100.0,5.0,6200.0,116900.0,QRIS,delivered,Palembang
ORD03061,2024-06-19,CST0506,STR022,PRD0042,Mainan Edukasi Kayu,Perlengkapan Bayi & Anak,3,79100.0,,23700.0,213500.0,QRIS,delivered,Jakarta
ORD01598,2023-10-25,CST0738,STR024,PRD0032,Charger Fast Charging,Elektronik & Aksesori,1,68600.0,15.0,10300.0,58300.0,Transfer BCA,delivered,Bogor
ORD02730,2023-06-27,CST0234,STR004,PRD0004,Celana Chino Pria,Fashion & Pakaian,1,160300.0,,0.0,160300.0,,delivered,Jakarta
ORD02626,2023-02-17,CST0587,STR038,PRD0045,Buku Mewarnai + Crayon,Perlengkapan Bayi & Anak,5,32400.0,0.0,0.0,162200.0,Dana,cancelled,Semarang
ORD03158,2024-04-03,CST0866,STR037,PRD0055,Gantungan Kunci Batik,Kerajinan & Souvenir,1,13900.0,0.0,0.0,13900.0,Dana,delivered,Depok
ORD03315,2023-01-07,CST0217,STR027,PRD0023,Shampo Kemiri Organik,Kecantikan & Perawatan,1,78500.0,0.0,0.0,78500.0,LinkAja,delivered,Depok
ORD01723,2024-05-05,CST0692,STR001,PRD0023,Shampo Kemiri Organik,Kecantikan & Perawatan,1,70300.0,0.0,0.0,70300.0,Dana,delivered,Surabaya
ORD05280,2024-03-02,CST0270,STR003,PRD0041,Baju Bayi Newborn Set,Perlengkapan Bayi & Anak,2,128500.0,10.0,25700.0,231200.0,OVO,cancelled,Depok
ORD01060,2023-04-07,CST0672,STR031,PRD0016,Rendang Kemasan Vacuum,Makanan & Minuman,1,133500.0,0.0,0.0,133500.0,Transfer Mandiri,processing,Palembang
ORD04637,2024-06-03,CST0349,STR005,PRD0038,Talenan Kayu Jati,Rumah Tangga,1,92700.0,5.0,4600.0,88100.0,COD,cancelled,Medan
ORD03243,2023-03-04,CST0740,STR018,PRD0037,Botol Minum Tumbler,Rumah Tangga,3,82900.0,0.0,0.0,248600.0,Indomaret,delivered,Makassar
ORD01679,2023-01-13,CST0161,STR044,PRD0043,Tas Sekolah Anak SD,Perlengkapan Bayi & Anak,10,117600.0,0.0,0.0,1175900.0,Transfer BCA,processing,Tangerang
ORD01758,2023-05-21,CST0403,STR025,PRD0031,Casing HP Anti Crack,Elektronik & Aksesori,1,30600.0,5.0,1500.0,29100.0,COD,processing,Tangerang
ORD04192,2024-07-01,CST0490,STR021,PRD0035,Lap Microfiber Set 3pcs,Rumah Tangga,3,34400.0,0.0,0.0,103300.0,,processing,Depok
ORD05117,2024-06-13,CST0266,STR020,PRD0043,Tas Sekolah Anak SD,Perlengkapan Bayi & Anak,1,105300.0,0.0,0.0,105300.0,GoPay,processing,Bandung
ORD00564,2023-05-04,CST0114,STR020,PRD0040,Lilin Aromaterapi,Rumah Tangga,1,62200.0,5.0,3100.0,59100.0,,cancelled,Bandung
ORD02791,2023-06-15,CST0383,STR032,PRD0001,Batik Tulis Premium,Fashion & Pakaian,2,297000.0,0.0,0.0,594100.0,OVO,delivered,Bogor
ORD00864,2023-12-18,CST0766,STR035,PRD0033,Tempat Makan Tupperware KW,Rumah Tangga,1,52900.0,10.0,5300.0,47600.0,COD,processing,Surabaya
ORD01485,2024-09-20,CST0112,STR041,PRD0028,Holder HP Mobil,Elektronik & Aksesori,3,54900.0,5.0,8200.0,156600.0,QRIS,delivered,Semarang
ORD05135,2024-08-28,CST0781,STR026,PRD0037,Botol Minum Tumbler,Rumah Tangga,3,86000.0,20.0,51600.0,206400.0,Transfer BCA,processing,Bandung
ORD00207,2023-03-26,CST0726,STR007,PRD0005,Dress Casual Wanita,Fashion & Pakaian,1,157400.0,15.0,23600.0,133800.0,LinkAja,delivered,Bogor
ORD04489,2024-01-22,CST0608,STR027,PRD0035,Lap Microfiber Set 3pcs,Rumah Tangga,1,31200.0,5.0,1600.0,29600.0,Transfer BCA,processing,Depok
ORD00871,2024-09-13,CST0210,STR023,PRD0053,Tas Anyaman Pandan,Kerajinan & Souvenir,1,92500.0,0.0,0.0,92500.0,ShopeePay,returned,Palembang
ORD04494,2023-12-11,CST0293,STR035,PRD0041,Baju Bayi Newborn Set,Perlengkapan Bayi & Anak,1,132000.0,0.0,0.0,132000.0,COD,delivered,Surabaya
ORD00503,2023-07-24,CST0862,STR025,PRD0012,Teh Herbal Jahe Merah,Makanan & Minuman,1,41900.0,15.0,6300.0,35600.0,Transfer Mandiri,delivered,
ORD01029,2023-01-06,CST0269,STR004,PRD0038,Talenan Kayu Jati,Rumah Tangga,5,94600.0,0.0,0.0,472900.0,GoPay,delivered,Jakarta
ORD03841,2023-03-01,CST0196,STR010,PRD0034,Sapu Lantai Ijuk,Rumah Tangga,1,23500.0,0.0,0.0,23500.0,QRIS,returned,Palembang
ORD02691,2024-09-18,CST0831,STR028,PRD0015,Dodol Garut Premium,Makanan & Minuman,1,49000.0,5.0,2400.0,46500.0,Transfer BRI,delivered,Palembang
ORD05057,2024-01-18,CST0951,STR001,PRD0054,Lukisan Kanvas UMKM,Kerajinan & Souvenir,1,188600.0,0.0,0.0,188600.0,OVO,processing,Surabaya
ORD01571,2023-12-30,CST0722,STR026,PRD0027,Earphone Bluetooth TWS,Elektronik & Aksesori,1,145700.0,0.0,0.0,145700.0,OVO,delivered,Bandung
ORD02774,2024-01-17,CST0060,STR009,PRD0046,Botol Susu Anti-Kolik,Perlengkapan Bayi & Anak,3,99900.0,20.0,60000.0,239800.0,OVO,processing,
ORD02732,2023-08-10,CST0511,STR034,PRD0008,Sandal Kulit Handmade,Fashion & Pakaian,1,166000.0,15.0,24900.0,141100.0,GoPay,delivered,Depok
ORD00805,2024-07-02,CST0013,STR041,PRD0043,Tas Sekolah Anak SD,Perlengkapan Bayi & Anak,1,116600.0,0.0,0.0,116600.0,Indomaret,processing,Semarang
ORD03646,2023-03-23,CST0805,STR001,PRD0044,Sepatu Anak Velcro,Perlengkapan Bayi & Anak,1,97700.0,0.0,0.0,97700.0,OVO,processing,Surabaya
ORD02455,2024-03-22,CST0498,STR028,PRD0002,Kaos Polos Cotton Combed,Fashion & Pakaian,2,53100.0,0.0,0.0,106300.0,,delivered,Palembang
ORD04599,2023-10-26,CST0340,STR019,PRD0041,Baju Bayi Newborn Set,Perlengkapan Bayi & Anak,3,125800.0,0.0,0.0,377400.0,GoPay,returned,Surabaya
ORD03105,2024-09-10,CST0201,STR038,PRD0024,Parfum Roll-On Halal,Kecantikan & Perawatan,1,451000.0,5.0,2300.0,42800.0,COD,cancelled,Semarang
ORD04876,2023-06-12,CST0223,STR042,PRD0014,Madu Hutan Asli 500ml,Makanan & Minuman,1,188800.0,0.0,0.0,188800.0,LinkAja,returned,Bogor
ORD00201,2024-10-07,CST0141,STR037,PRD0038,Talenan Kayu Jati,Rumah Tangga,3,96100.0,0.0,0.0,288400.0,Indomaret,returned,Depok
ORD03100,2024-12-02,CST0838,STR016,PRD0048,Tali Skipping Premium,Olahraga & Outdoor,2,61300.0,15.0,18400.0,104200.0,Dana,returned,Medan
ORD02279,2023-02-12,CST0730,STR039,PRD0023,Shampo Kemiri Organik,Kecantikan & Perawatan,1,77400.0,5.0,3900.0,73600.0,Alfamart,delivered,Bandung
ORD03562,2023-04-06,CST0236,STR017,PRD0006,Jaket Bomber,Fashion & Pakaian,1,315700.0,5.0,15800.0,299900.0,COD,returned,Tangerang
ORD04475,2024-04-25,CST0764,STR035,PRD0054,Lukisan Kanvas UMKM,Kerajinan & Souvenir,3,193200.0,0.0,0.0,579700.0,,delivered,Surabaya
ORD04515,2023-01-23,CST0891,STR022,PRD0049,Matras Yoga 6mm,Olahraga & Outdoor,1,153300.0,15.0,23000.0,130300.0,Transfer BRI,delivered,Jakarta
ORD00392,2023-12-14,CST0567,STR013,PRD0024,Parfum Roll-On Halal,Kecantikan & Perawatan,1,40300.0,20.0,8100.0,32300.0,shopeepay,cancelled,Depok
ORD05259,2024-09-06,CST0137,STR018,PRD0055,Gantungan Kunci Batik,Kerajinan & Souvenir,2,12000.0,15.0,3600.0,20400.0,Alfamart,delivered,Makassar
ORD01496,2023-12-16,CST0123,STR049,PRD0052,Gelang Batok Kelapa,Kerajinan & Souvenir,4,25200.0,5.0,5000.0,95700.0,Indomaret,delivered,Makassar
ORD02696,2024-08-11,CST0974,STR049,PRD0038,Talenan Kayu Jati,Rumah Tangga,4,94700.0,0.0,0.0,378900.0,COD,processing,Makassar
ORD02028,2023-03-28,CST0085,STR016,PRD0050,Botol Infuser Air,Olahraga & Outdoor,3,58900.0,0.0,0.0,176700.0,OVO,cancelled,Medan
ORD05249,2023-06-19,CST0595,STR037,PRD0027,Earphone Bluetooth TWS,Elektronik & Aksesori,5,143700.0,20.0,143700.0,574800.0,Transfer BCA,delivered,Depok
ORD05464,2024-01-06,CST0371,STR012,PRD0029,Lampu LED Ring Light,Elektronik & Aksesori,3,170100.0,5.0,25500.0,484900.0,,returned,Depok
ORD02569,2023-03-09,CST0284,STR024,PRD0050,Botol Infuser Air,Olahraga & Outdoor,2,67700.0,0.0,0.0,135400.0,QRIS,processing,Bogor
ORD00065,2024-10-30,CST0981,STR020,PRD0027,Earphone Bluetooth TWS,Elektronik & Aksesori,4,159700.0,10.0,63900.0,575100.0,Indomaret,cancelled,Bandung
ORD03885,2023-12-01,CST0156,STR028,PRD0010,Sambal Bawang Homemade,Makanan & Minuman,2,36300.0,0.0,0.0,72600.0,Indomaret,delivered,Palembang
ORD02063,2024-07-14,CST0100,STR009,PRD0009,Keripik Tempe Renceng,Makanan & Minuman,5,14200.0,20.0,14200.0,56900.0,COD,delivered,Medan
ORD05277,2023-10-23,CST0860,STR032,PRD0014,Madu Hutan Asli 500ml,Makanan & Minuman,3,186300.0,0.0,0.0,558900.0,,cancelled,Bogor
ORD00493,2024-05-22,CST0068,STR009,PRD0001,Batik Tulis Premium,Fashion & Pakaian,3,321200.0,5.0,48200.0,915500.0,LinkAja,delivered,Medan
ORD00380,2024-05-18,CST0328,STR017,PRD0042,Mainan Edukasi Kayu,Perlengkapan Bayi & Anak,2,76700.0,0.0,0.0,153400.0,OVO,returned,Tangerang
ORD04860,2023/11/06,CST0643,STR002,PRD0024,Parfum Roll-On Halal,Kecantikan & Perawatan,3,43800.0,0.0,0.0,131300.0,COD,processing,Medan
ORD03994,2023-04-27,CST0978,STR036,PRD0034,Sapu Lantai Ijuk,Rumah Tangga,2,26200.0,25.0,13100.0,39300.0,Transfer BRI,processing,Tangerang
ORD04888,2023-10-08,CST0827,STR011,PRD0054,Lukisan Kanvas UMKM,Kerajinan & Souvenir,3,196100.0,0.0,0.0,588200.0,Dana,delivered,Bogor
ORD01077,2023-03-30,CST0901,STR046,PRD0016,Rendang Kemasan Vacuum,Makanan & Minuman,3,117600.0,10.0,35300.0,317400.0,Transfer BRI,returned,Medan
ORD00879,2024-10-02,CST0146,STR003,PRD0032,Charger Fast Charging,Elektronik & Aksesori,4,76600.0,0.0,0.0,306500.0,LinkAja,delivered,Depok
ORD00338,2023-12-31,CST0488,STR032,PRD0032,Charger Fast Charging,Elektronik & Aksesori,1,69300.0,10.0,6900.0,62400.0,OVO,returned,Bogor
ORD01017,2024-06-23,CST0071,STR009,PRD0022,Body Lotion Bengkoang,Kecantikan&Perawatan,1,53600.0,10.0,5400.0,48200.0,Indomaret,delivered,Medan
ORD01276,2023-05-27,CST0896,STR022,PRD0008,Sandal Kulit Handmade,Fashion & Pakaian,1,164700.0,0.0,0.0,164700.0,GoPay,delivered,Jakarta
ORD03799,2024-05-11,CST0221,STR033,PRD0043,Tas Sekolah Anak SD,Perlengkapan Bayi & Anak,2,107500.0,15.0,32200.0,182700.0,ShopeePay,delivered,Depok
ORD04552,2023-05-20,CST0455,STR012,PRD0011,Kopi Arabika Toraja 250gr,Makanan & Minuman,1,81100.0,15.0,12200.0,69000.0,COD,returned,Depok
ORD03343,2024-03-03,CST0804,STR031,PRD0005,Dress Casual Wanita,Fashion & Pakaian,1,156700.0,0.0,0.0,156700.0,Transfer Mandiri,delivered,Palembang
ORD04912,2023-10-07,CST0616,STR007,PRD0001,Batik Tulis Premium,Fashion & Pakaian,2,304300.0,25.0,152200.0,456500.0,QRIS,delivered,Bogor
ORD00996,2023-05-26,CST0155,STR041,PRD0053,Tas Anyaman Pandan,Kerajinan & Souvenir,1,105800.0,0.0,0.0,105800.0,Transfer Mandiri,delivered,Semarang
ORD01982,2024-02-26,CST0025,STR025,PRD0021,Sunscreen SPF50 Lokal,Kecantikan & Perawatan,5,86600.0,0.0,0.0,433100.0,OVO,processing,Tangerang
ORD04298,2023-05-31,CST0987,STR011,PRD0033,Tempat Makan Tupperware KW,Rumah Tangga,1,53600.0,15.0,8000.0,45600.0,Transfer BRI,returned,Bogor
ORD00162,2023-05-01,CST0016,STR044,PRD0050,Botol Infuser Air,Olahraga & Outdoor,1,58200.0,0.0,0.0,58200.0,QRIS,returned,Tangerang
ORD04799,2024-12-22,CST0104,STR009,PRD0001,Batik Tulis Premium,Fashion & Pakaian,-2,311400.0,0.0,0.0,622800.0,Transfer BCA,returned,Medan
ORD01501,2024-02-12,CST0997,STR036,PRD0039,Keranjang Rotan Mini,Rumah Tangga,4,127300.0,5.0,25500.0,483700.0,Dana,processing,Tangerang
ORD03844,2024-12-16,CST0533,STR009,PRD0038,Talenan Kayu Jati,Rumah Tangga,5,81000.0,5.0,20300.0,385000.0,QRIS,delivered,Medan
ORD05226,2023-07-10,CST0024,STR035,PRD0056,Topeng Kayu Dekorasi,Kerajinan & Souvenir,3,100000.0,5.0,15000.0,285000.0,COD,cancelled,Surabaya
ORD02614,2024-03-01,CST0596,STR034,PRD0008,Sandal Kulit Handmade,Fashion & Pakaian,4,147900.0,0.0,0.0,591700.0,LinkAja,delivered,Depok
ORD03462,2023-08-03,CST0069,STR027,PRD0035,Lap Microfiber Set 3pcs,Rumah Tangga,1,32800.0,5.0,1600.0,31200.0,LinkAja,delivered,Depok
ORD01022,2024-04-17,CST0922,STR040,PRD0046,Botol Susu Anti-Kolik,Perlengkapan Bayi & Anak,1,106200.0,5.0,5300.0,100900.0,COD,returned,Tangerang
ORD03074,2024-12-14,CST0689,STR012,PRD0046,Botol Susu Anti-Kolik,Perlengkapan Bayi & Anak,3,106900.0,,0.0,320600.0,Transfer BCA,delivered,Depok
ORD03944,2024-09-25,CST0039,STR019,PRD0039,Keranjang Rotan Mini,Rumah Tangga,1,109500.0,5.0,5500.0,104000.0,Transfer BRI,returned,Surabaya
ORD01586,2024-11-01,CST0719,STR004,PRD0001,Batik Tulis Premium,Fashion & Pakaian,1,317100.0,5.0,15900.0,301200.0,cod,returned,Jakarta
ORD01956,2023-08-21,CST0796,STR020,PRD0037,Botol Minum Tumbler,Rumah Tangga,4,91400.0,15.0,54800.0,310800.0,COD,cancelled,Bandung
ORD03153,2023-04-03,CST0938,STR006,PRD0029,Lampu LED Ring Light,Elektronik & Aksesori,1,176200.0,5.0,8800.0,167400.0,Transfer BCA,returned,Depok
ORD00035,2024-07-21,CST0723,STR017,PRD0052,Gelang Batok Kelapa,Kerajinan & Souvenir,1,25400.0,5.0,1300.0,24100.0,LinkAja,returned,
ORD04015,2023-10-13,CST0490,STR037,PRD0028,Holder HP Mobil,Elektronik & Aksesori,10,56300.0,10.0,56300.0,506900.0,Dana,delivered,Depok
ORD00776,2024-02-05,CST0895,STR040,PRD0026,Kabel Data Type-C 1m,Elektronik & Aksesori,1,43700.0,0.0,0.0,43700.0,ShopeePay,processing,Tangerang
ORD02557,2023-01-05,CST0914,STR031,PRD0007,Sepatu Sneakers Lokal,Fashion & Pakaian,3,277000.0,5.0,41500.0,789400.0,OVO,returned,Palembang
ORD01479,2023-11-25,CST0418,STR029,PRD0037,Botol Minum Tumbler,Rumah Tangga,1,76800.0,0.0,0.0,76800.0,Transfer Mandiri,delivered,Bandung
ORD05487,2023-05-29,CST0414,STR048,PRD0049,Matras Yoga 6mm,Olahraga & Outdoor,1,159400.0,25.0,39900.0,119600.0,Transfer BCA,delivered,Surabaya
ORD01364,2023-08-04,CST0205,STR035,PRD0032,Charger Fast Charging,Elektronik & Aksesori,2,67600.0,,0.0,135300.0,Transfer BRI,delivered,Surabaya
ORD02613,2024-11-14,CST0425,STR041,PRD0007,Sepatu Sneakers Lokal,Fashion & Pakaian,5,281400.0,5.0,70400.0,1336700.0,ShopeePay,delivered,Semarang
ORD02825,2023-09-29,CST0916,STR039,PRD0032,Charger Fast Charging,Elektronik & Aksesori,1,65400.0,10.0,6500.0,58900.0,Indomaret,processing,
ORD02042,2023-06-01,CST0886,STR021,PRD0001,Batik Tulis Premium,Fashion & Pakaian,2,289700.0,10.0,57900.0,521500.0,COD,delivered,Depok
ORD00242,2023-04-20,CST0013,STR016,PRD0018,Masker Wajah Clay BPOM,Kecantikan & Perawatan,2,51300.0,0.0,0.0,102500.0,Indomaret,cancelled,Medan
ORD02062,2023-01-06,CST0606,STR030,PRD0002,Kaos Polos Cotton Combed,Fashion & Pakaian,1,51600.0,20.0,10300.0,41300.0,Indomaret,delivered,Surabaya
ORD02364,2024-09-08,CST0558,STR002,PRD0048,Tali Skipping Premium,Olahraga & Outdoor,2,55300.0,10.0,11100.0,99600.0,OVO,delivered,Medan
ORD00601,2024-06-16,CST0809,STR017,PRD0047,Kaos Olahraga Dryfit,Olahraga & Outdoor,3,86100.0,10.0,25800.0,232500.0,QRIS,cancelled,Tangerang
ORD02436,2023-05-17,CST0714,STR008,PRD0009,Keripik Tempe Renceng,Makanan & Minuman,4,13200.0,15.0,7900.0,44800.0,Indomaret,delivered,Palembang
ORD05394,2024-08-08,CST0787,STR024,PRD0003,Hijab Voal Motif,Fashion & Pakaian,1,63300.0,10.0,6300.0,57000.0,GoPay,delivered,Bogor
ORD02889,2023-03-17,CST0228,STR011,PRD0015,Dodol Garut Premium,Makanan & Minuman,4,43600.0,5.0,8700.0,165600.0,Indomaret,returned,Bogor
ORD00647,2023-11-06,CST0446,STR035,PRD0052,Gelang Batok Kelapa,Kerajinan & Souvenir,3,26500.0,15.0,11900.0,67700.0,,processing,Surabaya
ORD03891,2024-06-02,CST0055,STR019,PRD0029,Lampu LED Ring Light,Elektronik & Aksesori,1,166800.0,10.0,16700.0,150100.0,ShopeePay,processing,Surabaya
ORD03557,2023-08-02,CST0694,STR014,PRD0002,Kaos Polos Cotton Combed,Fashion & Pakaian,4,52100.0,0.0,0.0,208300.0,LinkAja,processing,Makassar
ORD03203,2023-10-10,CST0224,STR040,PRD0001,Batik Tulis Premium,Fashion & Pakaian,4,302700.0,20.0,242200.0,968600.0,ShopeePay,cancelled,Tangerang
ORD01529,2024-09-10,CST0148,STR026,PRD0042,Mainan Edukasi Kayu,Perlengkapan Bayi & Anak,2,77900.0,10.0,15600.0,140200.0,Transfer BCA,processing,Bandung
ORD01268,2024-10-01,CST0721,STR014,PRD0028,Holder HP Mobil,Elektronik & Aksesori,2,55600.0,0.0,0.0,111300.0,COD,delivered,Makassar
ORD01900,2024-01-15,CST0485,STR017,PRD0053,Tas Anyaman Pandan,Kerajinan & Souvenir,1,93400.0,15.0,14000.0,79400.0,Transfer Mandiri,cancelled,Tangerang
ORD04659,2024-10-22,CST0560,STR034,PRD0048,Tali Skipping Premium,Olahraga & Outdoor,1,53300.0,5.0,2700.0,50600.0,QRIS,returned,Depok
ORD03006,2023-10-01,CST0187,STR048,PRD0007,Sepatu Sneakers Lokal,Fashion & Pakaian,4,285100.0,15.0,171000.0,969200.0,Alfamart,returned,Surabaya
ORD02735,2023-10-27,CST0780,STR014,PRD0017,Skincare Serum Vit C Lokal,Kecantikan & Perawatan,1,105200.0,5.0,5300.0,99900.0,Alfamart,cancelled,Makassar
ORD00190,2024-02-20,CST0869,STR019,PRD0020,Lip Cream Matte Halal,Kecantikan & Perawatan,1,47900.0,10.0,4800.0,43100.0,Transfer Mandiri,delivered,Surabaya
ORD01807,2024-05-05,CST0531,STR016,PRD0022,Body Lotion Bengkoang,Kecantikan & Perawatan,2,55900.0,15.0,16800.0,95000.0,Indomaret,processing,Medan
ORD00976,2023-04-17,CST0280,STR032,PRD0011,Kopi Arabika Toraja 250gr,Makanan & Minuman,1,75200.0,20.0,15000.0,60200.0,OVO,cancelled,Bogor
ORD02748,2024-10-06,CST0535,STR017,PRD0035,Lap Microfiber Set 3pcs,Rumah Tangga,5,32800.0,0.0,0.0,163800.0,QRIS,returned,Tangerang
ORD02048,2023-06-03,CST0204,STR003,PRD0010,Sambal Bawang Homemade,Makanan & Minuman,10,33200.0,10.0,33200.0,298900.0,COD,processing,Depok
ORD02559,2024-08-25,CST0706,STR037,PRD0048,Tali Skipping Premium,Olahraga & Outdoor,4,56900.0,5.0,11400.0,216100.0,Transfer Mandiri,delivered,Depok
ORD01083,2023-07-07,CST0041,STR043,PRD0036,Gantungan Baju Kayu,Rumah Tangga,1,21500.0,5.0,1100.0,20400.0,Dana,returned,Surabaya
ORD00475,2023-06-02,CST0101,STR006,PRD0017,Skincare Serum Vit C Lokal,Kecantikan & Perawatan,10,111600.0,0.0,0.0,1115600.0,ShopeePay,returned,Depok
ORD02905,2024-12-07,CST0593,STR049,PRD0032,Charger Fast Charging,Elektronik & Aksesori,2,76700.0,15.0,23000.0,130300.0,COD,processing,Makassar
ORD04844,2023-11-17,CST0911,STR020,PRD0022,Body Lotion Bengkoang,Kecantikan & Perawatan,1,56500.0,15.0,8500.0,48100.0,Dana,delivered,Bandung
ORD04118,2024-12-26,CST0616,STR034,PRD0024,Parfum Roll-On Halal,Kecantikan & Perawatan,2,43800.0,10.0,8800.0,78900.0,Transfer BCA,cancelled,Depok
ORD03386,2024-08-03,CST0347,STR009,PRD0035,Lap Microfiber Set 3pcs,Rumah Tangga,1,33400.0,20.0,6700.0,26800.0,Alfamart,processing,Medan
ORD04556,2023-08-25,CST0909,STR025,PRD0037,Botol Minum Tumbler,Rumah Tangga,2,80200.0,10.0,16000.0,144400.0,Transfer Mandiri,processing,Tangerang
ORD01185,2024-08-12,CST0586,STR035,PRD0040,Lilin Aromaterapi,Rumah Tangga,1,62200.0,0.0,0.0,62200.0,Transfer BCA,delivered,Surabaya
ORD05052,2023-01-01,CST0587,STR036,PRD0002,Kaos Polos Cotton Combed,Fashion & Pakaian,3,44900.0,5.0,6700.0,128100.0,Transfer Mandiri,delivered,Tangerang
ORD05312,2024-08-31,CST0741,STR004,PRD0003,Hijab Voal Motif,Fashion & Pakaian,3,60600.0,0.0,0.0,181700.0,Alfamart,returned,Jakarta
ORD02434,2024-08-16,CST0399,STR046,PRD0001,Batik Tulis Premium,Fashion & Pakaian,2,320600.0,5.0,32100.0,609200.0,Dana,processing,Medan
ORD02392,2023-06-15,CST0034,STR029,PRD0049,Matras Yoga 6mm,Olahraga & Outdoor,1,169500.0,0.0,0.0,169500.0,Transfer BRI,delivered,Bandung
ORD00770,2024-12-20,CST0015,STR031,PRD0045,Buku Mewarnai + Crayon,Perlengkapan Bayi & Anak,1,30600.0,5.0,1500.0,29000.0,,delivered,Palembang
ORD01686,2024-01-10,CST0536,STR013,PRD0016,Rendang Kemasan Vacuum,Makanan & Minuman,1,133200.0,10.0,13300.0,119800.0,Dana,delivered,Depok
ORD00131,2023-07-01,CST0313,STR024,PRD0026,Kabel Data Type-C 1m,Elektronik & Aksesori,5,43900.0,0.0,0.0,219500.0,GoPay,delivered,Bogor
ORD02920,2024-12-14,CST0326,STR015,PRD0043,Tas Sekolah Anak SD,Perlengkapan Bayi & Anak,2,123500.0,10.0,24700.0,222400.0,ShopeePay,delivered,Jakarta
ORD03172,04/07/2023,CST0689,STR005,PRD0035,Lap Microfiber Set 3pcs,Rumah Tangga,3,35000.0,0.0,0.0,105100.0,COD,cancelled,Medan
ORD03445,2023-04-12,CST0276,STR003,PRD0036,Gantungan Baju Kayu,Rumah Tangga,2,19500.0,0.0,0.0,39100.0,Transfer Mandiri,processing,Depok
ORD00771,2023-10-08,CST0278,STR023,PRD0006,Jaket Bomber,Fashion & Pakaian,10,316300.0,5.0,158100.0,3004600.0,ShopeePay,cancelled,Palembang
ORD04427,2023-01-20,CST0026,STR028,PRD0036,Gantungan Baju Kayu,Rumah Tangga,1,21400.0,10.0,2100.0,19300.0,Indomaret,returned,Palembang
ORD05335,2023-09-13,CST0558,STR039,PRD0003,Hijab Voal Motif,Fashion & Pakaian,1,64200.0,0.0,0.0,64200.0,COD,delivered,Bandung
ORD00467,2024-02-02,CST0016,STR016,PRD0017,Skincare Serum Vit C Lokal,Kecantikan & Perawatan,3,103400.0,10.0,31000.0,279100.0,Indomaret,delivered,Medan
ORD03093,2024-03-08,CST0192,STR049,PRD0056,Topeng Kayu Dekorasi,Kerajinan & Souvenir,3,109200.0,0.0,0.0,327600.0,OVO,cancelled,Makassar
ORD03773,2024-03-21,CST0687,STR015,PRD0028,Holder HP Mobil,Elektronik & Aksesori,4,60600.0,0.0,0.0,242600.0,Transfer BCA,cancelled,Jakarta
ORD05192,2024-07-19,CST0322,STR021,PRD0047,Kaos Olahraga Dryfit,Olahraga & Outdoor,3,84900.0,10.0,25500.0,229400.0,Transfer BRI,delivered,Depok
ORD05227,2023-12-09,CST0172,STR042,PRD0020,Lip Cream Matte Halal,Kecantikan & Perawatan,2,47200.0,5.0,4700.0,89700.0,Indomaret,processing,Bogor
ORD05391,2024-11-04,CST0299,STR008,PRD0020,Lip Cream Matte Halal,Kecantikan & Perawatan,1,49600.0,20.0,9900.0,39700.0,OVO,returned,Palembang
ORD00861,2024-09-11,CST0478,STR015,PRD0029,Lampu LED Ring Light,Elektronik & Aksesori,1,178500.0,0.0,0.0,178500.0,Transfer BRI,delivered,Jakarta
